name,latitude,longitude,timestamp,pm25,pm10,co,no2,o3
Kyiv,50.4501,30.5234,2024-11-24 11:21:48.995285,27.483570765056164,35.83158286170111,0.7075260872625265,16.980372304161076,49.978337448919824
Kyiv,50.4501,30.5234,2024-11-25 11:21:48.995285,24.480812055702422,36.612628350518015,0.43452388942221015,23.50570246416631,55.80779312236432
Kyiv,50.4501,30.5234,2024-11-26 11:21:48.995285,28.58265880673092,42.41211914967902,0.6804807026410741,24.123453260133324,43.549939470022096
Kyiv,50.4501,30.5234,2024-11-27 11:21:48.995285,33.13134595427267,51.08943166103584,0.5301150117909156,19.903892755143033,39.85831191474687
Kyiv,50.4501,30.5234,2024-11-28 11:21:48.995285,24.51725739440652,40.473798281500464,0.4486186849990191,13.978447436985816,43.704564644437546
Kyiv,50.4501,30.5234,2024-11-29 11:21:48.995285,24.688963202628564,39.286574863038354,0.46880437634205707,18.606358032403936,45.72774911043088
Kyiv,50.4501,30.5234,2024-11-30 11:21:48.995285,33.9270810520113,50.35284419690729,0.4885856086700549,24.4064921269205,39.943187333925565
Kyiv,50.4501,30.5234,2024-12-01 11:21:48.995285,30.03925409475807,42.84582932465377,0.5664582036200622,20.532436037600117,50.7791774530519
Kyiv,50.4501,30.5234,2024-12-02 11:21:48.995285,24.02541579145789,41.184843293686555,0.5797393032262028,17.68848716368159,43.20953537765598
Kyiv,50.4501,30.5234,2024-12-03 11:21:48.995285,29.255888424572632,44.00226950488793,0.4734917637389983,19.257219339636755,44.803347755421186
Kyiv,50.4501,30.5234,2024-12-04 11:21:48.995285,24.395842977752462,36.62162305045458,0.5318231696101972,23.378325800421045,45.899018422994466
Kyiv,50.4501,30.5234,2024-12-05 11:21:48.995285,24.55361833058116,36.78217732165173,0.7518723778298353,22.58133425382036,44.93133370072094
Kyiv,50.4501,30.5234,2024-12-06 11:21:48.995285,28.26085635651636,42.78745405631025,0.713775216983795,20.308726201834013,47.271270000377356
Kyiv,50.4501,30.5234,2024-12-07 11:21:48.995285,17.652813906752662,26.190500036281108,0.5880166695682364,20.009134329576764,40.242556762327865
Kyiv,50.4501,30.5234,2024-12-08 11:21:48.995285,18.762138497494334,26.99588373248103,0.5515349010180101,20.018089382898285,40.7885827203591
Kyiv,50.4501,30.5234,2024-12-09 11:21:48.995285,24.742095304957004,36.019425074954725,0.5630737916950636,18.509535922085426,38.32952826188433
Kyiv,50.4501,30.5234,2024-12-10 11:21:48.995285,22.655425973668937,33.917632420071406,0.6157434287798628,26.20591785607885,46.27687851611272
Kyiv,50.4501,30.5234,2024-12-11 11:21:48.995285,29.456060991782458,43.097241945406154,0.45541723005628126,20.475450756769025,48.2219190107697
Kyiv,50.4501,30.5234,2024-12-12 11:21:48.995285,23.509091868956837,33.83794623808093,0.5352465911889234,25.176081685757932,46.86268270060376
Kyiv,50.4501,30.5234,2024-12-13 11:21:48.995285,21.151178110247187,31.939627620754575,0.39739552495071395,26.170296464229175,53.19150709212316
Kyiv,50.4501,30.5234,2024-12-14 11:21:48.995285,35.703472840548905,53.04525482598165,0.6074268921793505,24.68254719241445,45.034863399766465
Kyiv,50.4501,30.5234,2024-12-15 11:21:48.995285,27.407879719331035,44.11980555616193,0.6354548184055484,20.473519672727715,48.64885011060814
Kyiv,50.4501,30.5234,2024-12-16 11:21:48.995285,29.03488645234635,38.250390061733505,0.5256262623481972,23.059812985463196,40.08736376266352
Kyiv,50.4501,30.5234,2024-12-17 11:21:48.995285,21.73289313136879,34.7823534008981,0.7345313575777247,21.855730212045287,43.8494525812821
Kyiv,50.4501,30.5234,2024-12-18 11:21:48.995285,26.29296626943382,41.931619789145984,0.4577210315409605,57.88900309151845,49.50000862591848
Kyiv,50.4501,30.5234,2024-12-19 11:21:48.995285,29.7265489746725,40.44304299719245,0.4370012325014814,23.059045858226394,50.50341459290047
Kyiv,50.4501,30.5234,2024-12-20 11:21:48.995285,23.5727880383928,34.6738068694285,0.6090003003660834,18.62675858927275,45.02179914993555
Kyiv,50.4501,30.5234,2024-12-21 11:21:48.995285,31.360783509132467,46.298293531707124,0.6943556986092976,25.804184874086744,46.36544386681583
Kyiv,50.4501,30.5234,2024-12-22 11:21:48.995285,26.632309259434482,37.13344049971608,0.761102823326357,20.923899462619076,39.363885330138714
Kyiv,50.4501,30.5234,2024-12-23 11:21:48.995285,28.3288696521915,40.9376711031055,0.5498583417362637,22.99714816819746,45.39586159770378
Kyiv,50.4501,30.5234,2024-12-24 11:21:48.995285,26.929222440452786,38.17268196974752,0.706623193375125,23.318741365438314,51.85854906999859
Kyiv,50.4501,30.5234,2024-12-25 11:21:48.995285,39.34810036106573,62.526691428445844,0.5978833418203501,65.29991939444487,50.5060892383144
Kyiv,50.4501,30.5234,2024-12-26 11:21:48.995285,30.166669949965833,47.12136171124367,0.5874203914790281,24.37715944125358,50.3545627173893
Kyiv,50.4501,30.5234,2024-12-27 11:21:48.995285,25.091497070603495,40.18035579589356,0.6959670280563272,21.265314887823926,48.318946008979296
Kyiv,50.4501,30.5234,2024-12-28 11:21:48.995285,34.63707769219214,53.398960666374684,0.6757193504748659,25.37606845820983,48.32184549065518
Kyiv,50.4501,30.5234,2024-12-29 11:21:48.995285,24.562799313056065,34.586095427149644,0.4557011355597985,18.795569740715344,45.198920646999525
Kyiv,50.4501,30.5234,2024-12-30 11:21:48.995285,31.852320709561784,46.72944053178313,0.7638140896633497,23.283140105908238,52.20614620281968
Kyiv,50.4501,30.5234,2024-12-31 11:21:48.995285,21.148916250208757,32.70212349776897,0.7569544728068979,28.79042043197867,51.02576502635839
Kyiv,50.4501,30.5234,2025-01-01 11:21:48.995285,24.44383845665911,34.221502067204774,0.5591391038720723,20.041390376758905,51.587247291690886
Kyiv,50.4501,30.5234,2025-01-02 11:21:48.995285,32.204773663754295,49.73315735597622,0.6639897030319144,21.076998830629783,46.700527013275114
Kyiv,50.4501,30.5234,2025-01-03 11:21:48.995285,35.046655908878826,52.089333067001974,0.6764894788063094,24.71888505342763,38.764769913996446
Kyiv,50.4501,30.5234,2025-01-04 11:21:48.995285,32.343137016299664,47.7650639093503,0.6557932887893869,23.7818931509937,55.215206974293196
Kyiv,50.4501,30.5234,2025-01-05 11:21:48.995285,31.038104770481578,47.979077092129344,0.5772964082639136,24.360063389032067,47.530331993592156
Kyiv,50.4501,30.5234,2025-01-06 11:21:48.995285,30.23891771038301,46.2469031885466,0.567726386972784,24.839779484607718,45.802775462278575
Kyiv,50.4501,30.5234,2025-01-07 11:21:48.995285,24.47791772039953,35.99494424896114,0.6348551463455889,25.339428241803645,53.77318606792497
Kyiv,50.4501,30.5234,2025-01-08 11:21:48.995285,28.39536222854293,44.91170294954289,0.7571645673362659,26.826391161126907,48.53181170617906
Kyiv,50.4501,30.5234,2025-01-09 11:21:48.995285,29.813372368018808,42.55793189682842,0.6966913399157981,24.78773908219441,55.974531254459734
Kyiv,50.4501,30.5234,2025-01-10 11:21:48.995285,37.5220515140537,57.514948484969075,0.607667374450572,22.894447227623935,53.93969032232217
Kyiv,50.4501,30.5234,2025-01-11 11:21:48.995285,34.07226167748216,52.29459503216001,0.7242532756576316,25.69480621842812,54.449101960462166
Kyiv,50.4501,30.5234,2025-01-12 11:21:48.995285,23.654520100151885,34.862687271599846,0.3645401554763035,29.43450624316842,44.37480275944566
Kyiv,50.4501,30.5234,2025-01-13 11:21:48.995285,34.2034779317596,51.95748294212363,0.766537731732923,23.393627803245092,57.43430705411044
Kyiv,50.4501,30.5234,2025-01-14 11:21:48.995285,30.768736866757795,43.650878147366086,0.4799115874989776,20.923486220407764,52.84747505942835
Kyiv,50.4501,30.5234,2025-01-15 11:21:48.995285,29.41834850917796,45.97557680218074,0.6198150760738419,81.66816378964438,49.85805206983061
Kyiv,50.4501,30.5234,2025-01-16 11:21:48.995285,35.96783801177211,53.58195274477219,0.5462221418887411,23.593584791923092,52.581127188062915
Kyiv,50.4501,30.5234,2025-01-17 11:21:48.995285,38.16860849422652,56.2074667003017,0.5308040700628448,17.488796802831274,43.13924015812855
Kyiv,50.4501,30.5234,2025-01-18 11:21:48.995285,37.7717911856546,58.755705230155684,0.7783904905393242,26.59996032648807,54.21634994251377
Kyiv,50.4501,30.5234,2025-01-19 11:21:48.995285,29.01867791691095,42.119329494280905,0.6175251905292938,22.501398208650304,47.17529075862585
Kyiv,50.4501,30.5234,2025-01-20 11:21:48.995285,31.76564438440201,44.831543983875896,0.7008845134462331,23.884253284916557,45.70420796626944
Kyiv,50.4501,30.5234,2025-01-21 11:21:48.995285,35.0625012133626,49.4804934729961,0.6634316232389773,25.199033019879437,44.99748015342772
Kyiv,50.4501,30.5234,2025-01-22 11:21:48.995285,38.37589655088708,58.7758647290219,0.7176675010278177,24.82058449697484,58.31069824786254
Kyiv,50.4501,30.5234,2025-01-23 11:21:48.995285,31.19176839353158,44.2267938853048,0.6794349807611861,26.422175242796133,49.7351424056731
Kyiv,50.4501,30.5234,2025-01-24 11:21:48.995285,32.746268663976885,52.62899135993406,0.5451920485270625,23.030822661938455,60.68048387052645
Kyiv,50.4501,30.5234,2025-01-25 11:21:48.995285,28.22724218141229,38.177004456350986,0.7748050229735626,25.918775920249463,50.459368261902156
Kyiv,50.4501,30.5234,2025-01-26 11:21:48.995285,27.859641979030286,45.18237570512551,0.6274378436725415,23.641697516965067,44.724222861185716
Kyiv,50.4501,30.5234,2025-01-27 11:21:48.995285,37.98244257656648,57.39569879925495,0.5227380794259345,26.67633817496025,47.79709799714993
Kyiv,50.4501,30.5234,2025-01-28 11:21:48.995285,40.77750883937655,60.97283703532404,0.6371146578338573,26.34425680030038,59.673521144818345
Kyiv,50.4501,30.5234,2025-01-29 11:21:48.995285,33.71008752012469,49.47529310656913,0.8314787416239583,21.728752957879394,52.825716302356206
Kyiv,50.4501,30.5234,2025-01-30 11:21:48.995285,39.15894437131345,59.53668878567432,0.767847771848416,27.828586289451763,50.970483340327
Kyiv,50.4501,30.5234,2025-01-31 11:21:48.995285,36.01789300240452,53.95157009875708,0.649329044102541,22.99696610324103,54.61466044501346
Kyiv,50.4501,30.5234,2025-02-01 11:21:48.995285,31.049818062766345,48.78133085818256,0.6505825662839965,27.06188181273942,56.42203893452567
Kyiv,50.4501,30.5234,2025-02-02 11:21:48.995285,36.145350315771324,54.44648077098107,0.6546039406428468,25.771048084318647,59.59455251185618
Kyiv,50.4501,30.5234,2025-02-03 11:21:48.995285,42.0887434117488,63.433718640546964,0.8956460099444632,30.213831320094847,61.34033701859306
Kyiv,50.4501,30.5234,2025-02-04 11:21:48.995285,34.276833678721665,50.68802609365479,0.7273128227085839,24.057583990020156,52.38510258246171
Kyiv,50.4501,30.5234,2025-02-05 11:21:48.995285,42.33378344202157,63.38678391559022,0.7332154679781376,23.707332193121175,47.63560931401712
Kyiv,50.4501,30.5234,2025-02-06 11:21:48.995285,21.46362274547033,32.811037655989615,0.7942753107215654,24.72291531529633,52.276196593262206
Kyiv,50.4501,30.5234,2025-02-07 11:21:48.995285,38.720810360599124,54.66087875558543,0.7161048726771115,23.896109570858677,55.718349290998944
Kyiv,50.4501,30.5234,2025-02-08 11:21:48.995285,35.0926347177394,49.94258123239767,0.6672437729489007,27.228525394100423,49.66730443376977
Kyiv,50.4501,30.5234,2025-02-09 11:21:48.995285,33.20560246618574,51.29493188732404,0.6743777994618037,20.00138778394777,49.76520425329739
Kyiv,50.4501,30.5234,2025-02-10 11:21:48.995285,35.19980843440172,53.141443527858456,0.6876599650930778,21.70945501842304,56.330446235335735
Kyiv,50.4501,30.5234,2025-02-11 11:21:48.995285,24.84063884205211,36.89299159037281,0.6918474446501472,21.685832942790704,54.4244633647326
Kyiv,50.4501,30.5234,2025-02-12 11:21:48.995285,33.71470526352853,50.60892576142358,0.7690242484180199,27.757455127278774,54.88358203113208
Kyiv,50.4501,30.5234,2025-02-13 11:21:48.995285,36.63030102507965,55.640614948342815,0.7020893519311484,30.05420920150624,50.974630577781035
Kyiv,50.4501,30.5234,2025-02-14 11:21:48.995285,42.26296464764744,62.31492761085244,0.7707338962003553,24.623399556357516,53.65823806488096
Kyiv,50.4501,30.5234,2025-02-15 11:21:48.995285,32.307973859505296,46.90535133845332,0.6899148410066125,24.443197305866736,50.227821704968775
Kyiv,50.4501,30.5234,2025-02-16 11:21:48.995285,30.87975407971338,46.71132162976543,0.7063079609151955,25.171267536429202,59.33432519689292
Kyiv,50.4501,30.5234,2025-02-17 11:21:48.995285,32.43339385101684,46.693345221295196,0.49902351292557967,28.456724442294334,60.08951527702804
Kyiv,50.4501,30.5234,2025-02-18 11:21:48.995285,39.53620054998216,60.12080633640218,0.790816566699684,22.197535578164175,45.70784563101722
Kyiv,50.4501,30.5234,2025-02-19 11:21:48.995285,36.617005279379974,51.520340710594276,0.7341138422114304,25.70173181374513,50.312320295660285
Kyiv,50.4501,30.5234,2025-02-20 11:21:48.995285,32.33555319272045,50.561641063731955,0.7994880952170782,27.91776999512511,47.493885041883075
Kyiv,50.4501,30.5234,2025-02-21 11:21:48.995285,37.55883727796361,57.2834508817715,0.41022446442856775,26.49953256601795,51.73863049656076
Kyiv,50.4501,30.5234,2025-02-22 11:21:48.995285,35.48307276653911,53.73666861843642,0.9087911708740509,25.567587359695683,54.579337680746555
Kyiv,50.4501,30.5234,2025-02-23 11:21:48.995285,39.84313235002635,61.730080492930554,0.6860391851317207,28.003091976382375,47.7516349975502
Kyiv,50.4501,30.5234,2025-02-24 11:21:48.995285,31.488901117160612,50.56430056466607,0.8108016134046993,16.889886414275978,50.389450814194504
Kyiv,50.4501,30.5234,2025-02-25 11:21:48.995285,33.357152073884734,52.06446824086336,0.5959186634249184,27.03135736202951,49.97340734990287
Kyiv,50.4501,30.5234,2025-02-26 11:21:48.995285,33.02825639018955,45.86063612262103,0.7610533336232637,23.032171528542897,56.01953238077022
Kyiv,50.4501,30.5234,2025-02-27 11:21:48.995285,27.661596867993328,38.933241368518594,0.5942418758557129,19.49768711375759,55.315479098162136
Kyiv,50.4501,30.5234,2025-02-28 11:21:48.995285,36.44719040286458,53.42114844890551,0.6369548842812536,26.51690230734579,51.34119575962629
Kyiv,50.4501,30.5234,2025-03-01 11:21:48.995285,36.256329471906426,54.43667630828131,0.8904241976068181,29.09650219099236,55.81068402720745
Kyiv,50.4501,30.5234,2025-03-02 11:21:48.995285,34.95813577588645,53.472521704767914,0.6795831297771482,24.553938702453998,52.16545231607489
Kyiv,50.4501,30.5234,2025-03-03 11:21:48.995285,33.73820497305881,49.155819833281285,0.7199661001166632,27.814193961576088,53.50843540827156
Kyiv,50.4501,30.5234,2025-03-04 11:21:48.995285,27.809922192071337,42.08841681706116,0.7847422911153435,29.78022272512764,63.19742430497779
Kyiv,50.4501,30.5234,2025-03-05 11:21:48.995285,32.756254885811515,47.623616464010624,0.7467578187900266,28.874484110571295,61.49152750840919
Kyiv,50.4501,30.5234,2025-03-06 11:21:48.995285,33.115692937165974,48.450503799765066,0.7116272009103541,29.834526348014087,48.245992095061744
Kyiv,50.4501,30.5234,2025-03-07 11:21:48.995285,30.7847505703468,43.36380366182376,0.7324188385757205,27.124450931443125,58.842867464078225
Kyiv,50.4501,30.5234,2025-03-08 11:21:48.995285,33.953676947993635,49.08404892976864,0.9355436686503013,25.10635366986662,58.69714103194349
Kyiv,50.4501,30.5234,2025-03-09 11:21:48.995285,36.74143625036331,52.40878516431229,0.6886617596224538,20.0546935474538,48.840456505672826
Kyiv,50.4501,30.5234,2025-03-10 11:21:48.995285,44.11030733629329,64.21371449848527,0.7136974612763096,24.101501450730474,58.61295496413526
Kyiv,50.4501,30.5234,2025-03-11 11:21:48.995285,35.507594549800686,55.368675417916705,0.7977595493135909,22.28761295687217,62.141717820525
Kyiv,50.4501,30.5234,2025-03-12 11:21:48.995285,35.874930123486784,51.913597407566286,0.8022961566932577,31.306417237429923,48.76804322358738
Kyiv,50.4501,30.5234,2025-03-13 11:21:48.995285,34.16458038747363,56.511634710885225,0.8094392298821272,24.24074754585522,49.71770084438536
Kyiv,50.4501,30.5234,2025-03-14 11:21:48.995285,24.889759723626504,38.32127538720154,2.2606360146160585,25.111422320414313,59.313731034400085
Kyiv,50.4501,30.5234,2025-03-15 11:21:48.995285,34.29504205665812,51.81223533237693,0.5742517374050358,26.368261845073505,55.49889370498455
Kyiv,50.4501,30.5234,2025-03-16 11:21:48.995285,34.66996451265945,50.28823120862675,0.850719422489196,74.44564221178355,56.81060157062909
Kyiv,50.4501,30.5234,2025-03-17 11:21:48.995285,46.62344987280622,71.33579456802731,0.571510246905727,29.738772776482154,55.663805047572176
Kyiv,50.4501,30.5234,2025-03-18 11:21:48.995285,33.281102398025325,48.77037794456244,0.715121690962522,22.75350552576211,55.817840437537114
Kyiv,50.4501,30.5234,2025-03-19 11:21:48.995285,35.683572972262,53.769379087683724,0.608089140209943,25.1717404960087,47.131393749335494
Kyiv,50.4501,30.5234,2025-03-20 11:21:48.995285,33.93248745241594,56.0189002551615,0.675707091359544,22.325611393376935,58.89565798452048
Kyiv,50.4501,30.5234,2025-03-21 11:21:48.995285,28.190167835149186,42.09313195327448,0.713547401495285,20.556711477961308,59.39828699700914
Kyiv,50.4501,30.5234,2025-03-22 11:21:48.995285,39.672506979924194,61.807307122457644,0.7113035796920091,22.64388918095869,52.2906356406835
Kyiv,50.4501,30.5234,2025-03-23 11:21:48.995285,37.6402383897288,55.05400473434142,0.719803539949427,24.32917622200223,53.10347509037309
Kyiv,50.4501,30.5234,2025-03-24 11:21:48.995285,37.75528177495059,56.56294568143196,0.8373735677005719,23.112154346315897,45.54464554682443
Kyiv,50.4501,30.5234,2025-03-25 11:21:48.995285,29.17012591311952,47.2967901409503,0.7196946938932625,22.28126865392504,55.646868560729
Kyiv,50.4501,30.5234,2025-03-26 11:21:48.995285,40.64539283517961,59.71415513719388,0.6482127620809174,20.096758249234053,55.80741912931939
Kyiv,50.4501,30.5234,2025-03-27 11:21:48.995285,26.533966383536864,43.42584669129916,0.7672731507788011,24.02229413086305,52.503877461250845
Kyiv,50.4501,30.5234,2025-03-28 11:21:48.995285,36.386776042531984,55.99566793470893,0.7879968603630768,19.71208416467231,58.300502659648465
Kyiv,50.4501,30.5234,2025-03-29 11:21:48.995285,44.311532923236264,65.34236583306587,1.6332729431100845,26.459795288161992,50.86849603637985
Kyiv,50.4501,30.5234,2025-03-30 11:21:48.995285,28.310860361585654,43.73110602048952,0.7250108467297678,24.379090252423058,55.21834261032665
Kyiv,50.4501,30.5234,2025-03-31 11:21:48.995285,30.3338918664453,47.44594669892141,0.7334248845202731,19.71003575883479,47.14974907822817
Kyiv,50.4501,30.5234,2025-04-01 11:21:48.995285,33.56305628864765,51.588204357405864,0.6315396389281898,23.104772500455134,51.97943844044298
Kyiv,50.4501,30.5234,2025-04-02 11:21:48.995285,30.444450367245164,42.52622611108683,0.7968072540876852,21.72444510214133,51.07097166722506
Kyiv,50.4501,30.5234,2025-04-03 11:21:48.995285,25.10318139545648,36.20049774153498,0.6421244123124903,24.885772806651115,52.91128743638543
Kyiv,50.4501,30.5234,2025-04-04 11:21:48.995285,33.09165528770055,49.14244566044781,0.6675344536205624,27.895771544904637,49.775625976338816
Kyiv,50.4501,30.5234,2025-04-05 11:21:48.995285,27.327367559274904,40.84218448071226,0.6354705401297217,18.19392565501548,50.800966213499805
Kyiv,50.4501,30.5234,2025-04-06 11:21:48.995285,34.894630428495994,53.58328983784535,0.6520912702645485,24.108412375102294,55.42023827018766
Kyiv,50.4501,30.5234,2025-04-07 11:21:48.995285,27.815098937316947,42.07805040784193,0.5386168934801989,69.67713500262917,48.93450897653785
Kyiv,50.4501,30.5234,2025-04-08 11:21:48.995285,40.04524756595257,57.397182631508656,0.501906422557868,25.661807999783832,42.91047780760391
Kyiv,50.4501,30.5234,2025-04-09 11:21:48.995285,28.26050267507843,43.151149714629575,0.8029858890576896,24.227974453092877,59.513073226166526
Kyiv,50.4501,30.5234,2025-04-10 11:21:48.995285,30.445528520043396,46.88946427063274,0.5564205871896027,21.27201005531943,57.49102454506011
Kyiv,50.4501,30.5234,2025-04-11 11:21:48.995285,36.000398355718126,55.12017842943927,0.5395170104317648,22.509244327435034,43.93790492777657
Kyiv,50.4501,30.5234,2025-04-12 11:21:48.995285,25.653412512600386,40.641680220009825,0.42081567053503177,21.015789476974614,53.66014016838122
Kyiv,50.4501,30.5234,2025-04-13 11:21:48.995285,32.817938315155985,50.894751781831786,0.5697165980737564,26.568340736863462,47.50608411044629
Kyiv,50.4501,30.5234,2025-04-14 11:21:48.995285,38.08727734350299,58.049276173711355,0.4987222921010672,23.339716732061255,51.144781434791575
Kyiv,50.4501,30.5234,2025-04-15 11:21:48.995285,23.3831309595595,34.93436501642196,0.7926124586609498,28.913845623441844,51.10194134361592
Kyiv,50.4501,30.5234,2025-04-16 11:21:48.995285,32.21079743861986,44.99427429089781,0.7267342718534303,22.96183163153531,48.25940321735591
Kyiv,50.4501,30.5234,2025-04-17 11:21:48.995285,32.452259970875396,49.53762639457827,0.5542418854748932,20.95120269908525,45.31044067151793
Kyiv,50.4501,30.5234,2025-04-18 11:21:48.995285,34.92535499113578,52.80340786102989,2.536705179538246,18.46697713828613,45.57165568679254
Kyiv,50.4501,30.5234,2025-04-19 11:21:48.995285,24.693098968534322,37.582806127192235,0.7157335991576541,17.52950723269453,44.235819206980885
Kyiv,50.4501,30.5234,2025-04-20 11:21:48.995285,24.135439613621863,33.64966226879218,0.5822713152300026,18.116453510505153,44.447472977412644
Kyiv,50.4501,30.5234,2025-04-21 11:21:48.995285,33.20560045218625,47.64628759746286,0.361977280994678,23.59932626508533,48.05794748590587
Kyiv,50.4501,30.5234,2025-04-22 11:21:48.995285,31.93732775157244,50.01229733402447,0.8381423449672044,24.252377262393058,44.599806632556
Kyiv,50.4501,30.5234,2025-04-23 11:21:48.995285,31.559764733348715,47.260536792309765,0.4671887629560271,17.910078134713267,51.3712110509921
Kyiv,50.4501,30.5234,2025-04-24 11:21:48.995285,31.892864957643404,49.20229883121035,0.4386726035074814,25.26542689730761,55.17716664191743
Kyiv,50.4501,30.5234,2025-04-25 11:21:48.995285,26.612294526565304,39.975078542108875,0.7025054058901192,21.057025912178563,44.61836099483642
Kyiv,50.4501,30.5234,2025-04-26 11:21:48.995285,31.02399555689192,46.59550561432937,0.8412297820556653,22.8717425715001,48.491113109307236
Kyiv,50.4501,30.5234,2025-04-27 11:21:48.995285,31.176957443232045,48.64200377680007,0.7326591833858246,27.192459423135592,49.56581816662263
Kyiv,50.4501,30.5234,2025-04-28 11:21:48.995285,25.987309844952748,37.948875310994374,0.6475722507069277,24.97005141513889,49.198611757223254
Kyiv,50.4501,30.5234,2025-04-29 11:21:48.995285,38.73406039922873,58.293332152725064,0.6475791910366275,21.397001978034975,46.987558104837866
Kyiv,50.4501,30.5234,2025-04-30 11:21:48.995285,31.619168004254483,46.50420142897164,0.6703416238719415,19.45142502360191,50.088417191341925
Kyiv,50.4501,30.5234,2025-05-01 11:21:48.995285,23.13704210214297,33.836570698349824,0.6577640507418008,15.59133359009019,48.551584145637605
Kyiv,50.4501,30.5234,2025-05-02 11:21:48.995285,32.218670809733815,47.70966196766344,0.606837197728231,19.81049142555507,39.71554203821051
Kyiv,50.4501,30.5234,2025-05-03 11:21:48.995285,23.903671300903042,36.299774494621985,0.5859617034359806,21.255149109536738,50.01139980000584
Kyiv,50.4501,30.5234,2025-05-04 11:21:48.995285,32.55256032600994,47.87134324568795,0.5660834333560012,18.847030072195285,49.86216014728023
Kyiv,50.4501,30.5234,2025-05-05 11:21:48.995285,34.24910102174436,53.88516378376357,0.49372600364747904,21.334290662076754,41.367754169168094
Kyiv,50.4501,30.5234,2025-05-06 11:21:48.995285,24.190673230486752,34.49679524129112,0.5378141887582286,21.877598059998956,45.130816410605966
Kyiv,50.4501,30.5234,2025-05-07 11:21:48.995285,32.94795105557988,49.048183295047096,0.3933257267676269,20.8909672592549,48.113250578092746
Kyiv,50.4501,30.5234,2025-05-08 11:21:48.995285,30.0310328274174,44.16708712457775,0.5495086011752232,19.533556353897072,43.40412319120556
Kyiv,50.4501,30.5234,2025-05-09 11:21:48.995285,31.91260755196461,50.762867096654375,0.4571870243247514,21.90711739189626,49.568350366818294
Kyiv,50.4501,30.5234,2025-05-10 11:21:48.995285,37.12061984054981,56.07403931384786,0.4423741668240243,22.644149412348263,55.77434486401691
Kyiv,50.4501,30.5234,2025-05-11 11:21:48.995285,26.243281224795002,41.42861091612978,0.567393851211535,17.96391367007614,39.775402544039125
Kyiv,50.4501,30.5234,2025-05-12 11:21:48.995285,23.534375880518674,32.33044307470407,0.6852613626805824,25.384325490391873,36.54936203769031
Kyiv,50.4501,30.5234,2025-05-13 11:21:48.995285,22.687637006270347,34.565556041144035,0.6345358436881905,20.771840180346196,44.72190670962132
Kyiv,50.4501,30.5234,2025-05-14 11:21:48.995285,22.887677473108575,36.11077780090974,0.3822845175963976,21.039913317802426,46.55790587253437
Kyiv,50.4501,30.5234,2025-05-15 11:21:48.995285,26.4121573101851,39.7828039438285,0.4369905034880788,23.023476198397482,41.54216691665959
Kyiv,50.4501,30.5234,2025-05-16 11:21:48.995285,28.333830003468393,44.63170575533329,0.6266385213865251,21.51368345848309,49.70840851068293
Kyiv,50.4501,30.5234,2025-05-17 11:21:48.995285,27.84144596584885,40.727592048572525,0.4309111000301441,23.58840588633911,35.49395895518188
Kyiv,50.4501,30.5234,2025-05-18 11:21:48.995285,30.42339801970593,48.45379190993006,0.5032863204908138,21.50511338286838,45.395815776946776
Kyiv,50.4501,30.5234,2025-05-19 11:21:48.995285,26.181599530606487,43.87019554314823,0.5773370113267942,18.720982911687162,38.64558100303096
Kyiv,50.4501,30.5234,2025-05-20 11:21:48.995285,33.21303788395858,49.09387970505855,0.42207290447707624,21.557194324704298,50.014940778294466
Kyiv,50.4501,30.5234,2025-05-21 11:21:48.995285,24.450580626144852,35.78486589641573,0.5260148464612886,16.955753774205327,51.12337395434254
Kyiv,50.4501,30.5234,2025-05-22 11:21:48.995285,39.202978606606024,61.71123686414444,0.3786401059813382,20.626745504158535,37.06991622157015
Kyiv,50.4501,30.5234,2025-05-23 11:21:48.995285,28.558559068870338,45.99698289476693,0.4484676822057847,20.11542119308927,37.89754781552506
Kyiv,50.4501,30.5234,2025-05-24 11:21:48.995285,20.972396620189915,30.41287487597834,0.5371418814596803,58.51422488795414,44.685216038306
Kyiv,50.4501,30.5234,2025-05-25 11:21:48.995285,19.731607478581324,28.757037583680273,0.34242202602457084,19.657422450126653,38.19345170438276
Kyiv,50.4501,30.5234,2025-05-26 11:21:48.995285,27.32629210732905,40.425868943272555,0.5423260744183023,14.311417879063642,39.64383895700849
Kyiv,50.4501,30.5234,2025-05-27 11:21:48.995285,23.62450167109942,32.74785148458057,0.4928725320619054,18.224733075641453,39.73966549930506
Kyiv,50.4501,30.5234,2025-05-28 11:21:48.995285,28.139780140415155,40.37236631765434,0.5466445488408087,20.06342353840069,29.756300723943767
Kyiv,50.4501,30.5234,2025-05-29 11:21:48.995285,26.764055349209798,38.13780149031056,0.5103487579333076,20.178502789163236,39.02761210904192
Kyiv,50.4501,30.5234,2025-05-30 11:21:48.995285,23.861990644381006,34.25739083636325,0.6209367471506918,16.53004218105481,35.390563941177184
Kyiv,50.4501,30.5234,2025-05-31 11:21:48.995285,19.82066391148598,29.661626092455407,0.49361510030135086,23.324439773508107,36.11633464074315
Kyiv,50.4501,30.5234,2025-06-01 11:21:48.995285,16.309173805353733,24.93219017310364,0.43472764446313583,16.843180419748023,45.543274910518655
Kyiv,50.4501,30.5234,2025-06-02 11:21:48.995285,21.479943465139087,35.320916183336784,0.48648011481271225,22.264630714317306,31.78624286681501
Kyiv,50.4501,30.5234,2025-06-03 11:21:48.995285,27.824002002418617,39.73929492215035,0.5251699635196639,20.552587101015682,41.87903797994177
Kyiv,50.4501,30.5234,2025-06-04 11:21:48.995285,24.442398591265857,38.63224268385195,0.4723246044448671,17.24728300577601,36.16308015426321
Kyiv,50.4501,30.5234,2025-06-05 11:21:48.995285,16.973640249184434,25.032482685325633,0.4681058519752758,24.427099749200725,35.9047003716374
Kyiv,50.4501,30.5234,2025-06-06 11:21:48.995285,23.89917573132015,35.749836177675355,0.3904662532606092,15.435725055762681,41.00176613335491
Kyiv,50.4501,30.5234,2025-06-07 11:21:48.995285,24.791377744246226,38.53670560070255,0.391005725156946,21.689857943631026,38.49744274124751
Kyiv,50.4501,30.5234,2025-06-08 11:21:48.995285,18.277656116688217,25.171040131907727,0.31367833877390827,21.850218602975872,39.39847993263848
Kyiv,50.4501,30.5234,2025-06-09 11:21:48.995285,23.298403724918288,35.712425079745536,0.6255532382225069,16.753028470365386,41.13559059545028
Kyiv,50.4501,30.5234,2025-06-10 11:21:48.995285,22.654388664949927,34.314487413851005,0.32288057791527003,22.859068436552953,34.38847569316328
Kyiv,50.4501,30.5234,2025-06-11 11:21:48.995285,16.482841758854722,25.709165166298384,0.37466334518056604,17.84870708020706,32.735356199473
Kyiv,50.4501,30.5234,2025-06-12 11:21:48.995285,23.821808609006517,36.31105020132541,0.3688167095883822,19.38251679147212,30.12355507810866
Kyiv,50.4501,30.5234,2025-06-13 11:21:48.995285,24.672852222482906,41.919878613546146,0.5268710295072788,19.215430311634528,31.176341736067823
Kyiv,50.4501,30.5234,2025-06-14 11:21:48.995285,27.12117139363108,39.406277121943994,0.40462333572589115,17.950031364465705,49.804344893175674
Kyiv,50.4501,30.5234,2025-06-15 11:21:48.995285,26.812887133467182,39.157336790197135,0.5556517447332268,20.70436325612568,41.03921321362293
Kyiv,50.4501,30.5234,2025-06-16 11:21:48.995285,14.49451585291687,20.495492726525775,0.36030819142965964,20.5718975080078,27.818922208013383
Kyiv,50.4501,30.5234,2025-06-17 11:21:48.995285,16.53379514838474,23.6897384842566,0.45235782318158724,12.865864254265635,27.722090738222683
Kyiv,50.4501,30.5234,2025-06-18 11:21:48.995285,23.639273569478632,34.18413609960491,0.337747239342731,21.945069345352124,36.50547615874546
Kyiv,50.4501,30.5234,2025-06-19 11:21:48.995285,23.475370166404833,37.591088311822354,0.6326437210142146,12.965744241814871,36.59598460465552
Kyiv,50.4501,30.5234,2025-06-20 11:21:48.995285,23.3252350318347,37.82886104373176,0.2962400901031379,20.972636913177205,36.369414077043515
Kyiv,50.4501,30.5234,2025-06-21 11:21:48.995285,39.858469609768655,58.646211827154026,0.4428783141526037,21.17752148873027,32.11743926697408
Kyiv,50.4501,30.5234,2025-06-22 11:21:48.995285,23.295385618381246,33.278367281363415,0.47219634939151806,14.447567241812113,32.53412829735861
Kyiv,50.4501,30.5234,2025-06-23 11:21:48.995285,25.966233124164354,39.89218079901934,0.44714800821037703,16.411759597766927,34.57200500568882
Kyiv,50.4501,30.5234,2025-06-24 11:21:48.995285,24.907281746379113,36.256476531006726,0.38421669269049114,14.251522458998743,33.1353744248363
Kyiv,50.4501,30.5234,2025-06-25 11:21:48.995285,23.244538122071237,36.13267081861788,0.3867695673375023,16.849027841904917,21.38487093457569
Kyiv,50.4501,30.5234,2025-06-26 11:21:48.995285,18.263029866639744,27.800390841662217,0.4011686689947404,16.495585192363514,31.110065981886244
Kyiv,50.4501,30.5234,2025-06-27 11:21:48.995285,23.487545620847005,32.19983020127604,0.37915379020476453,19.685331355998354,27.782017106269436
Kyiv,50.4501,30.5234,2025-06-28 11:21:48.995285,15.683469541905634,26.62021471551857,0.48733982397136083,21.20472404565557,32.6974505164328
Kyiv,50.4501,30.5234,2025-06-29 11:21:48.995285,18.220014342198194,30.921776859488332,0.6091344476770999,21.389105120318987,46.532456076864406
Kyiv,50.4501,30.5234,2025-06-30 11:21:48.995285,16.83545958181124,24.02761199174809,0.32949636791835174,15.444634580743472,33.23082430880665
Kyiv,50.4501,30.5234,2025-07-01 11:21:48.995285,19.53151817400688,28.521874141138355,0.24546265158359754,16.43340811730405,29.61557278475091
Kyiv,50.4501,30.5234,2025-07-02 11:21:48.995285,30.557052201118314,46.40730908312728,0.37084698251989,11.941565107212535,35.58464656151242
Kyiv,50.4501,30.5234,2025-07-03 11:21:48.995285,9.51082803740798,14.93515563608602,0.6349140137727662,14.505966800694795,33.18417043659615
Kyiv,50.4501,30.5234,2025-07-04 11:21:48.995285,22.143672805914225,34.532597754217,0.29387998028386,19.7507408263132,32.669030233321685
Kyiv,50.4501,30.5234,2025-07-05 11:21:48.995285,10.515873511686108,19.79421934506186,0.535500737897094,21.636474904461878,33.4034322675299
Kyiv,50.4501,30.5234,2025-07-06 11:21:48.995285,16.088777098961984,23.77927119345488,0.536738809965827,13.021171598314808,40.455372466011426
Kyiv,50.4501,30.5234,2025-07-07 11:21:48.995285,23.764114342701497,34.049577024975335,0.31102840298649387,14.88228790147365,24.324599860167424
Kyiv,50.4501,30.5234,2025-07-08 11:21:48.995285,18.513666000707154,25.011860545031677,0.4207436260231243,16.516915681738137,32.15655924190203
Kyiv,50.4501,30.5234,2025-07-09 11:21:48.995285,12.678463841483698,17.55583568234171,0.5241834169354584,17.374077342023938,24.968875946787648
Kyiv,50.4501,30.5234,2025-07-10 11:21:48.995285,14.367645352628383,21.48521408319498,0.3209705038798158,14.043271389699173,32.193809080103584
Kyiv,50.4501,30.5234,2025-07-11 11:21:48.995285,21.221219607913763,35.42094513890622,0.33610658125457155,17.68379856501246,24.641413737430106
Kyiv,50.4501,30.5234,2025-07-12 11:21:48.995285,14.052591300549443,20.04366435275182,0.2959203977878381,14.930694188354815,26.969802620677264
Kyiv,50.4501,30.5234,2025-07-13 11:21:48.995285,18.670072839423916,28.452685162413673,0.2502799247609942,16.250533133122186,27.40622026608153
Kyiv,50.4501,30.5234,2025-07-14 11:21:48.995285,17.701190924198986,26.518940594152976,0.2845388799869976,17.875518606351058,33.589081183743424
Kyiv,50.4501,30.5234,2025-07-15 11:21:48.995285,14.103112134065485,23.531454747994395,0.2248282507656657,16.1998237454801,33.13394302785393
Kyiv,50.4501,30.5234,2025-07-16 11:21:48.995285,27.97088003295622,47.010184901181574,0.3484315385525145,14.81642212158509,22.14815249726247
Kyiv,50.4501,30.5234,2025-07-17 11:21:48.995285,20.31309656080291,29.407907295363724,0.26587270587839296,15.742921312828935,28.489922728818527
Kyiv,50.4501,30.5234,2025-07-18 11:21:48.995285,6.912458428885813,9.389808758292276,0.36414201842255167,15.753996803470919,24.509357769514907
Kyiv,50.4501,30.5234,2025-07-19 11:21:48.995285,17.867472110637692,28.88952992009468,0.18311444611544828,14.857567178748894,21.610276251809157
Kyiv,50.4501,30.5234,2025-07-20 11:21:48.995285,13.525687161698901,21.652313721800976,0.36978041293226255,45.42276466430734,26.66684397618941
Kyiv,50.4501,30.5234,2025-07-21 11:21:48.995285,20.998624686742026,35.191351681585104,0.4180820564161106,20.664170517894604,26.06227307686226
Kyiv,50.4501,30.5234,2025-07-22 11:21:48.995285,12.678141513650134,20.18506864112713,0.13344133985912712,17.503130946730536,39.59470024044806
Kyiv,50.4501,30.5234,2025-07-23 11:21:48.995285,15.973827219134874,23.24215664712819,0.3683558455141445,14.887313759147203,29.48606326650753
Kyiv,50.4501,30.5234,2025-07-24 11:21:48.995285,18.98171469740402,29.653881707490648,0.4519024652973638,17.819252364783072,20.297079949981413
Kyiv,50.4501,30.5234,2025-07-25 11:21:48.995285,20.697354690351492,33.26343919669306,0.20640747252089714,14.682830890482412,24.228998058396613
Kyiv,50.4501,30.5234,2025-07-26 11:21:48.995285,10.281454777627902,17.063146528836583,0.49291597494190603,19.160842319213316,32.03132169650716
Kyiv,50.4501,30.5234,2025-07-27 11:21:48.995285,14.527371781059902,22.805605733804448,0.36589946014189734,16.708865556726604,37.24203080474659
Kyiv,50.4501,30.5234,2025-07-28 11:21:48.995285,13.744700217900292,22.750399706028748,0.2518873498982605,15.237806954839849,18.749223599367813
Kyiv,50.4501,30.5234,2025-07-29 11:21:48.995285,12.774960929782354,21.501032575564878,0.31525523408724765,16.86395432375629,17.16278871328114
Kyiv,50.4501,30.5234,2025-07-30 11:21:48.995285,24.79371317815864,39.954887749313016,0.37516153078723546,10.770592532171083,35.80448884198865
Kyiv,50.4501,30.5234,2025-07-31 11:21:48.995285,17.918862253862613,28.175713155973206,0.3254796131223979,12.066674442799503,28.289001435441275
Kyiv,50.4501,30.5234,2025-08-01 11:21:48.995285,9.51974396773084,13.945379790962551,0.37035887403275825,11.830306850505867,65.6843458491818
Kyiv,50.4501,30.5234,2025-08-02 11:21:48.995285,20.346402513342944,30.813031142881062,0.22307449625344467,15.807375673325653,28.808784597715775
Kyiv,50.4501,30.5234,2025-08-03 11:21:48.995285,26.303541674683373,41.86833044504177,0.3307912961960119,20.54392534326538,12.860402339345919
Kyiv,50.4501,30.5234,2025-08-04 11:21:48.995285,20.79351283980142,29.556397917727654,0.17125228105041562,22.009493707100738,25.96365733855433
Kyiv,50.4501,30.5234,2025-08-05 11:21:48.995285,7.975538736325728,12.700654722234393,0.30032516518704583,17.20034758737017,27.497688713359118
Kyiv,50.4501,30.5234,2025-08-06 11:21:48.995285,13.095213835547026,18.856143128665817,0.21993691985108668,16.76072552477251,30.395926997506574
Kyiv,50.4501,30.5234,2025-08-07 11:21:48.995285,21.79774577962866,32.75410831531263,0.23571080641493425,9.828421814389557,20.62530528908063
Kyiv,50.4501,30.5234,2025-08-08 11:21:48.995285,11.874474502033133,20.368615478264296,0.43186575412358447,13.578389515861453,26.047668552207348
Kyiv,50.4501,30.5234,2025-08-09 11:21:48.995285,17.584391655089654,26.75878561867429,0.41643690234659714,12.81929600145454,20.920818641239833
Kyiv,50.4501,30.5234,2025-08-10 11:21:48.995285,19.193792436906044,28.883561751671362,0.36732625548590486,13.297768290126331,26.75785203301062
Kyiv,50.4501,30.5234,2025-08-11 11:21:48.995285,10.644165675818973,13.246536231768621,0.19634508420692987,14.634977561100325,20.941495438748966
Kyiv,50.4501,30.5234,2025-08-12 11:21:48.995285,14.942267713367317,23.905908702105418,0.27315704490404613,13.703675513746777,23.319337544713374
Kyiv,50.4501,30.5234,2025-08-13 11:21:48.995285,0.0,1.2909683622821508,0.4253870316688203,9.164032110645188,20.326717651366504
Kyiv,50.4501,30.5234,2025-08-14 11:21:48.995285,10.04879627352873,19.399703856904015,0.317586380967994,17.32909800845269,28.51178292941855
Kyiv,50.4501,30.5234,2025-08-15 11:21:48.995285,13.877677743395896,20.200960145187846,0.5347433240054034,11.85203017296143,29.503033333825876
Kyiv,50.4501,30.5234,2025-08-16 11:21:48.995285,8.87430818785235,13.749762937106402,0.34159626589296915,15.774352641171747,23.99673329672783
Kyiv,50.4501,30.5234,2025-08-17 11:21:48.995285,23.250915879723628,35.375141187006946,0.32098209885031226,21.26667768928265,25.324479014898323
Kyiv,50.4501,30.5234,2025-08-18 11:21:48.995285,7.916724617522694,15.02999348581099,0.270436983726267,12.275561978903658,17.858190187821066
Kyiv,50.4501,30.5234,2025-08-19 11:21:48.995285,12.848724455508107,19.082495618488256,0.31433302825808873,7.433610876257523,23.575037093455602
Kyiv,50.4501,30.5234,2025-08-20 11:21:48.995285,15.687113868888757,24.088713854873813,0.28542123601111163,14.158692825588817,24.799093388478724
Kyiv,50.4501,30.5234,2025-08-21 11:21:48.995285,22.227194836676656,34.55658527444806,0.37122743549578063,18.31329310066875,38.13520804216899
Kyiv,50.4501,30.5234,2025-08-22 11:21:48.995285,7.831892088252468,12.121056378691419,0.3958942885624517,20.880643784736613,19.45696913735368
Kyiv,50.4501,30.5234,2025-08-23 11:21:48.995285,20.820355953901228,30.337666701750784,0.2214917978117336,11.313619813205964,32.32769198345183
Kyiv,50.4501,30.5234,2025-08-24 11:21:48.995285,15.051998718550557,22.96617806362245,0.16689337291327458,16.490514376435875,29.98554398750797
Kyiv,50.4501,30.5234,2025-08-25 11:21:48.995285,10.092549347398343,17.28608752081706,0.1163813147424323,13.60411493097889,26.403320926407833
Kyiv,50.4501,30.5234,2025-08-26 11:21:48.995285,17.312832351517446,23.916217928454053,0.3508454322952762,14.683312427188138,33.7965748912773
Kyiv,50.4501,30.5234,2025-08-27 11:21:48.995285,16.002798365470515,24.270136896499526,0.18981333713467594,22.936779984852688,26.871777194439062
Kyiv,50.4501,30.5234,2025-08-28 11:21:48.995285,12.014561402650385,16.621600474097228,0.08502385647363883,10.498911909036721,26.96926466100618
Kyiv,50.4501,30.5234,2025-08-29 11:21:48.995285,15.37576069386854,25.453734298652492,0.3393928658314653,15.774594118942943,24.77452213828994
Kyiv,50.4501,30.5234,2025-08-30 11:21:48.995285,13.114242054219407,16.624989271761564,0.5501161525138432,16.4234845345604,31.17905946988545
Kyiv,50.4501,30.5234,2025-08-31 11:21:48.995285,15.62540765731672,22.320267791431903,0.30054932746722024,18.28626944034828,30.569077565645138
Kyiv,50.4501,30.5234,2025-09-01 11:21:48.995285,18.38843127842591,28.337070667767904,0.3854046355615777,15.332838413323024,21.988280421249954
Kyiv,50.4501,30.5234,2025-09-02 11:21:48.995285,23.03075912985323,37.67718675324852,0.31019643683728587,15.974489143075541,18.554776600695867
Kyiv,50.4501,30.5234,2025-09-03 11:21:48.995285,8.93742808192589,13.27464160074286,0.2926411462020884,13.888307085764694,24.17485517711192
Kyiv,50.4501,30.5234,2025-09-04 11:21:48.995285,25.82042870576041,37.62024400525422,0.3950128849483584,15.88501173997486,21.232699926730383
Kyiv,50.4501,30.5234,2025-09-05 11:21:48.995285,5.426496299671397,11.902058588388275,0.27471125152681297,14.063890822149721,24.962780072849085
Kyiv,50.4501,30.5234,2025-09-06 11:21:48.995285,14.462591109765517,18.797858863815787,0.331169563106059,16.97547396203987,31.519465550835847
Kyiv,50.4501,30.5234,2025-09-07 11:21:48.995285,18.200581480698677,22.903260307807855,0.3373496895851172,14.020666716006994,23.10198489697974
Kyiv,50.4501,30.5234,2025-09-08 11:21:48.995285,16.704320120160094,25.93650908034681,0.23917817026539367,16.280981572449022,25.234924265669523
Kyiv,50.4501,30.5234,2025-09-09 11:21:48.995285,12.22910302434848,17.3395460878175,0.40605624742268126,15.08351187067079,25.804014609219152
Kyiv,50.4501,30.5234,2025-09-10 11:21:48.995285,14.348090909490615,19.479670729974497,0.29027806755599894,18.572501832955002,29.82520765294191
Kyiv,50.4501,30.5234,2025-09-11 11:21:48.995285,12.972647060786777,20.875683485778872,0.23317851873233436,15.064644696275012,14.422030931198387
Kyiv,50.4501,30.5234,2025-09-12 11:21:48.995285,12.542611052327405,19.301518006033508,0.3634396810980096,9.925620013903588,22.700650781746212
Kyiv,50.4501,30.5234,2025-09-13 11:21:48.995285,19.792046610833694,28.559912654777083,0.2210339243354677,19.057782565006264,26.872472649990222
Kyiv,50.4501,30.5234,2025-09-14 11:21:48.995285,17.386516850406284,23.51916647826764,0.3148469041485338,12.583522807702666,31.902553913005875
Kyiv,50.4501,30.5234,2025-09-15 11:21:48.995285,12.197079735467478,20.040534259761507,0.3123206545709946,13.369514839938915,23.532929330125096
Kyiv,50.4501,30.5234,2025-09-16 11:21:48.995285,20.222582541374287,31.63427616797875,0.4230812198673185,13.575307699973541,16.70411121610268
Kyiv,50.4501,30.5234,2025-09-17 11:21:48.995285,17.3267847272167,25.791825363266284,0.3632755657446683,19.51845784092928,29.28398791408116
Kyiv,50.4501,30.5234,2025-09-18 11:21:48.995285,19.923030712341465,33.57782006060753,0.31467170648841886,9.022337417137246,23.11126823309185
Kyiv,50.4501,30.5234,2025-09-19 11:21:48.995285,19.0780060815917,26.476839589735246,0.4003738673595015,24.878176536966798,20.44645951250865
Kyiv,50.4501,30.5234,2025-09-20 11:21:48.995285,11.858716248867205,14.73702403145133,0.45909458097128264,18.67001607893694,23.38381000665023
Kyiv,50.4501,30.5234,2025-09-21 11:21:48.995285,13.279281334419668,18.535105861867017,0.3773847613432765,16.209810010089736,25.69765301482752
Kyiv,50.4501,30.5234,2025-09-22 11:21:48.995285,19.89579292618267,29.752517356563008,0.3242217599956653,15.41498044843432,23.71526402815848
Kyiv,50.4501,30.5234,2025-09-23 11:21:48.995285,19.292934275724893,29.426080312232724,0.1936380357361354,16.477203698851756,15.833794137341004
Kyiv,50.4501,30.5234,2025-09-24 11:21:48.995285,16.220928482883288,23.84892060861227,0.2199973627465433,17.22608551149003,31.473485663491708
Kyiv,50.4501,30.5234,2025-09-25 11:21:48.995285,16.99899733378588,26.202606793707414,0.29772473790937265,17.641826966471157,33.492915832256564
Kyiv,50.4501,30.5234,2025-09-26 11:21:48.995285,22.890153563666846,31.832151497119384,0.26908536147856615,17.417727940372707,30.510353583784614
Kyiv,50.4501,30.5234,2025-09-27 11:21:48.995285,13.635958999476067,23.341467707360618,0.31317918857455973,16.065650015593356,21.70229556335874
Kyiv,50.4501,30.5234,2025-09-28 11:21:48.995285,19.423780642192114,28.971368606503034,0.3394308672165491,15.252131607248982,26.52498293477529
Kyiv,50.4501,30.5234,2025-09-29 11:21:48.995285,15.774271204806384,25.895998470385834,0.3886739647751902,15.438797382527392,27.645245124316492
Kyiv,50.4501,30.5234,2025-09-30 11:21:48.995285,15.79620339379029,24.379755783440842,0.33064231039261865,15.357579863905153,30.820886062699135
Kyiv,50.4501,30.5234,2025-10-01 11:21:48.995285,22.480273378189178,34.63391650559133,0.38837794674768483,19.39450484972781,31.321286120970246
Kyiv,50.4501,30.5234,2025-10-02 11:21:48.995285,21.217625177372376,32.96597232652297,0.3482583101296565,17.8259418830587,24.46494615475586
Kyiv,50.4501,30.5234,2025-10-03 11:21:48.995285,21.264589669295432,32.79230162397778,0.14639417315045763,7.277354840653279,28.70554001600616
Kyiv,50.4501,30.5234,2025-10-04 11:21:48.995285,23.833245766932265,37.03531417013348,0.25218349524133693,18.12062819516959,30.745179619817137
Kyiv,50.4501,30.5234,2025-10-05 11:21:48.995285,17.52196112337817,28.941246745332116,0.33393008273212593,16.792679541763512,35.9045244835554
Kyiv,50.4501,30.5234,2025-10-06 11:21:48.995285,20.940043979509266,31.803108308666836,0.2296361081765782,16.20901329217953,32.317951383675286
Kyiv,50.4501,30.5234,2025-10-07 11:21:48.995285,16.09449598739286,25.559751496266315,0.4129094684068233,15.157359525913416,32.91402809241781
Kyiv,50.4501,30.5234,2025-10-08 11:21:48.995285,19.384391379483088,28.897115680650177,0.5083462755751873,19.75411796847848,29.564472565208117
Kyiv,50.4501,30.5234,2025-10-09 11:21:48.995285,17.23271850534383,28.72931218891469,0.47954486071337665,19.284296274959697,36.3774463917909
Kyiv,50.4501,30.5234,2025-10-10 11:21:48.995285,18.49039655444712,26.38281022755214,0.3387640474966498,14.184075361270937,31.55693907402278
Kyiv,50.4501,30.5234,2025-10-11 11:21:48.995285,21.105257454947893,35.259767048243475,0.5116620602402617,17.785893025255266,25.388768940777133
Kyiv,50.4501,30.5234,2025-10-12 11:21:48.995285,14.164460395503179,21.166374691966084,0.37997802195362207,41.13843510663424,36.90019556813177
Kyiv,50.4501,30.5234,2025-10-13 11:21:48.995285,28.845590196004515,40.40683508977068,0.33396447923974026,12.552972414421815,33.56499708906095
Kyiv,50.4501,30.5234,2025-10-14 11:21:48.995285,13.483617482151672,20.481635053049086,0.3089338214389097,14.876700521055195,28.05533647883286
Kyiv,50.4501,30.5234,2025-10-15 11:21:48.995285,12.574733927159564,17.499997575789585,0.3426665711731517,19.41001891269739,28.07105064965112
Kyiv,50.4501,30.5234,2025-10-16 11:21:48.995285,24.57008688309166,38.53641742261493,0.3367729684577035,19.74914139392392,32.152176499090785
Kyiv,50.4501,30.5234,2025-10-17 11:21:48.995285,22.873544768663418,33.005069194390344,0.3953462482145235,18.496871909716248,33.18877092461103
Kyiv,50.4501,30.5234,2025-10-18 11:21:48.995285,22.173332215653137,32.367631457050145,0.39711206071283367,19.20165392574017,32.06556102374457
Kyiv,50.4501,30.5234,2025-10-19 11:21:48.995285,22.333724811783384,29.721505755784015,0.3841445473245812,18.64453349407587,32.844539265407406
Kyiv,50.4501,30.5234,2025-10-20 11:21:48.995285,19.271748572854243,28.00301022078321,0.4303534657164113,15.24204643287555,39.99926052851512
Kyiv,50.4501,30.5234,2025-10-21 11:21:48.995285,14.989375010894639,17.636303863084045,0.5085775648451101,55.60077320455116,37.07118606366012
Kyiv,50.4501,30.5234,2025-10-22 11:21:48.995285,19.99897107558564,26.830650966407013,0.48735437923647257,19.71120271799155,32.883100383250635
Kyiv,50.4501,30.5234,2025-10-23 11:21:48.995285,16.38003536878394,26.090882365464505,0.2468270816818996,19.64579595261297,36.855318793354165
Kyiv,50.4501,30.5234,2025-10-24 11:21:48.995285,24.788889228567715,38.75493416015324,0.1428736977393837,21.02338539516341,27.20731632458074
Kyiv,50.4501,30.5234,2025-10-25 11:21:48.995285,19.32695759088953,29.841351509904225,0.49467688109193186,19.656033790803303,34.583001997334385
Kyiv,50.4501,30.5234,2025-10-26 11:21:48.995285,16.08517561487956,22.193811136060916,0.26756536213530024,18.660675422045806,41.86552414692873
Kyiv,50.4501,30.5234,2025-10-27 11:21:48.995285,18.75756808270652,28.04092941177582,0.38481340563016136,20.892699360435024,31.956516459495358
Kyiv,50.4501,30.5234,2025-10-28 11:21:48.995285,22.582363853974012,33.86634070277988,0.2933428290459819,17.679289513550767,29.038390230798413
Kyiv,50.4501,30.5234,2025-10-29 11:21:48.995285,17.85362131047581,24.463702587328626,0.23324683773191168,15.190498083564687,30.247921668778226
Kyiv,50.4501,30.5234,2025-10-30 11:21:48.995285,16.716961996044674,28.082239597601312,0.4707075522980154,17.424831095107123,28.29393077410331
Kyiv,50.4501,30.5234,2025-10-31 11:21:48.995285,22.203556165399824,35.06005882925108,0.49561791818907,15.757852119550783,30.053870621271876
Kyiv,50.4501,30.5234,2025-11-01 11:21:48.995285,22.36819879310754,33.11036984200198,0.3652162786786065,16.04614814385882,32.36250841339574
Kyiv,50.4501,30.5234,2025-11-02 11:21:48.995285,18.768038694237617,28.205829719345488,0.16695086220737437,17.71782127340008,27.426296760746695
Kyiv,50.4501,30.5234,2025-11-03 11:21:48.995285,19.108047250144665,29.078836491112103,0.37464033073947733,15.854359626118256,34.77294983710243
Kyiv,50.4501,30.5234,2025-11-04 11:21:48.995285,22.785020690847045,30.094061299421984,0.471675820621432,17.38850091311231,39.44854237502154
Kyiv,50.4501,30.5234,2025-11-05 11:21:48.995285,14.546881675589727,21.325967748343395,0.28785491078411407,12.712807690676819,30.642174173879923
Kyiv,50.4501,30.5234,2025-11-06 11:21:48.995285,14.913468881554328,21.006234826335895,0.4573517470466577,19.115274998837368,43.0226012483645
Kyiv,50.4501,30.5234,2025-11-07 11:21:48.995285,18.522954564931723,25.781191827607753,0.44077252850657844,18.561204261683624,38.22672394942882
Kyiv,50.4501,30.5234,2025-11-08 11:21:48.995285,21.213182666099712,31.25757341337766,0.5035375184532878,16.188943319124903,41.073530565108705
Kyiv,50.4501,30.5234,2025-11-09 11:21:48.995285,24.00100487682814,39.59688036894125,0.46088737781817773,20.700970529716272,32.88052780399649
Kyiv,50.4501,30.5234,2025-11-10 11:21:48.995285,29.990053424688263,46.26676585956642,0.3549585527106544,21.619346582849925,40.692534645243825
Kyiv,50.4501,30.5234,2025-11-11 11:21:48.995285,27.06908298596843,39.461266499387044,0.5752728475656158,14.067712841872243,31.211507802960938
Kyiv,50.4501,30.5234,2025-11-12 11:21:48.995285,88.59704940598668,134.04073967169234,0.4431261427235792,16.68630316495826,41.37467000615325
Kyiv,50.4501,30.5234,2025-11-13 11:21:48.995285,23.022651862054115,37.332688666253176,0.45962420408035803,16.751439401421887,38.035796051319
Kyiv,50.4501,30.5234,2025-11-14 11:21:48.995285,18.274421734996178,29.2608999683198,0.3724145752563848,16.323824975766016,40.19685893720175
Kyiv,50.4501,30.5234,2025-11-15 11:21:48.995285,23.36434611339524,35.16577990993321,0.4248100107479928,21.716880422473842,31.807394661911523
Kyiv,50.4501,30.5234,2025-11-16 11:21:48.995285,22.183919084266655,31.98200507098884,0.3840639741746569,18.732127723115262,33.465469206917994
Kyiv,50.4501,30.5234,2025-11-17 11:21:48.995285,25.41151235269692,39.51371515627256,0.45866378502778715,18.605415251571404,41.18302041777663
Kyiv,50.4501,30.5234,2025-11-18 11:21:48.995285,19.832828307764032,30.536213232489548,0.6505505085247473,13.472904419542562,33.711734517167464
Kyiv,50.4501,30.5234,2025-11-19 11:21:48.995285,26.737084583831397,41.896013315802556,0.345616925959375,21.476430096940447,41.026559479433914
Kyiv,50.4501,30.5234,2025-11-20 11:21:48.995285,31.975670296989684,49.23384904884847,0.3248833748518617,15.938212681427979,32.13227456566396
Kyiv,50.4501,30.5234,2025-11-21 11:21:48.995285,23.94000258548317,38.00910930886343,0.6367930993047101,19.921699554682714,43.46657605498453
Kyiv,50.4501,30.5234,2025-11-22 11:21:48.995285,26.66434249426725,38.92604331827974,0.47218330996026425,20.660022755760846,33.321059251816266
Kyiv,50.4501,30.5234,2025-11-23 11:21:48.995285,28.27858639699721,45.05266772676446,0.4296500549028413,23.995909006736774,42.50329934606008
Kyiv,50.4501,30.5234,2025-11-24 11:21:48.995285,22.993897640570825,34.88604567024104,0.6039904687396078,16.073538802642666,43.12815466823001
London,51.5074,-0.1278,2024-11-24 11:21:48.995285,21.55444101139105,31.79982136869547,0.5237642656299959,23.448462092031107,37.209333701712744
London,51.5074,-0.1278,2024-11-25 11:21:48.995285,27.510584080852773,42.379625566015456,0.3823684085682505,15.363041627583286,45.23009399729775
London,51.5074,-0.1278,2024-11-26 11:21:48.995285,31.897245680294773,51.573965581265675,0.4130376117504407,21.39517726862526,43.156504197081006
London,51.5074,-0.1278,2024-11-27 11:21:48.995285,31.371706530580337,42.7746980352311,0.45568317149828347,22.001096956001344,36.93211742383134
London,51.5074,-0.1278,2024-11-28 11:21:48.995285,19.405197588296023,27.708594765039308,0.485536426168141,14.166530682934638,41.27751005856315
London,51.5074,-0.1278,2024-11-29 11:21:48.995285,32.305663244408834,48.039743639989425,0.6222703887947005,22.825328007408892,34.530934320938464
London,51.5074,-0.1278,2024-11-30 11:21:48.995285,24.440224466384702,39.56998904787035,0.40432644080419566,23.145326126763713,44.975977743901126
London,51.5074,-0.1278,2024-12-01 11:21:48.995285,29.205745524721486,40.53581224866926,0.4883001041628005,19.66568350472869,40.49195282657601
London,51.5074,-0.1278,2024-12-02 11:21:48.995285,21.841711060896593,36.6342886427061,0.6227567042440579,24.443432947460348,39.88062741977529
London,51.5074,-0.1278,2024-12-03 11:21:48.995285,27.252987776012837,41.151193467151835,0.500874016683195,24.180910826295943,42.15025988420204
London,51.5074,-0.1278,2024-12-04 11:21:48.995285,28.28154735629931,42.23031971098125,0.5803001938205778,21.165819498059,42.7709356593734
London,51.5074,-0.1278,2024-12-05 11:21:48.995285,19.45924313883418,28.792745181813455,0.5236911376758585,19.58679737824142,47.29805095547646
London,51.5074,-0.1278,2024-12-06 11:21:48.995285,30.092380830407137,44.26604518125065,0.5666992257061961,18.107038821594227,46.0320201546554
London,51.5074,-0.1278,2024-12-07 11:21:48.995285,33.94889016923323,53.019568772388155,0.5215370482198791,20.99691703692225,42.54677630109847
London,51.5074,-0.1278,2024-12-08 11:21:48.995285,26.51348793165136,37.63319038931216,0.6144411004740254,22.902640589142287,47.39843223868423
London,51.5074,-0.1278,2024-12-09 11:21:48.995285,34.35437360530194,52.22238877124062,0.39656501828259383,20.304235892459012,45.83398569520087
London,51.5074,-0.1278,2024-12-10 11:21:48.995285,26.77111410807902,39.388307830704576,0.5180604306679666,14.767287771884437,41.946374181581405
London,51.5074,-0.1278,2024-12-11 11:21:48.995285,32.13274698403917,46.67485357903056,0.5873537542455526,25.248553848132758,43.703645702026705
London,51.5074,-0.1278,2024-12-12 11:21:48.995285,16.956362416807394,30.606493976578882,0.6143537697318772,22.095275788816124,43.83270392562873
London,51.5074,-0.1278,2024-12-13 11:21:48.995285,40.30658551349096,61.297979739743354,0.7135491946138557,20.46747481843132,47.34535164125648
London,51.5074,-0.1278,2024-12-14 11:21:48.995285,35.85252022215592,55.00531142255616,0.5284021132322649,24.259089663240434,43.227730420303494
London,51.5074,-0.1278,2024-12-15 11:21:48.995285,27.11363370049532,42.94600411208031,0.7186834006213616,26.342296400330127,43.35309590053741
London,51.5074,-0.1278,2024-12-16 11:21:48.995285,18.836800295687638,25.412500552894365,0.5080425259121676,13.442888005989692,55.38965469052989
London,51.5074,-0.1278,2024-12-17 11:21:48.995285,30.296775903963518,48.94974767418934,0.7099973224031858,23.231107980984252,50.48362850238963
London,51.5074,-0.1278,2024-12-18 11:21:48.995285,21.795252156690946,27.674963878046267,0.6620443105110319,17.727492313598823,42.2193165159639
London,51.5074,-0.1278,2024-12-19 11:21:48.995285,31.39620371391061,45.55677275078887,0.4920928625592411,23.58329953345841,49.112609008895745
London,51.5074,-0.1278,2024-12-20 11:21:48.995285,31.385584521325722,46.16031343563078,0.6172590422352684,22.547659569875893,47.08338421653235
London,51.5074,-0.1278,2024-12-21 11:21:48.995285,24.775277572393982,38.32636308853199,0.5845222847948629,24.148326288023704,48.68119600240663
London,51.5074,-0.1278,2024-12-22 11:21:48.995285,35.2403378271004,53.297943272933566,0.6552685135480703,20.820008511030288,47.63996068636829
London,51.5074,-0.1278,2024-12-23 11:21:48.995285,33.815211915188755,50.38918839138635,0.5734196091798268,16.773948865121486,53.129220829163
London,51.5074,-0.1278,2024-12-24 11:21:48.995285,34.81687218804259,52.20131359280843,0.5680304874658223,21.117773177029882,49.13473497565689
London,51.5074,-0.1278,2024-12-25 11:21:48.995285,30.13099795686552,43.24045088825315,0.7386436470467059,23.76389762467987,47.31962066671013
London,51.5074,-0.1278,2024-12-26 11:21:48.995285,23.15653573908697,31.74033881966211,0.5948110320275428,25.663255022853424,53.06218699539834
London,51.5074,-0.1278,2024-12-27 11:21:48.995285,35.26941307643868,54.35714285933014,0.6902432667268366,19.174531956273924,49.23650277851385
London,51.5074,-0.1278,2024-12-28 11:21:48.995285,29.172496135997243,45.14615642906823,0.587951914129104,25.84335784645715,48.893922594159584
London,51.5074,-0.1278,2024-12-29 11:21:48.995285,23.71811684694783,38.74616402073586,0.7800066771809758,20.889891912516024,50.07063935679734
London,51.5074,-0.1278,2024-12-30 11:21:48.995285,37.56819956440964,54.77226515298404,0.5483265917572109,23.991351012052583,48.24395898497518
London,51.5074,-0.1278,2024-12-31 11:21:48.995285,41.44430447212018,63.55208712878211,0.5575309842674343,21.443951576206917,146.90110580816636
London,51.5074,-0.1278,2025-01-01 11:21:48.995285,30.878528056255245,45.750378627653404,0.7741470921346155,23.588896233711935,46.19368010791753
London,51.5074,-0.1278,2025-01-02 11:21:48.995285,42.016073257425134,65.40505985652466,0.5799147105986482,25.78586664591516,45.57486512849362
London,51.5074,-0.1278,2025-01-03 11:21:48.995285,31.810896651958522,49.76027053129406,0.7871938907944748,19.49611927258528,44.538632580940465
London,51.5074,-0.1278,2025-01-04 11:21:48.995285,29.58401608951806,44.798442932726005,0.7189099701664775,21.203430114934413,42.76952698153934
London,51.5074,-0.1278,2025-01-05 11:21:48.995285,28.464053911495395,42.01702055391112,0.6168619529923723,23.863060853237652,45.525932466711396
London,51.5074,-0.1278,2025-01-06 11:21:48.995285,39.92984822829317,61.81663669965627,0.4535593765648732,30.576969077255782,49.245319110159556
London,51.5074,-0.1278,2025-01-07 11:21:48.995285,27.96980826529781,43.24852144445985,0.6354787230175498,20.84569469961785,50.821379420583185
London,51.5074,-0.1278,2025-01-08 11:21:48.995285,35.67092982039141,52.13751392641475,0.6500546707636718,29.61769329324899,49.135392090036504
London,51.5074,-0.1278,2025-01-09 11:21:48.995285,29.320747047521703,41.32552322432369,0.7590530977867922,29.571553022434387,38.89633188358983
London,51.5074,-0.1278,2025-01-10 11:21:48.995285,29.934906570087307,44.325294053767365,0.8035735252831937,23.326286739374787,58.727592363250395
London,51.5074,-0.1278,2025-01-11 11:21:48.995285,37.50541869948769,59.28895567992795,0.5785846866784223,22.782627536220225,56.46365595891169
London,51.5074,-0.1278,2025-01-12 11:21:48.995285,30.569536645518784,48.147279285744254,0.7295125939381293,21.6586648424887,53.433380571533974
London,51.5074,-0.1278,2025-01-13 11:21:48.995285,30.55908118768416,43.61396684218508,0.7282013772970475,23.586921451394804,60.91204048994478
London,51.5074,-0.1278,2025-01-14 11:21:48.995285,38.35817175471341,55.201742800270274,0.7612242356178321,58.88074751022304,46.654401815840515
London,51.5074,-0.1278,2025-01-15 11:21:48.995285,40.78994497681587,63.73428516458278,0.7059281614277096,23.672762203392082,61.142563369191656
London,51.5074,-0.1278,2025-01-16 11:21:48.995285,36.132905583988936,51.92808656646775,0.4639393622551785,28.445369105336454,47.038114467598916
London,51.5074,-0.1278,2025-01-17 11:21:48.995285,29.739762003627018,45.62823365272454,0.6447299743821594,22.173550253443228,53.21410594907693
London,51.5074,-0.1278,2025-01-18 11:21:48.995285,30.56234809358571,44.61137970970592,0.5467370543097807,23.33552238306965,45.8038992594394
London,51.5074,-0.1278,2025-01-19 11:21:48.995285,33.614341851724326,53.65560262662985,0.6440347333686754,19.003961343710344,52.39561877725804
London,51.5074,-0.1278,2025-01-20 11:21:48.995285,34.91635657328637,50.8336852616538,0.764234548886551,25.27803939622217,54.39839188547906
London,51.5074,-0.1278,2025-01-21 11:21:48.995285,28.466854505645927,44.98700481888055,0.6986387647143929,24.996537083026514,51.835824428844404
London,51.5074,-0.1278,2025-01-22 11:21:48.995285,37.1133606131746,56.03975822788263,0.7847725049452489,24.440192536934955,56.3166435933636
London,51.5074,-0.1278,2025-01-23 11:21:48.995285,34.015206230956025,51.52719905490261,0.7059281837265144,23.643338640712585,53.37653162157333
London,51.5074,-0.1278,2025-01-24 11:21:48.995285,25.09602195410532,33.70341576845518,0.5436586769790291,23.45900801733062,50.39977167905641
London,51.5074,-0.1278,2025-01-25 11:21:48.995285,29.11428463913878,39.26560025229673,0.4230936403715751,25.88515922682323,50.304308988151945
London,51.5074,-0.1278,2025-01-26 11:21:48.995285,31.32003173117532,46.53891571622835,0.6916943781566318,24.33388774495095,57.31558151222893
London,51.5074,-0.1278,2025-01-27 11:21:48.995285,33.555525020390206,50.827099657418536,0.6570036226567931,25.40482234696374,50.11101004785839
London,51.5074,-0.1278,2025-01-28 11:21:48.995285,43.442702674042415,62.91365835558818,0.5822315999922604,25.14310280062486,58.07147789720833
London,51.5074,-0.1278,2025-01-29 11:21:48.995285,35.2609946587245,50.714105167134065,0.5113400375953894,27.905350925300464,59.718766156199194
London,51.5074,-0.1278,2025-01-30 11:21:48.995285,29.937420432360213,46.02907590819259,0.6093512762897958,26.60162223305183,45.36835051104936
London,51.5074,-0.1278,2025-01-31 11:21:48.995285,35.31286689870216,54.0950093089675,0.6647451090568494,25.183441968033744,59.4792012522547
London,51.5074,-0.1278,2025-02-01 11:21:48.995285,32.51497809852256,48.49698502700799,0.7520961190864783,29.192974509852522,64.21523874591145
London,51.5074,-0.1278,2025-02-02 11:21:48.995285,35.96216348589696,55.50364867121759,0.7056305539213831,25.92999173128431,55.26757723835352
London,51.5074,-0.1278,2025-02-03 11:21:48.995285,37.30139901459703,53.60369393045526,0.848777936305652,28.614168356080732,57.093261795602544
London,51.5074,-0.1278,2025-02-04 11:21:48.995285,40.50211711039112,60.04130583141274,0.5855588718808891,26.548809762295626,59.368972433252935
London,51.5074,-0.1278,2025-02-05 11:21:48.995285,34.38913268460141,54.87945423846946,0.778317192464774,19.22952534468114,52.888436168532195
London,51.5074,-0.1278,2025-02-06 11:21:48.995285,42.75715090391822,64.27237061575697,0.6959768396312539,28.695678422917517,55.254923516567935
London,51.5074,-0.1278,2025-02-07 11:21:48.995285,39.15141115140396,58.97974175627994,0.7616928691863186,25.211177643389508,47.84594910996897
London,51.5074,-0.1278,2025-02-08 11:21:48.995285,31.12020165248761,51.29219565066689,0.6494965012044166,24.67283537557194,55.17927420747508
London,51.5074,-0.1278,2025-02-09 11:21:48.995285,45.74991754725739,65.82619198918854,0.8011808217593605,25.694364651726268,57.04151880599531
London,51.5074,-0.1278,2025-02-10 11:21:48.995285,36.375977118074694,56.156826410396256,0.7243425668690084,23.8355527899909,57.192321942218655
London,51.5074,-0.1278,2025-02-11 11:21:48.995285,30.602860895195395,49.232263902409294,0.6276251698093565,25.57032828869512,59.994848740572756
London,51.5074,-0.1278,2025-02-12 11:21:48.995285,43.0776299588682,63.966729085305204,0.6950588911630031,23.130904152328768,50.8455861633965
London,51.5074,-0.1278,2025-02-13 11:21:48.995285,45.233626093513145,69.5697007139794,0.6729391774567085,28.74518585996357,52.1040734679139
London,51.5074,-0.1278,2025-02-14 11:21:48.995285,34.70836810534206,50.09851316359128,0.7463877235425767,24.59598287110678,64.28777836586657
London,51.5074,-0.1278,2025-02-15 11:21:48.995285,32.38107364899555,47.19814568235863,0.5800088240800199,23.801910947269466,54.09734555749174
London,51.5074,-0.1278,2025-02-16 11:21:48.995285,34.060347306911005,51.860453792461776,0.695509271672017,22.18633359993184,55.88350207783063
London,51.5074,-0.1278,2025-02-17 11:21:48.995285,38.515837706528025,59.37088990601321,2.2151229199311704,25.777416901915686,54.57821839478317
London,51.5074,-0.1278,2025-02-18 11:21:48.995285,41.348473236624365,64.26458287974904,0.7024861299487392,25.540916281111173,50.83038081068258
London,51.5074,-0.1278,2025-02-19 11:21:48.995285,37.82568638539942,59.87778675197812,0.8341591190605308,26.151898706573295,63.077520651081365
London,51.5074,-0.1278,2025-02-20 11:21:48.995285,35.49297025391449,53.10456226376137,0.7770893616382182,21.910421443262432,52.33802425773044
London,51.5074,-0.1278,2025-02-21 11:21:48.995285,42.48255896391897,66.11106195622364,0.6991019225738621,20.1927064597637,49.352322550060606
London,51.5074,-0.1278,2025-02-22 11:21:48.995285,33.4335026545413,49.46564429491365,0.7216226101457455,26.875616417419135,52.7428261431846
London,51.5074,-0.1278,2025-02-23 11:21:48.995285,40.154504089196436,62.03593875697119,0.729564703095438,29.453879284310474,44.99133108741518
London,51.5074,-0.1278,2025-02-24 11:21:48.995285,33.558852594790984,50.753256487890845,0.7403132921476301,21.920522426104,51.74231255490516
London,51.5074,-0.1278,2025-02-25 11:21:48.995285,37.150577596928045,56.61722220955591,0.5173434565710107,29.766055254121884,50.15255122104873
London,51.5074,-0.1278,2025-02-26 11:21:48.995285,34.420984331898076,52.47849224589119,0.669623313540072,25.846131754134312,58.070338888412124
London,51.5074,-0.1278,2025-02-27 11:21:48.995285,34.69991069538987,48.84045602348918,0.5511395253537359,24.968397090674472,51.60168621518152
London,51.5074,-0.1278,2025-02-28 11:21:48.995285,33.07965643023065,47.37124092762443,0.8271598750967828,23.790648419133515,59.3889032042068
London,51.5074,-0.1278,2025-03-01 11:21:48.995285,41.67532326691045,62.71806778000072,0.6929361102198467,20.8219724972285,61.91899963185707
London,51.5074,-0.1278,2025-03-02 11:21:48.995285,31.26793830213147,43.52734929391487,0.6793172748855206,27.929469794110872,58.80472942044921
London,51.5074,-0.1278,2025-03-03 11:21:48.995285,31.209979377191,48.47739127218601,0.7879025460020145,22.628751235654462,53.78976951560144
London,51.5074,-0.1278,2025-03-04 11:21:48.995285,45.49174373154895,69.98072752989971,0.7399679977914556,22.603967923948904,55.53573633701307
London,51.5074,-0.1278,2025-03-05 11:21:48.995285,39.74871932290996,60.27742009012052,0.5843261785548454,27.905519679480015,47.16429754873715
London,51.5074,-0.1278,2025-03-06 11:21:48.995285,22.903697026334637,32.11327751398611,0.6894947741432595,19.26568241988473,54.07500141709354
London,51.5074,-0.1278,2025-03-07 11:21:48.995285,31.96984322040288,50.71504270834135,0.6624060410064595,20.32727502622295,50.39201303434819
London,51.5074,-0.1278,2025-03-08 11:21:48.995285,25.70015881851341,42.62465950720683,0.5207488212658683,24.825650022637596,58.111790165232016
London,51.5074,-0.1278,2025-03-09 11:21:48.995285,29.96772849921434,45.24574640371346,0.6253960160020918,25.740444270159863,67.44553489565828
London,51.5074,-0.1278,2025-03-10 11:21:48.995285,18.98680449907044,29.50127750550813,0.6752335244031663,26.293892859027093,57.01817492523001
London,51.5074,-0.1278,2025-03-11 11:21:48.995285,33.949757597171775,51.32811370534975,0.6811990165636455,23.911957262631987,44.496357483688904
London,51.5074,-0.1278,2025-03-12 11:21:48.995285,28.877469074066404,44.37694198909721,0.5435204210297284,32.38469809086155,52.574616290237586
London,51.5074,-0.1278,2025-03-13 11:21:48.995285,34.83633625028665,52.01538686217718,0.8059027576308367,24.084727306854727,54.917669576328954
London,51.5074,-0.1278,2025-03-14 11:21:48.995285,26.358009505709088,39.467885778876024,0.6794620101132904,24.04944944375269,54.66221082648389
London,51.5074,-0.1278,2025-03-15 11:21:48.995285,34.8421706997644,54.07469125064133,0.6923075363441404,22.32284571051047,50.487351522812546
London,51.5074,-0.1278,2025-03-16 11:21:48.995285,32.29423207235268,53.1325964323219,0.72744043309307,25.05612718104037,55.27967890761615
London,51.5074,-0.1278,2025-03-17 11:21:48.995285,41.81700413632277,59.92536373568068,0.6073371608172288,26.49850335133022,47.748354780972754
London,51.5074,-0.1278,2025-03-18 11:21:48.995285,41.29969153065906,61.74191232718266,0.7304937417518883,28.232187774565848,49.13981721947106
London,51.5074,-0.1278,2025-03-19 11:21:48.995285,38.102564275645356,54.79292544300387,0.6468092606100605,20.120065336976317,56.992742598909466
London,51.5074,-0.1278,2025-03-20 11:21:48.995285,32.4729773976361,51.89351589360632,0.5924623719541241,23.815037135403976,48.58075329701411
London,51.5074,-0.1278,2025-03-21 11:21:48.995285,43.96045999954831,64.76521406068268,0.7380159098004768,25.856889844050855,56.241395062331556
London,51.5074,-0.1278,2025-03-22 11:21:48.995285,26.19321651814999,36.40342318965339,0.8283352440271625,26.240369057458153,46.59027048774334
London,51.5074,-0.1278,2025-03-23 11:21:48.995285,26.862780078476614,41.57054411541207,0.7500944018744817,24.45993258656108,62.14498925840108
London,51.5074,-0.1278,2025-03-24 11:21:48.995285,33.38120654029003,53.56043203992127,0.7683001973087502,26.027332928463984,49.32883344758276
London,51.5074,-0.1278,2025-03-25 11:21:48.995285,44.987253731698814,68.80807633466975,0.6222782030856345,21.931639914769207,51.9572619216226
London,51.5074,-0.1278,2025-03-26 11:21:48.995285,32.61972674614867,49.33918587378684,0.5128664526931366,28.989426937204627,54.6001982262007
London,51.5074,-0.1278,2025-03-27 11:21:48.995285,32.62699548145186,49.75877506772977,0.8198781861599496,27.249495157687424,49.98808278374193
London,51.5074,-0.1278,2025-03-28 11:21:48.995285,26.242938792971586,42.19408951510849,0.8745013004110886,20.191461925569797,53.395765665652476
London,51.5074,-0.1278,2025-03-29 11:21:48.995285,38.088902720538265,55.384955540779096,0.8214657732606956,20.95431825274292,55.41566581388018
London,51.5074,-0.1278,2025-03-30 11:21:48.995285,38.02942325888586,56.820440680156175,0.6316922458468069,20.991005743298828,57.19837914337607
London,51.5074,-0.1278,2025-03-31 11:21:48.995285,37.11075652145871,54.760754485169,0.5478441764162989,26.116600169919163,56.20555795155353
London,51.5074,-0.1278,2025-04-01 11:21:48.995285,29.918696098972635,42.542313533875536,1.664183158446697,20.178216432352322,51.2381468758008
London,51.5074,-0.1278,2025-04-02 11:21:48.995285,29.42829479596113,43.485691675108086,0.49086331599511823,22.987841316288836,51.209584086521225
London,51.5074,-0.1278,2025-04-03 11:21:48.995285,26.390887298762294,41.80177314010834,0.6463921091747384,25.292362464643894,63.530290616305884
London,51.5074,-0.1278,2025-04-04 11:21:48.995285,33.168202922475075,50.88550868049806,0.8155446040816536,23.675922403195898,56.372705961752075
London,51.5074,-0.1278,2025-04-05 11:21:48.995285,27.23684948151292,42.14389522248578,0.6386114593708843,24.59610561109083,46.84921091025707
London,51.5074,-0.1278,2025-04-06 11:21:48.995285,26.63958574907364,40.2523298469171,0.6807656555412293,20.565926003613768,51.78994323180789
London,51.5074,-0.1278,2025-04-07 11:21:48.995285,30.293766523932582,46.48729735135605,0.78580409860014,25.490673174434715,49.442614468837974
London,51.5074,-0.1278,2025-04-08 11:21:48.995285,29.849794664943794,43.17351131271948,0.6055019796340575,21.80815209300445,50.266692141681766
London,51.5074,-0.1278,2025-04-09 11:21:48.995285,29.48687649264984,43.6112949671203,0.8470885284071519,22.614525545185984,44.617677916598986
London,51.5074,-0.1278,2025-04-10 11:21:48.995285,34.388059085273085,51.966097101846984,0.8403261627711809,24.241113234253845,48.5241379796779
London,51.5074,-0.1278,2025-04-11 11:21:48.995285,32.32805127962117,49.047108637195535,0.6255451115093472,23.775640799027432,59.45699726927423
London,51.5074,-0.1278,2025-04-12 11:21:48.995285,30.366953942214572,46.19080662316561,0.578401255493482,23.47580710443186,53.106982646532764
London,51.5074,-0.1278,2025-04-13 11:21:48.995285,32.59570328369274,48.61688436150636,0.703336577481738,21.0884388551374,37.5651509224457
London,51.5074,-0.1278,2025-04-14 11:21:48.995285,26.59392836656769,39.13604574759088,0.5962787771899313,22.37713355244785,55.91096282062601
London,51.5074,-0.1278,2025-04-15 11:21:48.995285,31.94694025191403,54.23595294395964,0.5127554209405791,23.21682433869393,55.078968313094265
London,51.5074,-0.1278,2025-04-16 11:21:48.995285,32.04064061018151,49.874535461137064,0.753876428271465,19.018558373477916,47.635015697405436
London,51.5074,-0.1278,2025-04-17 11:21:48.995285,23.637611702845874,36.28271250617406,0.7447016587203735,21.688824100876502,158.446760155098
London,51.5074,-0.1278,2025-04-18 11:21:48.995285,35.99470940410104,53.52564710973877,0.6358759730213406,24.17115995322315,44.72736489428784
London,51.5074,-0.1278,2025-04-19 11:21:48.995285,26.470683996789756,38.80358834129688,0.49127057508567684,19.10661644992634,46.46550020305531
London,51.5074,-0.1278,2025-04-20 11:21:48.995285,31.189271675075418,46.522306325159214,0.4918018284591263,26.33860629430434,56.09931582191413
London,51.5074,-0.1278,2025-04-21 11:21:48.995285,36.417951326778116,55.212584677340544,0.6226407813239506,26.60678609985041,47.0351887368041
London,51.5074,-0.1278,2025-04-22 11:21:48.995285,35.080788173975854,48.86031117283761,0.5590609842576271,18.990750464822998,38.82994826833481
London,51.5074,-0.1278,2025-04-23 11:21:48.995285,30.47896742446351,42.5796719459459,0.572036716418226,26.726509139960086,47.64443460852232
London,51.5074,-0.1278,2025-04-24 11:21:48.995285,28.348128895748186,41.24842856574436,0.705408793709171,22.14956718894286,47.34799390066601
London,51.5074,-0.1278,2025-04-25 11:21:48.995285,34.74997767733559,52.53924538956053,0.6735662944314109,23.761752744700043,53.510470048553934
London,51.5074,-0.1278,2025-04-26 11:21:48.995285,33.23620196013,49.3757566458913,0.7350688094714993,20.94141037915871,47.365772717509145
London,51.5074,-0.1278,2025-04-27 11:21:48.995285,26.61976997651799,42.88589741697596,0.495169579197047,25.124932020049606,44.959481057906494
London,51.5074,-0.1278,2025-04-28 11:21:48.995285,25.584598700076135,35.41210447612267,0.5568621818330206,23.497815524088296,52.06388112878291
London,51.5074,-0.1278,2025-04-29 11:21:48.995285,19.04341193502496,27.062426963330697,0.6640019264161102,19.76013415195966,47.21173292776298
London,51.5074,-0.1278,2025-04-30 11:21:48.995285,30.02016260811348,48.070427394152425,0.6298079020952,18.629395699951907,42.62489169171473
London,51.5074,-0.1278,2025-05-01 11:21:48.995285,114.72028345225688,172.3426638277356,0.7351092300218864,17.66587248845044,51.915327184942406
London,51.5074,-0.1278,2025-05-02 11:21:48.995285,34.616859639777374,53.69497462526838,0.6207717259217003,22.5317767125806,46.872162972431
London,51.5074,-0.1278,2025-05-03 11:21:48.995285,30.572355119441482,49.96102656570115,0.7603525034513483,23.60595406135903,45.68024931145666
London,51.5074,-0.1278,2025-05-04 11:21:48.995285,35.28828327816113,51.54481608143805,0.6263445263182675,23.761465689987162,46.315247918004786
London,51.5074,-0.1278,2025-05-05 11:21:48.995285,24.96930198712648,37.25532430510566,0.6753392072930127,21.374118279531533,39.83084283297802
London,51.5074,-0.1278,2025-05-06 11:21:48.995285,33.98483647708339,50.432400913763345,0.5335302017664604,18.17605304412956,42.30285835247627
London,51.5074,-0.1278,2025-05-07 11:21:48.995285,25.486488513834992,34.32054676178594,0.5640501293755643,19.519310810607788,44.71451862320132
London,51.5074,-0.1278,2025-05-08 11:21:48.995285,31.855108501696268,47.16186914503247,0.6504370042386457,24.940610013253227,43.477373813978964
London,51.5074,-0.1278,2025-05-09 11:21:48.995285,20.50851478933869,32.52489655876936,0.7173439520991486,19.947267682195832,50.56560204207121
London,51.5074,-0.1278,2025-05-10 11:21:48.995285,28.81233142411101,44.299676219791,0.6256567934766767,21.748580355684464,45.042011654555125
London,51.5074,-0.1278,2025-05-11 11:21:48.995285,17.546782097579808,27.55833948514573,0.5410872589027252,18.008159451680015,47.97985232039605
London,51.5074,-0.1278,2025-05-12 11:21:48.995285,25.96736927259735,38.200035947617025,0.6837946369989566,22.161277487530167,43.50156182633843
London,51.5074,-0.1278,2025-05-13 11:21:48.995285,29.33697912378753,42.69327421367001,0.3235063174599711,19.694550892161747,48.48425615032755
London,51.5074,-0.1278,2025-05-14 11:21:48.995285,24.36188614178029,39.08134055646767,0.39711112780802793,24.123502590295175,44.93773212976942
London,51.5074,-0.1278,2025-05-15 11:21:48.995285,21.545477713475787,31.32358227749834,0.6041167395119514,23.219506047248252,42.76360121282573
London,51.5074,-0.1278,2025-05-16 11:21:48.995285,30.85866247586484,46.87615779138369,0.533972238213016,19.326917224967886,42.37568974928266
London,51.5074,-0.1278,2025-05-17 11:21:48.995285,25.940678019964135,39.23768639130128,0.5897112044963916,20.349003902556387,37.41479482234331
London,51.5074,-0.1278,2025-05-18 11:21:48.995285,23.839628539372455,38.68287684157292,0.5321903877337104,18.99039216714102,44.46580126247028
London,51.5074,-0.1278,2025-05-19 11:21:48.995285,26.326069676988332,41.431929230827215,0.5794263708847263,16.299995445973448,41.47386143414354
London,51.5074,-0.1278,2025-05-20 11:21:48.995285,39.128713207899935,56.10255257051566,0.4374670678641207,17.900356460444346,38.90809144635196
London,51.5074,-0.1278,2025-05-21 11:21:48.995285,31.54137904124235,44.93696222831345,0.5725259044546617,20.981584379329774,46.693106042562306
London,51.5074,-0.1278,2025-05-22 11:21:48.995285,31.415001114597132,48.28032130803397,0.6114841082939171,21.27684488151771,34.65211903101289
London,51.5074,-0.1278,2025-05-23 11:21:48.995285,27.607953925007127,41.28325559275236,0.6306595069940294,20.660754875800567,38.53285401790579
London,51.5074,-0.1278,2025-05-24 11:21:48.995285,26.090610765157063,38.22557257982807,0.7065191175102966,19.22389303925976,45.52587034730466
London,51.5074,-0.1278,2025-05-25 11:21:48.995285,13.105658527234805,21.689743558841148,0.5261312437279764,22.842234801606402,41.7067196579316
London,51.5074,-0.1278,2025-05-26 11:21:48.995285,21.519028298797462,32.65346121237401,1.5770091279209408,20.147590729239372,39.631600408405895
London,51.5074,-0.1278,2025-05-27 11:21:48.995285,22.338943531716303,33.613330071353346,0.3425190655371887,21.980669283152178,40.867741112343744
London,51.5074,-0.1278,2025-05-28 11:21:48.995285,15.195317349717032,24.352633306085647,0.4382544132852514,14.463563438369793,40.25173736017626
London,51.5074,-0.1278,2025-05-29 11:21:48.995285,18.610788275264902,27.165964423010223,0.46864913712618017,7.931732858316009,31.5134881080835
London,51.5074,-0.1278,2025-05-30 11:21:48.995285,14.3219528530522,24.61996725052341,0.5895546593809429,20.464431687346924,37.09289338475825
London,51.5074,-0.1278,2025-05-31 11:21:48.995285,23.863013323341143,34.2184247385457,0.41999253762759725,15.253019289749536,46.664557025310756
London,51.5074,-0.1278,2025-06-01 11:21:48.995285,27.977239783027137,43.279717807224884,0.5573022005505444,18.804349856252358,35.028494219288746
London,51.5074,-0.1278,2025-06-02 11:21:48.995285,29.246390818595835,46.73725190521344,0.47408819281314585,18.44996798966328,36.47727226768962
London,51.5074,-0.1278,2025-06-03 11:21:48.995285,25.615930341197462,35.66930453325199,0.45312334910454893,24.03320582264724,35.10490822965595
London,51.5074,-0.1278,2025-06-04 11:21:48.995285,18.55494816462199,27.145751895228088,0.49232799432562235,20.385954594138237,37.12281868933157
London,51.5074,-0.1278,2025-06-05 11:21:48.995285,13.54200835014458,22.597427310987985,0.4249310456296033,19.598744151768205,34.38788705749508
London,51.5074,-0.1278,2025-06-06 11:21:48.995285,14.248927605056728,23.687880503047143,0.41776169723201817,21.52760901493314,39.48361416388666
London,51.5074,-0.1278,2025-06-07 11:21:48.995285,16.51987795932955,24.436825738217845,0.2868172263330293,20.037888183318138,37.78375332985439
London,51.5074,-0.1278,2025-06-08 11:21:48.995285,18.25264480751551,25.909625023919546,0.42914344522108866,17.47544066988164,40.41315302207592
London,51.5074,-0.1278,2025-06-09 11:21:48.995285,21.731035705232713,34.508425202510594,1.207796247866821,21.979316888359,31.039961461841173
London,51.5074,-0.1278,2025-06-10 11:21:48.995285,17.292523982085086,28.30588417829084,0.3956688025194906,15.352422152695143,34.34331519466537
London,51.5074,-0.1278,2025-06-11 11:21:48.995285,23.892572716349143,33.50953237749892,0.4856411712191608,19.568588186604604,34.66792671395108
London,51.5074,-0.1278,2025-06-12 11:21:48.995285,20.871504293267733,28.899429141968838,0.5065206314243529,13.873726521223615,37.827542261340625
London,51.5074,-0.1278,2025-06-13 11:21:48.995285,21.92165814934686,33.33300058798749,0.4605980422770674,19.04629636786885,31.337288399927424
London,51.5074,-0.1278,2025-06-14 11:21:48.995285,27.40716794111072,42.36947317852387,0.5336598226000414,18.931926514196135,39.63714178792377
London,51.5074,-0.1278,2025-06-15 11:21:48.995285,15.642718202290817,22.865939132976116,0.48843373004888985,23.30130332239032,40.74789326252704
London,51.5074,-0.1278,2025-06-16 11:21:48.995285,23.476385584164166,36.57316601621095,0.3981516348734823,13.496509666025824,29.629932300875574
London,51.5074,-0.1278,2025-06-17 11:21:48.995285,21.153054205579988,30.309308094695215,0.3781727783877691,16.30879864641874,31.8800160474727
London,51.5074,-0.1278,2025-06-18 11:21:48.995285,19.39666582858686,24.865611544732815,0.45256416834539137,20.500095896440097,31.43648830869254
London,51.5074,-0.1278,2025-06-19 11:21:48.995285,25.33272201617359,37.15128087959519,0.47550551922706585,18.95917197511382,47.02159164115318
London,51.5074,-0.1278,2025-06-20 11:21:48.995285,25.145067373089496,37.84406535266045,0.554784362709239,55.24774036249423,94.42648312325178
London,51.5074,-0.1278,2025-06-21 11:21:48.995285,15.86235817655291,23.24185734503645,0.5310135476239105,14.928998969371905,41.780345445523245
London,51.5074,-0.1278,2025-06-22 11:21:48.995285,19.53013014562579,26.977988691119716,0.3546713606475913,15.948011488183418,26.828239621840062
London,51.5074,-0.1278,2025-06-23 11:21:48.995285,21.694463336181688,28.9103970525149,0.39556747045250107,21.379325486300452,27.98435255407022
London,51.5074,-0.1278,2025-06-24 11:21:48.995285,18.772239188800178,27.13018117446447,0.46984723907003895,17.414108883194764,29.27288673412864
London,51.5074,-0.1278,2025-06-25 11:21:48.995285,22.91268852698124,36.164344333771346,0.5065514151167421,18.619870021204544,28.252926241080754
London,51.5074,-0.1278,2025-06-26 11:21:48.995285,21.24533617939285,34.38039914791664,0.4906844686673087,17.0741230585913,30.91957046396972
London,51.5074,-0.1278,2025-06-27 11:21:48.995285,28.85550572016073,45.658685348518006,0.3874662070844787,13.79709321344104,28.49515826396351
London,51.5074,-0.1278,2025-06-28 11:21:48.995285,11.896199934944555,16.212480832119727,0.2655496470490182,20.075229085521734,27.724685458217373
London,51.5074,-0.1278,2025-06-29 11:21:48.995285,18.79192742716125,25.88047849348115,0.2881885098934056,18.711750841546607,37.39852104621399
London,51.5074,-0.1278,2025-06-30 11:21:48.995285,14.719764763395801,23.07291637505349,0.41250889785107653,24.048049172579944,37.51238409400096
London,51.5074,-0.1278,2025-07-01 11:21:48.995285,22.142684754270487,34.48422715460158,0.4166655074839399,14.014329599585999,35.92970370748948
London,51.5074,-0.1278,2025-07-02 11:21:48.995285,10.897899917523048,17.147189086685568,0.269807250011577,19.45959844747683,33.5956338295478
London,51.5074,-0.1278,2025-07-03 11:21:48.995285,20.578717551491156,26.83994977876121,0.38140004109626163,12.988945102072357,31.23444632944785
London,51.5074,-0.1278,2025-07-04 11:21:48.995285,15.562129697299952,21.609425376182994,0.4373698727780114,17.328225630040063,28.083404327732936
London,51.5074,-0.1278,2025-07-05 11:21:48.995285,14.908643537029295,22.303587724971987,0.2564663916019728,19.719246201006676,25.603391777676087
London,51.5074,-0.1278,2025-07-06 11:21:48.995285,11.215945410205714,17.798354504569428,0.47946844873862443,10.507812865665114,31.98763315902716
London,51.5074,-0.1278,2025-07-07 11:21:48.995285,15.993981626859638,25.525587165494432,0.3286341123013108,16.04488325620751,24.11089007406301
London,51.5074,-0.1278,2025-07-08 11:21:48.995285,23.614768556684467,35.71065987959078,0.4896066293622619,14.906503750487058,24.818794211967795
London,51.5074,-0.1278,2025-07-09 11:21:48.995285,17.94124431348283,27.573434083300718,0.30799851004501455,14.427721970679752,35.36534787771939
London,51.5074,-0.1278,2025-07-10 11:21:48.995285,21.082565988300598,31.793579899173103,0.2562207296901466,17.627719906242174,38.91949105700277
London,51.5074,-0.1278,2025-07-11 11:21:48.995285,26.146439973071757,40.590898708044605,0.31065091828063573,19.773672550887976,31.20132198569298
London,51.5074,-0.1278,2025-07-12 11:21:48.995285,19.023202383248005,29.16053487785383,0.3445736768749705,15.952376083880097,34.58892245017591
London,51.5074,-0.1278,2025-07-13 11:21:48.995285,14.793782031202339,22.32214836689808,0.31290760715313276,16.910349228437084,27.652428250051145
London,51.5074,-0.1278,2025-07-14 11:21:48.995285,19.809592800593865,29.177651602616038,0.327866492336287,16.579592121517702,22.021626656581457
London,51.5074,-0.1278,2025-07-15 11:21:48.995285,14.639633140523111,22.12203256086963,0.3806187924095104,16.18596745511653,31.60252890123478
London,51.5074,-0.1278,2025-07-16 11:21:48.995285,14.729046169843745,23.062752012444168,0.327905254746952,12.857551880028478,31.223185995844712
London,51.5074,-0.1278,2025-07-17 11:21:48.995285,9.544037451117932,14.851006954473021,0.3362587895890564,19.397084529775107,28.573594943220506
London,51.5074,-0.1278,2025-07-18 11:21:48.995285,21.66945881759581,33.265841063084224,0.1698407873232173,16.904671785563433,26.845379752735212
London,51.5074,-0.1278,2025-07-19 11:21:48.995285,15.005187658543356,25.193225210517404,0.3778738123368583,17.15224473840301,32.71385369809132
London,51.5074,-0.1278,2025-07-20 11:21:48.995285,17.74511071462015,27.1479939174234,0.32777205994165004,13.497780855693673,22.82326406117389
London,51.5074,-0.1278,2025-07-21 11:21:48.995285,11.556648369727709,16.036975513645245,0.4957584583035053,14.490567812412731,23.73578412468807
London,51.5074,-0.1278,2025-07-22 11:21:48.995285,18.820483354390998,29.997938603574834,0.23885838739087684,15.291970009774484,22.420585274918313
London,51.5074,-0.1278,2025-07-23 11:21:48.995285,12.73780323579395,16.37430817835309,0.15012065567943583,11.17138063288813,27.746128952883186
London,51.5074,-0.1278,2025-07-24 11:21:48.995285,15.748234693992611,21.45952527951034,0.39094241544303876,10.664286175657832,21.745702393206308
London,51.5074,-0.1278,2025-07-25 11:21:48.995285,20.757708875696515,31.80825784298491,0.3620242762213177,13.882045567834739,23.63165717667511
London,51.5074,-0.1278,2025-07-26 11:21:48.995285,20.23673337406943,31.387893396677303,0.2248154342050211,17.209030705780563,23.395627408224186
London,51.5074,-0.1278,2025-07-27 11:21:48.995285,16.089727597679943,21.644488949511924,0.17102266370488367,13.6405268103425,25.496775278727174
London,51.5074,-0.1278,2025-07-28 11:21:48.995285,7.27877161017148,10.15252245328372,0.4761282085425304,12.503297794080396,19.24226792853772
London,51.5074,-0.1278,2025-07-29 11:21:48.995285,31.005659942954118,45.29632224999186,0.4622431809136964,13.076746586612446,26.9984355991627
London,51.5074,-0.1278,2025-07-30 11:21:48.995285,24.69573682811884,36.07025259641507,0.07058316366445025,14.117193718940642,32.68618121845313
London,51.5074,-0.1278,2025-07-31 11:21:48.995285,19.50732782349933,31.148187287794887,0.2720567710555067,14.385399961068607,27.018387410170565
London,51.5074,-0.1278,2025-08-01 11:21:48.995285,12.058144831451212,19.50022817427132,0.4829024802665113,21.908646226322702,33.9428513331157
London,51.5074,-0.1278,2025-08-02 11:21:48.995285,15.189131969559241,22.745453594631446,0.2675355997835946,18.542408274496488,32.80563009648822
London,51.5074,-0.1278,2025-08-03 11:21:48.995285,12.975658540737621,18.371563956876578,0.26479399038973883,18.42070268165529,29.92781627066958
London,51.5074,-0.1278,2025-08-04 11:21:48.995285,21.950466232527628,30.22640000835116,0.2843477979779768,18.821334361342988,26.320209018752955
London,51.5074,-0.1278,2025-08-05 11:21:48.995285,16.88490302035496,28.16772440809634,0.1993580739450999,12.28973167504575,25.971084790370888
London,51.5074,-0.1278,2025-08-06 11:21:48.995285,11.595564908079119,18.577575162688515,0.13985010957476124,11.591098254977423,29.593575161633726
London,51.5074,-0.1278,2025-08-07 11:21:48.995285,13.109414538071636,18.250783598961174,0.4145185317473858,11.910984142245603,23.736432003023154
London,51.5074,-0.1278,2025-08-08 11:21:48.995285,21.01876254297656,32.96734280971462,0.12396274597777313,19.209929315077034,16.206628987853232
London,51.5074,-0.1278,2025-08-09 11:21:48.995285,23.365783748460906,34.90822838154211,0.33203303549804586,13.541071890531784,28.007962042052572
London,51.5074,-0.1278,2025-08-10 11:21:48.995285,22.962279987190588,33.8692009710612,0.3950703926709521,11.40624253816182,19.82559010496418
London,51.5074,-0.1278,2025-08-11 11:21:48.995285,19.063978358979277,29.46639059504812,0.1604537307840719,13.846420416195254,20.607520909612163
London,51.5074,-0.1278,2025-08-12 11:21:48.995285,13.976770149663134,19.48215872466925,0.2123710496140192,14.404130651694276,25.360961480493415
London,51.5074,-0.1278,2025-08-13 11:21:48.995285,0.0,-0.6875130390202201,0.425395180510061,15.907171362856237,24.8301702375503
London,51.5074,-0.1278,2025-08-14 11:21:48.995285,16.656534599241287,25.227724027261022,0.35670386162670753,15.838220302236218,18.19572368872211
London,51.5074,-0.1278,2025-08-15 11:21:48.995285,15.131374706141195,21.698159673441364,0.2410817993193452,12.585717558560324,26.038235571208247
London,51.5074,-0.1278,2025-08-16 11:21:48.995285,15.813134579283364,25.057872289460093,0.42248938228964905,17.11358122637943,30.00053445082014
London,51.5074,-0.1278,2025-08-17 11:21:48.995285,15.358346095231486,26.77565215020375,0.4224307595467393,13.126849078782254,19.491581188769267
London,51.5074,-0.1278,2025-08-18 11:21:48.995285,33.74448279032029,49.10812792026615,0.32825389944808786,14.564886743547799,31.463563915232584
London,51.5074,-0.1278,2025-08-19 11:21:48.995285,17.835989673248953,23.42373391726534,0.2109629149924942,17.084795656006577,17.272566207839816
London,51.5074,-0.1278,2025-08-20 11:21:48.995285,18.19449255261755,23.288258493973803,0.25932334930198647,13.091241279396126,35.63673719554222
London,51.5074,-0.1278,2025-08-21 11:21:48.995285,18.432522301644376,27.347847169476598,0.3290552422224606,13.302359924929627,22.9749404346017
London,51.5074,-0.1278,2025-08-22 11:21:48.995285,19.7440878620166,28.289802612772533,0.28136457396824444,16.780605571154226,25.744889250358952
London,51.5074,-0.1278,2025-08-23 11:21:48.995285,18.024795417734545,27.45291412873598,0.3939864616860137,12.429069066748156,15.54663792726129
London,51.5074,-0.1278,2025-08-24 11:21:48.995285,12.950686355758068,19.691224877689304,0.14703926025811875,13.846040635914099,24.690569787832388
London,51.5074,-0.1278,2025-08-25 11:21:48.995285,14.645908363057647,18.76242885135828,0.1505754991461381,16.667272835447726,26.14254979254811
London,51.5074,-0.1278,2025-08-26 11:21:48.995285,15.457939316467977,19.557141315739152,0.3181334107522651,21.163434814408472,24.572661949804164
London,51.5074,-0.1278,2025-08-27 11:21:48.995285,15.545997133136257,23.910862180396578,0.25099555637137283,16.819963458089823,22.19584444614288
London,51.5074,-0.1278,2025-08-28 11:21:48.995285,20.006734068303007,30.280958771894426,0.23760805429911303,16.425742183192213,20.29064609002746
London,51.5074,-0.1278,2025-08-29 11:21:48.995285,18.2450940340309,26.516005054313247,0.12372933346092913,16.60577988547741,30.69275850106422
London,51.5074,-0.1278,2025-08-30 11:21:48.995285,101.7101089455119,149.25087624800324,0.3027707852503823,11.800834197062954,25.21525073278206
London,51.5074,-0.1278,2025-08-31 11:21:48.995285,26.09016583048384,40.07803127125574,0.295880907821133,15.375700681569963,32.790493279174584
London,51.5074,-0.1278,2025-09-01 11:21:48.995285,15.476025818890301,25.75783781918334,0.3669034563115876,14.949589487901132,22.484255084756402
London,51.5074,-0.1278,2025-09-02 11:21:48.995285,0.0,0.5559648804378445,0.3089041142946266,16.015091145681502,22.97703910682862
London,51.5074,-0.1278,2025-09-03 11:21:48.995285,21.31066790669647,30.271054078914577,0.289269703697153,15.412776945457681,29.267729587071017
London,51.5074,-0.1278,2025-09-04 11:21:48.995285,12.453380137543805,18.76917453745801,0.4208053003286153,16.216729948490876,17.118017938700795
London,51.5074,-0.1278,2025-09-05 11:21:48.995285,11.179515688128872,14.037045370325936,0.1724919756008231,14.159066063944348,19.213086145161245
London,51.5074,-0.1278,2025-09-06 11:21:48.995285,13.229290209996599,21.959856742672482,0.3580692535836263,15.286585044587095,30.819699734180972
London,51.5074,-0.1278,2025-09-07 11:21:48.995285,13.025780214202761,19.70235899036322,0.13806519248598093,11.44601202596692,19.528823526297714
London,51.5074,-0.1278,2025-09-08 11:21:48.995285,18.360709832011892,24.004750924511374,0.22215102762961778,14.189958556733723,16.353786095714657
London,51.5074,-0.1278,2025-09-09 11:21:48.995285,7.545421727820322,10.716783870843118,0.1855862992066976,19.343800956255656,34.85653687554263
London,51.5074,-0.1278,2025-09-10 11:21:48.995285,10.000098432318984,15.926750668946937,0.38596829677073163,16.150776099523263,18.61396500254446
London,51.5074,-0.1278,2025-09-11 11:21:48.995285,17.153444505068023,25.06407151565099,0.3022120113220795,15.15606275489124,26.577074592762262
London,51.5074,-0.1278,2025-09-12 11:21:48.995285,18.604154989115003,27.354441040792157,0.3084383722816716,20.933087247287272,26.07957821919405
London,51.5074,-0.1278,2025-09-13 11:21:48.995285,18.751744350408632,25.678812111518408,0.20020742374162634,11.18951312796105,11.76291260550244
London,51.5074,-0.1278,2025-09-14 11:21:48.995285,11.666258025914551,18.632469013035138,0.28205943881833206,11.972353043951863,24.565574015032524
London,51.5074,-0.1278,2025-09-15 11:21:48.995285,10.770299465439548,14.858510798121046,0.2368860239045038,20.468948089714193,28.23450781505167
London,51.5074,-0.1278,2025-09-16 11:21:48.995285,13.19140899526844,15.474222738892593,0.35283716476958227,15.50017439025082,27.858421653906355
London,51.5074,-0.1278,2025-09-17 11:21:48.995285,16.98965088425728,24.741961585045132,0.21669662892351166,14.667394452547445,30.703034103267985
London,51.5074,-0.1278,2025-09-18 11:21:48.995285,23.28610696450941,36.89145987790482,0.45015383888344085,11.831747083786402,24.350623602692824
London,51.5074,-0.1278,2025-09-19 11:21:48.995285,5.6926759431198874,7.765155021479936,0.15103919247706332,16.808019735171854,29.95731501842126
London,51.5074,-0.1278,2025-09-20 11:21:48.995285,14.900047518685733,25.82604124827564,0.23942184282389517,17.13522526032117,23.05889161481599
London,51.5074,-0.1278,2025-09-21 11:21:48.995285,9.416794330278496,14.983127392514778,0.48932378170469987,12.25661018519757,19.567942721042893
London,51.5074,-0.1278,2025-09-22 11:21:48.995285,7.898111513798913,12.524683595259102,0.2796726232151238,15.158835693631895,20.25034547244338
London,51.5074,-0.1278,2025-09-23 11:21:48.995285,21.075866175281654,31.357002731087263,0.19333379253071015,14.613993978179586,19.551072146859276
London,51.5074,-0.1278,2025-09-24 11:21:48.995285,19.04855932520072,28.4362665722725,0.34841588530784745,16.43064966560833,32.03608451851201
London,51.5074,-0.1278,2025-09-25 11:21:48.995285,18.65952799697828,27.462444725228412,0.28070798412338516,12.348429481959053,19.54567308057017
London,51.5074,-0.1278,2025-09-26 11:21:48.995285,21.10695828337969,31.05589864090448,0.24644955613266387,19.50675690590183,28.6229378303336
London,51.5074,-0.1278,2025-09-27 11:21:48.995285,14.195221459824536,22.3545665138711,0.22228923779323256,18.54437931662042,26.06110294512066
London,51.5074,-0.1278,2025-09-28 11:21:48.995285,14.525106154674281,19.91599677243029,0.6106032352894327,14.754620191972514,27.019197737259724
London,51.5074,-0.1278,2025-09-29 11:21:48.995285,27.713887550588726,39.41904366843457,0.31054949932110343,15.243361098572814,34.49588817646228
London,51.5074,-0.1278,2025-09-30 11:21:48.995285,15.651754138628519,21.231241106192023,0.14513545216524004,15.533038254130346,25.634777278813218
London,51.5074,-0.1278,2025-10-01 11:21:48.995285,20.662049683523684,35.084383620639834,0.48909875826561805,13.658268900107103,31.03759148512826
London,51.5074,-0.1278,2025-10-02 11:21:48.995285,17.122451137248802,26.744362509214362,0.4029179591597016,14.714983461511007,28.3236319055539
London,51.5074,-0.1278,2025-10-03 11:21:48.995285,7.955748838900163,12.542607661710534,0.267294186683866,15.287709641622293,27.53546770577487
London,51.5074,-0.1278,2025-10-04 11:21:48.995285,7.082706712154277,8.509030727644552,0.2528051257545982,20.991530977701693,39.958623218673296
London,51.5074,-0.1278,2025-10-05 11:21:48.995285,14.52202081551485,23.02971582462193,0.41568611792011056,19.048325882598498,21.418704144244714
London,51.5074,-0.1278,2025-10-06 11:21:48.995285,22.81078538138439,33.983035379169934,0.3259137497117435,19.069103683527093,35.2410778617389
London,51.5074,-0.1278,2025-10-07 11:21:48.995285,21.58728805354016,32.80926996257374,0.16031881356269267,17.432691724193244,32.250777482990074
London,51.5074,-0.1278,2025-10-08 11:21:48.995285,22.333945438161045,31.54767752551446,0.5339951888012844,13.029798781726734,26.747714452402395
London,51.5074,-0.1278,2025-10-09 11:21:48.995285,12.948202882500674,19.742842038586165,0.3142696293220493,16.317243574858985,37.47174325298143
London,51.5074,-0.1278,2025-10-10 11:21:48.995285,26.084779180095097,38.27950169372968,0.5096655082379132,19.414173743581905,20.26757453228261
London,51.5074,-0.1278,2025-10-11 11:21:48.995285,13.305005826831401,18.426286426186724,0.490432942351838,12.789942275779797,27.085375205149628
London,51.5074,-0.1278,2025-10-12 11:21:48.995285,19.319685805020384,30.447741379145075,0.26501032178512945,18.537441526455062,23.840934696160435
London,51.5074,-0.1278,2025-10-13 11:21:48.995285,18.331892368038528,24.422422934997787,0.470992062787859,23.659654584576906,32.135898050723114
London,51.5074,-0.1278,2025-10-14 11:21:48.995285,17.64433528807725,27.59605546074418,0.3051298328066355,19.942302132794286,24.705236078539386
London,51.5074,-0.1278,2025-10-15 11:21:48.995285,25.338637682576255,39.376928790970375,0.1862434811415703,21.064925902235075,32.63383522035393
London,51.5074,-0.1278,2025-10-16 11:21:48.995285,15.253979914761517,21.121682521039794,0.3331308337096121,17.544782509122143,29.73711669427921
London,51.5074,-0.1278,2025-10-17 11:21:48.995285,12.167205020289098,16.610150608168713,0.41806837615460263,19.861411495719338,28.476077234992683
London,51.5074,-0.1278,2025-10-18 11:21:48.995285,19.15271056142446,28.283014479603885,0.3347809978082134,14.872806922134075,33.022335925755094
London,51.5074,-0.1278,2025-10-19 11:21:48.995285,17.192863594029355,26.35336781196847,0.35313511121672964,19.483590069754673,29.94488777850266
London,51.5074,-0.1278,2025-10-20 11:21:48.995285,36.21989703250205,54.02413556512462,0.5010162532346376,19.129655620726698,26.05629944033803
London,51.5074,-0.1278,2025-10-21 11:21:48.995285,22.85818425052367,35.15440129616927,0.4001623353954851,18.107556956274887,45.72033525066059
London,51.5074,-0.1278,2025-10-22 11:21:48.995285,17.57324540852389,29.885827417860632,0.30806913456384494,21.257996401464,29.494086511779788
London,51.5074,-0.1278,2025-10-23 11:21:48.995285,14.485286080409065,20.71249558231417,0.4655199108936226,15.766567449630081,21.060720488756672
London,51.5074,-0.1278,2025-10-24 11:21:48.995285,10.511848508635035,12.337412821545712,0.4180333679250037,16.895472731318492,28.159442393611496
London,51.5074,-0.1278,2025-10-25 11:21:48.995285,14.93614906971306,24.056070770630896,0.1490844098218002,17.817508373275004,26.25698330573669
London,51.5074,-0.1278,2025-10-26 11:21:48.995285,20.787370457637778,34.547684838311724,0.4470885233539872,14.517497886152857,36.94972047846576
London,51.5074,-0.1278,2025-10-27 11:21:48.995285,27.501140548945337,42.03724754952026,0.4464728165910399,18.363044476886486,34.65500923441516
London,51.5074,-0.1278,2025-10-28 11:21:48.995285,26.126152294535487,37.01373109109589,0.4123662446100039,12.602062052436406,35.27012388284556
London,51.5074,-0.1278,2025-10-29 11:21:48.995285,21.81771823272758,32.47879262262097,0.5026149395968712,20.97698564053247,31.658253782557306
London,51.5074,-0.1278,2025-10-30 11:21:48.995285,19.212225645364406,26.581291499623344,0.3493219210448864,18.053944086636314,32.345344725530644
London,51.5074,-0.1278,2025-10-31 11:21:48.995285,22.32918189000103,34.779483822927446,0.45335238104089537,16.42988134225884,32.12302464387205
London,51.5074,-0.1278,2025-11-01 11:21:48.995285,18.550175950141046,25.1226831198147,0.2661713816345432,15.568562131896599,33.80908298566854
London,51.5074,-0.1278,2025-11-02 11:21:48.995285,29.894574549912647,44.24160425121257,0.4667641297617485,17.447640196689072,38.63079903346408
London,51.5074,-0.1278,2025-11-03 11:21:48.995285,20.517287871860876,28.767256155203505,0.6245707451187152,20.296398521435382,36.37523522988115
London,51.5074,-0.1278,2025-11-04 11:21:48.995285,21.19308171282523,32.04327193950777,0.3330097848344232,19.955602438242114,37.43772065419263
London,51.5074,-0.1278,2025-11-05 11:21:48.995285,10.708191257973008,15.329603532683997,0.35976585446274945,16.277037849702793,37.67874961586054
London,51.5074,-0.1278,2025-11-06 11:21:48.995285,20.973613520823285,31.813944487735455,0.3680142107795869,15.93727485883565,39.84839381706435
London,51.5074,-0.1278,2025-11-07 11:21:48.995285,26.29759636101861,39.49109565146065,0.45530333600403755,20.528283954555892,37.11351371449212
London,51.5074,-0.1278,2025-11-08 11:21:48.995285,16.941805539466223,23.439390253751114,0.3393047412078072,16.473166998484384,37.714868000383014
London,51.5074,-0.1278,2025-11-09 11:21:48.995285,18.692865376374055,29.293052191619125,0.49105407884586044,18.90296284665757,42.11373177922297
London,51.5074,-0.1278,2025-11-10 11:21:48.995285,26.576827428608823,39.767709839227,0.5369494413457265,19.17790009754308,33.09467891989519
London,51.5074,-0.1278,2025-11-11 11:21:48.995285,15.397498752368065,21.1191901128203,0.509050418744545,19.82657883015938,32.392464405179965
London,51.5074,-0.1278,2025-11-12 11:21:48.995285,28.2379600390234,46.83879317094669,0.28213755746246894,21.549288791202518,30.99382450603643
London,51.5074,-0.1278,2025-11-13 11:21:48.995285,20.45701345070205,31.638380509487323,0.5618714245472118,45.80993292054544,38.091172170452616
London,51.5074,-0.1278,2025-11-14 11:21:48.995285,21.344227455729207,31.709820076795197,0.5594781125890724,13.410056303311146,28.161941631182216
London,51.5074,-0.1278,2025-11-15 11:21:48.995285,17.83751976772922,29.586688704997474,0.5521543731017743,17.52611405299354,39.99613817033417
London,51.5074,-0.1278,2025-11-16 11:21:48.995285,25.517443581006763,41.95979659028336,0.5098284704429294,24.71819136293023,37.394852945798256
London,51.5074,-0.1278,2025-11-17 11:21:48.995285,36.097279476153375,53.85522036960229,0.49797732244064274,25.465482075765372,43.87007782561499
London,51.5074,-0.1278,2025-11-18 11:21:48.995285,27.876469222828806,42.509498807112735,0.5826186003231526,24.978022919460486,35.09388798596351
London,51.5074,-0.1278,2025-11-19 11:21:48.995285,19.818925702922854,27.752382918378398,0.6751583890128561,18.991231903030698,37.693936591850765
London,51.5074,-0.1278,2025-11-20 11:21:48.995285,29.990078659434175,44.69073248761524,0.39093546830305087,14.30964262003391,44.57898026443203
London,51.5074,-0.1278,2025-11-21 11:21:48.995285,22.90040559809621,33.952483289624574,0.5974886061348263,12.712784358928207,46.141383225541944
London,51.5074,-0.1278,2025-11-22 11:21:48.995285,31.52820879091034,47.66196725360882,0.48449396787470556,17.985777457238036,36.08291399689971
London,51.5074,-0.1278,2025-11-23 11:21:48.995285,28.86124844926346,43.95739363116921,0.4835900235659729,19.31971232877274,40.65070582059827
London,51.5074,-0.1278,2025-11-24 11:21:48.995285,10.28429217264134,16.54609515661813,0.34634693096179625,23.90187620316788,41.472094888420244
New York,40.7128,-74.006,2024-11-24 11:21:48.995285,33.748832529404154,50.66379257835081,0.5682652507292588,16.915884022721407,34.453462337510025
New York,40.7128,-74.006,2024-11-25 11:21:48.995285,17.37832229586764,23.003039869320837,0.4231048005145379,20.29231695106989,31.35379214193601
New York,40.7128,-74.006,2024-11-26 11:21:48.995285,19.667634710033592,28.961970851827072,0.5696241708866833,14.704505027053923,40.7684579950384
New York,40.7128,-74.006,2024-11-27 11:21:48.995285,24.207258304112056,36.81664077119942,0.5320030612051001,16.994297960229044,47.08568446170717
New York,40.7128,-74.006,2024-11-28 11:21:48.995285,35.31272683395848,56.538361464837266,0.5657433856275667,21.49040596168401,45.661059610015094
New York,40.7128,-74.006,2024-11-29 11:21:48.995285,24.318364838607533,37.28298363645094,0.44873439783335617,17.457731465078535,40.87991050243365
New York,40.7128,-74.006,2024-11-30 11:21:48.995285,25.871347524220294,40.05747822807665,0.5334302279253856,18.8817896917658,50.28147395258901
New York,40.7128,-74.006,2024-12-01 11:21:48.995285,33.36247346851634,52.372661896874526,0.4423554589583747,22.080299430640576,38.95781371925742
New York,40.7128,-74.006,2024-12-02 11:21:48.995285,24.871197008305288,35.377480334667815,0.3127425444260497,18.94883543712553,32.470018272708856
New York,40.7128,-74.006,2024-12-03 11:21:48.995285,20.65090464198943,30.646191638242176,0.6306922209906946,23.24007032297048,31.40412583895941
New York,40.7128,-74.006,2024-12-04 11:21:48.995285,24.6267572656232,41.790961082042585,0.38401973066734374,21.50345408336558,36.66344245974358
New York,40.7128,-74.006,2024-12-05 11:21:48.995285,33.73622626746133,50.44609495642298,0.5483639884468905,22.24818288498973,46.906524363959804
New York,40.7128,-74.006,2024-12-06 11:21:48.995285,27.405369983961872,43.34091647350722,0.5743211129186278,24.748419295558694,39.90255408069236
New York,40.7128,-74.006,2024-12-07 11:21:48.995285,36.87250642532295,57.23623539233064,0.5770406041871387,22.069076752863026,45.63361590434899
New York,40.7128,-74.006,2024-12-08 11:21:48.995285,31.076402291370275,43.65837600828004,0.519426645841365,25.80990570143778,51.81150840800914
New York,40.7128,-74.006,2024-12-09 11:21:48.995285,24.329488269194453,37.11519095780354,0.5781918065512347,24.010553324694406,38.32981461385377
New York,40.7128,-74.006,2024-12-10 11:21:48.995285,27.974963097666446,42.255939590910124,0.6014883384853373,19.789433498167156,46.471871021991035
New York,40.7128,-74.006,2024-12-11 11:21:48.995285,23.618733738096694,36.08801818282591,0.6311929681513203,25.32185638946686,47.02205185648775
New York,40.7128,-74.006,2024-12-12 11:21:48.995285,24.70704709331904,35.55234568039644,0.7343283788696842,66.94861255797085,40.27012842747882
New York,40.7128,-74.006,2024-12-13 11:21:48.995285,50.60811787205243,73.67833778425432,0.5876733474882934,20.422309182480312,51.590099551610884
New York,40.7128,-74.006,2024-12-14 11:21:48.995285,33.468351546110185,49.25050731912358,0.5739094644205929,22.522771583933217,43.624308216164316
New York,40.7128,-74.006,2024-12-15 11:21:48.995285,32.842251166797084,49.06778675602722,0.48006232790026493,25.105361084052646,43.38637692808053
New York,40.7128,-74.006,2024-12-16 11:21:48.995285,25.58134385236641,40.74198467375024,0.6175395409680683,23.213757997180032,56.103934235449955
New York,40.7128,-74.006,2024-12-17 11:21:48.995285,36.70455439384147,58.69145323021341,0.6438709915627783,27.395495528872228,48.3987848054877
New York,40.7128,-74.006,2024-12-18 11:21:48.995285,34.51195790102442,54.56113254398298,0.5610672794130319,25.267031619726332,50.64877258651708
New York,40.7128,-74.006,2024-12-19 11:21:48.995285,38.58004247291203,59.590434130931726,0.637899970940867,23.655448113268072,53.032368696793945
New York,40.7128,-74.006,2024-12-20 11:21:48.995285,38.49332666749656,55.73130947664566,0.5573034991551521,19.08567371452868,43.23926389096038
New York,40.7128,-74.006,2024-12-21 11:21:48.995285,22.086846976916497,32.312478115395756,0.6567451335569745,21.701949166671692,52.97254561137456
New York,40.7128,-74.006,2024-12-22 11:21:48.995285,24.08630526267897,36.54930999884446,0.6839702855835446,22.532743773766807,44.443783488554416
New York,40.7128,-74.006,2024-12-23 11:21:48.995285,24.768399323839702,35.887720909607204,0.6856095546962063,24.483563704232182,44.45789065504534
New York,40.7128,-74.006,2024-12-24 11:21:48.995285,25.218052284937585,38.98148973246228,0.6105395426461255,24.380876874616465,46.04663339085898
New York,40.7128,-74.006,2024-12-25 11:21:48.995285,31.703971259822996,48.99692910624307,0.4977373736087157,23.05197594991538,44.519739983056795
New York,40.7128,-74.006,2024-12-26 11:21:48.995285,27.40013881317641,42.17278834489555,0.5434918162089281,22.978127782959266,51.962016273769066
New York,40.7128,-74.006,2024-12-27 11:21:48.995285,40.74304441919559,63.16483583790855,0.6671167666961327,24.85139654291971,49.40613084879977
New York,40.7128,-74.006,2024-12-28 11:21:48.995285,40.04775254208438,58.26244638570042,0.8553682932075466,20.18641788894814,45.83040762442873
New York,40.7128,-74.006,2024-12-29 11:21:48.995285,30.63470959251598,47.81772179695837,0.5792682741050154,27.92005623920516,51.87305151014087
New York,40.7128,-74.006,2024-12-30 11:21:48.995285,40.584633815286956,59.48565982269004,0.6617438225295742,16.76250071177859,47.33609191487528
New York,40.7128,-74.006,2024-12-31 11:21:48.995285,38.387940005808645,55.7000381034272,0.5633400816442125,27.339861881319905,47.280548452588064
New York,40.7128,-74.006,2025-01-01 11:21:48.995285,28.83123590526497,44.31108612627021,0.5242986695981151,68.72048329590044,49.370572476234614
New York,40.7128,-74.006,2025-01-02 11:21:48.995285,21.17439076428087,34.19333327081926,0.5567777633304373,26.117973185019117,51.6480030049441
New York,40.7128,-74.006,2025-01-03 11:21:48.995285,30.264481084098126,46.37274859889921,0.4188392625077683,24.268682807328723,51.480722760239765
New York,40.7128,-74.006,2025-01-04 11:21:48.995285,28.26318495495745,42.43638547998126,0.7650694184977713,24.281251037907314,47.913197504260566
New York,40.7128,-74.006,2025-01-05 11:21:48.995285,32.64887430815193,49.593619114430915,0.4093138983569943,24.97093651929095,54.16007531083119
New York,40.7128,-74.006,2025-01-06 11:21:48.995285,32.1905776227032,48.55872027018936,0.6085059007265259,25.799380961428064,49.0046835270959
New York,40.7128,-74.006,2025-01-07 11:21:48.995285,32.18561596673281,46.02652215782843,0.519597763909728,22.448771356356616,47.03086906531141
New York,40.7128,-74.006,2025-01-08 11:21:48.995285,34.6130069774123,49.434270176228615,0.5514536438741089,26.601689026836944,43.15176666193795
New York,40.7128,-74.006,2025-01-09 11:21:48.995285,26.053956487399354,38.92328297215212,0.7799835904302217,60.91461372201756,166.77222521766518
New York,40.7128,-74.006,2025-01-10 11:21:48.995285,34.29324177080766,51.59957632775009,0.6648355066623217,23.60222847150119,50.91661095540872
New York,40.7128,-74.006,2025-01-11 11:21:48.995285,30.156089464554825,45.2567989535677,0.550543788674627,26.18499488763676,52.085617137012356
New York,40.7128,-74.006,2025-01-12 11:21:48.995285,33.46963187628399,51.556651041725814,0.59044270428966,26.719913177330444,56.433595893945906
New York,40.7128,-74.006,2025-01-13 11:21:48.995285,37.37010731094658,55.62420753409119,0.575113039651504,25.173895587177018,48.98755596918936
New York,40.7128,-74.006,2025-01-14 11:21:48.995285,26.57214940273423,40.984182467911054,0.6495283981688995,22.66689682055248,44.66922616088843
New York,40.7128,-74.006,2025-01-15 11:21:48.995285,31.396490247359907,46.805561836386964,0.6733483386929244,26.59160259045999,52.053341277137726
New York,40.7128,-74.006,2025-01-16 11:21:48.995285,32.31678539742345,52.12189602020811,0.8477466086742115,21.946629566427625,53.40399261175314
New York,40.7128,-74.006,2025-01-17 11:21:48.995285,30.44226602389356,45.82482648929324,0.46864214103516466,29.261032662120115,50.70617099181828
New York,40.7128,-74.006,2025-01-18 11:21:48.995285,37.6145380707384,61.10325232915895,0.658826580325677,23.803682602537812,59.541773775491265
New York,40.7128,-74.006,2025-01-19 11:21:48.995285,29.612823739021785,45.1232587907144,0.6327385414070307,19.48850568389419,39.89131546092943
New York,40.7128,-74.006,2025-01-20 11:21:48.995285,30.534704266446386,45.37470205849315,0.7608889780448398,20.571802727779385,58.06784258498603
New York,40.7128,-74.006,2025-01-21 11:21:48.995285,29.856588391584463,42.98598663485734,0.7036054929447351,24.334022938811156,56.5650443363383
New York,40.7128,-74.006,2025-01-22 11:21:48.995285,38.95844797246929,55.55189481058854,0.728999639117,24.6685612716158,55.031110261415215
New York,40.7128,-74.006,2025-01-23 11:21:48.995285,31.125419020696945,44.70524396225311,0.7062614102566688,30.2027898462323,36.20195162679156
New York,40.7128,-74.006,2025-01-24 11:21:48.995285,35.97479050171375,52.20297313424264,0.5802921584175654,21.221783760805305,59.431289237295296
New York,40.7128,-74.006,2025-01-25 11:21:48.995285,43.637442557592806,66.24580387721356,0.7963048906781498,24.497845123633006,48.006205023984215
New York,40.7128,-74.006,2025-01-26 11:21:48.995285,33.46658299768071,49.14754375440069,0.7566639924502396,21.24207332847065,50.722552757233515
New York,40.7128,-74.006,2025-01-27 11:21:48.995285,39.48011686476127,59.594029402250904,0.769949248464384,22.981942172657533,52.52675687294289
New York,40.7128,-74.006,2025-01-28 11:21:48.995285,42.35307911698807,66.09357540023548,0.8063311909811651,29.55007043846923,55.53155321804353
New York,40.7128,-74.006,2025-01-29 11:21:48.995285,39.20609592822843,58.633527189072936,0.7231702726257232,21.126060394545206,56.802347403002294
New York,40.7128,-74.006,2025-01-30 11:21:48.995285,34.057273301964635,55.244223349880556,0.830924838048816,26.33176721313017,58.17612259437649
New York,40.7128,-74.006,2025-01-31 11:21:48.995285,37.42025167215942,53.77875554756073,0.7219582147219911,25.78357851562635,57.8938368661421
New York,40.7128,-74.006,2025-02-01 11:21:48.995285,27.83852387011524,41.456618708423,0.6636024779133785,24.565194138821358,55.17776127475358
New York,40.7128,-74.006,2025-02-02 11:21:48.995285,30.438156497479493,44.57860889899728,2.0583211641487456,26.227496013689837,56.087171727631834
New York,40.7128,-74.006,2025-02-03 11:21:48.995285,31.375184671259362,48.93579021900306,0.6855868347747675,21.219219143879613,48.6440722900172
New York,40.7128,-74.006,2025-02-04 11:21:48.995285,45.659024475142836,64.00895345198201,0.6371801452763742,29.696949460546385,50.42881177731203
New York,40.7128,-74.006,2025-02-05 11:21:48.995285,30.4476425916752,42.78523330915718,0.8534001880960528,30.52981906684633,58.74314886280146
New York,40.7128,-74.006,2025-02-06 11:21:48.995285,30.424964509609907,45.42275311951293,0.720876501868748,24.92248822623747,58.529569832521986
New York,40.7128,-74.006,2025-02-07 11:21:48.995285,29.391692937478087,47.19029484823612,0.7016998043577508,32.074967311202165,58.035943840306615
New York,40.7128,-74.006,2025-02-08 11:21:48.995285,37.456458186202354,56.63637094737815,0.7319754130236144,23.631615893624513,51.91401525654019
New York,40.7128,-74.006,2025-02-09 11:21:48.995285,35.41374618185949,50.41752436426076,0.9919982360440162,78.15484677247913,59.10341948749108
New York,40.7128,-74.006,2025-02-10 11:21:48.995285,40.17479943685703,57.86786596990508,0.5816476721745182,29.16616946718564,48.80528456518452
New York,40.7128,-74.006,2025-02-11 11:21:48.995285,38.13478174544334,60.54815202385491,0.6110658171295038,23.512228326859557,60.05452417189622
New York,40.7128,-74.006,2025-02-12 11:21:48.995285,27.911115469095755,40.624403606051146,0.5582041923096223,62.28565552415919,53.41524304784469
New York,40.7128,-74.006,2025-02-13 11:21:48.995285,30.80834931746907,44.32659723130408,0.6736348395068699,20.0872178869039,63.187959282984544
New York,40.7128,-74.006,2025-02-14 11:21:48.995285,41.70013816531897,65.50495236924017,0.7220217328115334,31.119226903677905,47.203031175582375
New York,40.7128,-74.006,2025-02-15 11:21:48.995285,33.88283372798951,52.84644460315824,1.954362741550089,23.362588523520433,63.6660076559029
New York,40.7128,-74.006,2025-02-16 11:21:48.995285,40.86018118426938,63.83839106293766,0.6444717620684095,24.40390075683416,53.076011495451674
New York,40.7128,-74.006,2025-02-17 11:21:48.995285,34.19377432936294,49.39057773351277,0.7130840680416036,21.6327972995066,53.01587232335056
New York,40.7128,-74.006,2025-02-18 11:21:48.995285,30.12090782002919,42.13115044801506,0.6489730167464661,27.824612818723462,55.91297903713568
New York,40.7128,-74.006,2025-02-19 11:21:48.995285,33.45694584274802,50.45175174284744,0.730482577339915,22.64194528786702,51.47448003261885
New York,40.7128,-74.006,2025-02-20 11:21:48.995285,30.14410523380716,45.88641011685807,0.8111105189053733,23.518388022793854,54.61488631082193
New York,40.7128,-74.006,2025-02-21 11:21:48.995285,32.16473630038472,48.97630805798674,0.7675530492280174,25.894811314446898,51.30061884224098
New York,40.7128,-74.006,2025-02-22 11:21:48.995285,36.00231355262514,56.959838200215714,0.7880550351124984,21.806704728162735,51.49120987480243
New York,40.7128,-74.006,2025-02-23 11:21:48.995285,37.557932849207006,52.869365093794016,0.80858998909791,24.464206890138275,57.43429084754571
New York,40.7128,-74.006,2025-02-24 11:21:48.995285,27.048209970275884,42.29170505800936,0.728266147742818,29.206212061783496,50.490922403303486
New York,40.7128,-74.006,2025-02-25 11:21:48.995285,34.90862276932808,50.169684065697496,0.6840451535331613,26.282494595987377,51.15222303528295
New York,40.7128,-74.006,2025-02-26 11:21:48.995285,32.055718478051574,49.79504835879904,0.6225506360286872,25.386025455210245,48.11923948504346
New York,40.7128,-74.006,2025-02-27 11:21:48.995285,31.73709756385986,46.65573293674703,0.6604656158095064,25.634179932718556,52.449104013174185
New York,40.7128,-74.006,2025-02-28 11:21:48.995285,35.63001211320709,51.817074578029604,0.6469632270831447,23.815889220841157,61.50789367493216
New York,40.7128,-74.006,2025-03-01 11:21:48.995285,32.19879374756092,47.07838520744297,0.7721882948822306,30.963983514768266,50.69691146599562
New York,40.7128,-74.006,2025-03-02 11:21:48.995285,41.843258466907514,59.873667298808144,0.7333296253129025,22.52981285473487,51.24068641307501
New York,40.7128,-74.006,2025-03-03 11:21:48.995285,40.85145002118985,61.35803291145171,0.767898599070121,25.588348805859063,55.8363206923095
New York,40.7128,-74.006,2025-03-04 11:21:48.995285,40.79591737203361,59.64852927672949,0.581701832436453,25.288464650190125,52.97618168448747
New York,40.7128,-74.006,2025-03-05 11:21:48.995285,32.3849305221868,50.14999224508075,0.8403645784168741,27.956028271218557,65.9299944162057
New York,40.7128,-74.006,2025-03-06 11:21:48.995285,30.016771345203207,46.30526917987064,0.6538872732453203,28.224154576280828,53.93125845631845
New York,40.7128,-74.006,2025-03-07 11:21:48.995285,35.20628656339547,56.18574395089879,0.5859210741216317,24.802012044766236,56.37029710576921
New York,40.7128,-74.006,2025-03-08 11:21:48.995285,34.008363674892344,51.745200479420674,0.6512803336442924,25.75205223250099,59.35900218348213
New York,40.7128,-74.006,2025-03-09 11:21:48.995285,31.67706615417379,48.556954765420834,0.9428002385845631,25.846195244887152,59.20466227875017
New York,40.7128,-74.006,2025-03-10 11:21:48.995285,28.800705596905832,46.00125801901438,0.6548158699556561,18.0232639484085,55.68550465314786
New York,40.7128,-74.006,2025-03-11 11:21:48.995285,34.427115639301135,50.38534806689831,0.6601844625657372,20.05038393538742,53.64642079503223
New York,40.7128,-74.006,2025-03-12 11:21:48.995285,32.5668309186106,45.87372995226983,0.6725330953344917,22.97839801277057,64.50090993670574
New York,40.7128,-74.006,2025-03-13 11:21:48.995285,37.97854515149456,57.36800584549862,0.6758741609829437,23.083608954021624,53.80641357288535
New York,40.7128,-74.006,2025-03-14 11:21:48.995285,37.80914605772911,53.868452148164856,0.6115247094223089,21.143960634168458,52.016973178040175
New York,40.7128,-74.006,2025-03-15 11:21:48.995285,39.93161046101779,64.80529303737747,0.7028735369986973,26.96255343107299,50.91217220938622
New York,40.7128,-74.006,2025-03-16 11:21:48.995285,28.072335703554124,45.01950013948907,0.7949357600789194,24.690761994529574,45.419204180897694
New York,40.7128,-74.006,2025-03-17 11:21:48.995285,36.312530848847956,58.796748939875094,0.7175737177554666,24.009536013029383,58.06893772675551
New York,40.7128,-74.006,2025-03-18 11:21:48.995285,30.605578690762574,46.03326198947012,0.5737416145486202,20.852987787443308,42.124018847392264
New York,40.7128,-74.006,2025-03-19 11:21:48.995285,28.073765206538518,43.211794997210966,0.649082134718508,24.454283537562603,53.73514018636631
New York,40.7128,-74.006,2025-03-20 11:21:48.995285,31.96303511619861,47.02560181039263,0.6269681860086802,16.672968882475246,52.63476628005632
New York,40.7128,-74.006,2025-03-21 11:21:48.995285,39.377082923919936,60.83147399705341,0.685965107288417,24.0279100792059,64.75016299602751
New York,40.7128,-74.006,2025-03-22 11:21:48.995285,32.09680113949667,45.71411528514289,0.8122130253032135,24.668747460097816,44.2793332174555
New York,40.7128,-74.006,2025-03-23 11:21:48.995285,41.70784652609049,57.47558341018618,0.6627231849238103,25.16603156611196,48.81534340452061
New York,40.7128,-74.006,2025-03-24 11:21:48.995285,36.54451461733702,53.235350687028394,0.6671869539076681,19.707755729429838,52.51970076619479
New York,40.7128,-74.006,2025-03-25 11:21:48.995285,31.74661079219033,44.708969237050866,0.8521057456238074,25.032981803621034,52.08794809329398
New York,40.7128,-74.006,2025-03-26 11:21:48.995285,39.431663425031154,62.1033486098658,0.7602490247771483,21.19141683065593,50.19940896669845
New York,40.7128,-74.006,2025-03-27 11:21:48.995285,35.7702055580697,57.286663247265174,0.728272562160619,21.83420135187213,52.40989299923657
New York,40.7128,-74.006,2025-03-28 11:21:48.995285,28.789693631297105,40.37868230211944,0.8648629730007903,26.38003944423331,46.380922215947244
New York,40.7128,-74.006,2025-03-29 11:21:48.995285,42.65326797208895,66.5633331731759,0.7161662213631288,30.221968567172418,54.32484658625425
New York,40.7128,-74.006,2025-03-30 11:21:48.995285,34.56093610267148,53.744174121008754,0.46661812554702975,24.28584727002759,40.78788627047076
New York,40.7128,-74.006,2025-03-31 11:21:48.995285,33.259361474386615,46.74948884214217,0.7465741860772194,21.631403881308884,52.11922399230246
New York,40.7128,-74.006,2025-04-01 11:21:48.995285,28.787136113681367,42.400169108658815,0.502095143552324,24.59841107413472,49.09541572349631
New York,40.7128,-74.006,2025-04-02 11:21:48.995285,38.85951997586485,57.12895251954823,0.7044371096147679,26.798001791410517,57.024182670522414
New York,40.7128,-74.006,2025-04-03 11:21:48.995285,35.44287568759368,54.66030432864492,0.485755613602819,25.79124197301178,60.56130317934724
New York,40.7128,-74.006,2025-04-04 11:21:48.995285,35.89503131514661,51.384988270909886,0.6082912672334162,32.10375882422644,49.96799977675382
New York,40.7128,-74.006,2025-04-05 11:21:48.995285,30.101229410276588,44.95409886409592,0.6163992695971215,21.673430356668714,58.411958837565294
New York,40.7128,-74.006,2025-04-06 11:21:48.995285,36.69717113487042,53.6738876944064,0.5735214547832264,24.520028577417936,49.70942100982808
New York,40.7128,-74.006,2025-04-07 11:21:48.995285,36.97128807633997,56.40361448128024,0.6133592024505992,28.35286391449759,46.28769754708349
New York,40.7128,-74.006,2025-04-08 11:21:48.995285,28.95168434695926,42.99394245706303,0.7491676828533527,28.106265481488034,59.67288147222541
New York,40.7128,-74.006,2025-04-09 11:21:48.995285,25.091818438354665,36.56723624965121,0.5721400915192371,17.738150788806667,53.36903592880946
New York,40.7128,-74.006,2025-04-10 11:21:48.995285,34.962701397766395,52.017458945385435,0.6956308099724896,23.517845190415944,50.60594676465674
New York,40.7128,-74.006,2025-04-11 11:21:48.995285,24.066077520841077,40.17120194694184,0.5420912814166655,27.919968431980987,53.83510577879791
New York,40.7128,-74.006,2025-04-12 11:21:48.995285,32.56781298395906,48.01792020369981,1.851614172768571,32.075796018582494,51.58267631780608
New York,40.7128,-74.006,2025-04-13 11:21:48.995285,29.4444131181988,42.08460924073063,0.6659966994754517,25.451706972320125,49.674860923495416
New York,40.7128,-74.006,2025-04-14 11:21:48.995285,37.64488962603546,57.63420157736512,0.5313784297799611,22.172191904955977,43.1951712215963
New York,40.7128,-74.006,2025-04-15 11:21:48.995285,29.4563276785296,43.89744217894849,0.49723889935624377,20.18266410887065,48.27813701274212
New York,40.7128,-74.006,2025-04-16 11:21:48.995285,36.823993005977364,52.4055216472331,0.6749403779770557,29.800044145571718,52.54771933622988
New York,40.7128,-74.006,2025-04-17 11:21:48.995285,28.581798777818147,47.33569083713215,0.7353649599267295,25.262647759213916,48.61541187101586
New York,40.7128,-74.006,2025-04-18 11:21:48.995285,36.01619565754728,53.31933559514762,0.6124183106962473,20.463919535468357,53.53598975402577
New York,40.7128,-74.006,2025-04-19 11:21:48.995285,41.17956024210889,61.01360145524063,0.5718257598028242,22.329457162461022,50.73505390372104
New York,40.7128,-74.006,2025-04-20 11:21:48.995285,25.39748698721204,38.41590118463426,0.6303219923497035,23.799420890007735,44.21590242813783
New York,40.7128,-74.006,2025-04-21 11:21:48.995285,32.0560712327563,51.54434038755213,0.6174658443585734,24.429366273715235,41.79797914699203
New York,40.7128,-74.006,2025-04-22 11:21:48.995285,44.19631646495684,62.934984044397254,0.6333383417792554,20.027346220065887,47.39271407845892
New York,40.7128,-74.006,2025-04-23 11:21:48.995285,30.64024461613394,46.51233862304199,0.3533214996010153,20.81107898643319,45.33980848190607
New York,40.7128,-74.006,2025-04-24 11:21:48.995285,30.46956526130677,49.87889221554741,0.49630204908657427,17.621508267960383,49.42254491334622
New York,40.7128,-74.006,2025-04-25 11:21:48.995285,33.954912871212855,51.18982666829858,0.5157253521454698,25.625495936043226,43.927938907872985
New York,40.7128,-74.006,2025-04-26 11:21:48.995285,30.068131391560673,42.63152912873405,0.6123413042728943,21.406508135232503,44.217128977855964
New York,40.7128,-74.006,2025-04-27 11:21:48.995285,21.175465103885877,30.52640394990751,0.6128196898969994,23.754762485919194,52.33274120308252
New York,40.7128,-74.006,2025-04-28 11:21:48.995285,35.22050380927928,53.2445207734325,0.6547993875700954,26.546308993271275,47.57961524576637
New York,40.7128,-74.006,2025-04-29 11:21:48.995285,19.390445774178986,31.747276492548202,0.6138619317911427,22.86220434887431,43.094146438120966
New York,40.7128,-74.006,2025-04-30 11:21:48.995285,27.166045144003835,40.070396027173636,0.45492656095517725,21.786090272000568,46.463214143218416
New York,40.7128,-74.006,2025-05-01 11:21:48.995285,35.13068833393945,54.34933609577405,0.7265716535216303,22.628544224729907,53.03489559724273
New York,40.7128,-74.006,2025-05-02 11:21:48.995285,27.15319062335074,37.85904828093233,0.70590988567353,22.157532194833014,47.372787591220614
New York,40.7128,-74.006,2025-05-03 11:21:48.995285,25.30859718971763,35.07545904538634,0.44972186403810044,25.62703481965366,48.63037352518512
New York,40.7128,-74.006,2025-05-04 11:21:48.995285,33.013456833130476,48.554583872325814,0.6056132755833717,22.741083846265205,41.66453327830931
New York,40.7128,-74.006,2025-05-05 11:21:48.995285,24.200549192535405,39.17688123254963,0.5095800240098451,20.09485850461693,50.316281575734
New York,40.7128,-74.006,2025-05-06 11:21:48.995285,22.182956224285533,33.41218361545584,0.5797680953649609,24.790589581791902,56.531638535686966
New York,40.7128,-74.006,2025-05-07 11:21:48.995285,29.503640346824685,44.83508291137027,0.6679524361513525,25.256988273754192,40.739267401473136
New York,40.7128,-74.006,2025-05-08 11:21:48.995285,27.052511700671953,41.13492674215498,0.7723529904867941,17.46857221590606,38.541222417242416
New York,40.7128,-74.006,2025-05-09 11:21:48.995285,21.583941181047948,34.594327736745385,0.6311739055541041,25.999505030300394,45.08117134716398
New York,40.7128,-74.006,2025-05-10 11:21:48.995285,30.82141762725442,45.01168505580592,0.582226572056615,22.41246278326549,48.33250764014216
New York,40.7128,-74.006,2025-05-11 11:21:48.995285,29.792659832695524,46.065559966019755,0.5154223192653574,22.08492075284447,43.24838434696272
New York,40.7128,-74.006,2025-05-12 11:21:48.995285,25.50428161927796,36.59465710120668,0.5642746211472401,24.171402245942605,38.18855307324587
New York,40.7128,-74.006,2025-05-13 11:21:48.995285,25.67854912377323,42.48436899750137,0.6786813724207905,19.366675404186147,42.65989292269499
New York,40.7128,-74.006,2025-05-14 11:21:48.995285,29.31869260798155,42.37725670337895,0.5348637022827568,23.845857991540655,45.94055471079092
New York,40.7128,-74.006,2025-05-15 11:21:48.995285,32.74947295601596,47.359430827866696,0.4473420520103475,19.768506519414245,40.66133965115314
New York,40.7128,-74.006,2025-05-16 11:21:48.995285,25.21410407883855,38.92049574523392,0.37059241603604076,16.38918302556157,45.47838028285236
New York,40.7128,-74.006,2025-05-17 11:21:48.995285,29.731434434239475,44.75672851422386,0.5804646261250002,17.735727147278574,48.010541879997675
New York,40.7128,-74.006,2025-05-18 11:21:48.995285,29.113482859948807,44.32392910244508,0.5504784480532902,22.34480638597259,43.132375790640964
New York,40.7128,-74.006,2025-05-19 11:21:48.995285,30.51312653476183,46.224317393127386,0.4577409840981093,17.721890015624503,41.53514625043397
New York,40.7128,-74.006,2025-05-20 11:21:48.995285,26.141913491889316,37.032085840219096,0.6215087625341695,25.302912118654945,45.56477087338939
New York,40.7128,-74.006,2025-05-21 11:21:48.995285,21.21223722200284,35.04507369116323,0.4732996094079295,71.86434826945873,36.88029305131579
New York,40.7128,-74.006,2025-05-22 11:21:48.995285,23.289637007658087,36.72153992326535,0.4985782462906791,24.30138388492786,36.12964999202228
New York,40.7128,-74.006,2025-05-23 11:21:48.995285,27.144489658953546,43.434634390964554,0.5069380332711118,20.58944690405489,39.312472070423034
New York,40.7128,-74.006,2025-05-24 11:21:48.995285,34.3505062941793,50.469097663048096,0.47006841383161785,20.902677053020543,37.92787932933466
New York,40.7128,-74.006,2025-05-25 11:21:48.995285,22.665971852905493,34.83200486878858,0.5253079059526948,16.461899421710612,36.11239507687796
New York,40.7128,-74.006,2025-05-26 11:21:48.995285,28.937867248750116,43.80153779759456,0.6134301152155626,22.94431554602903,49.02323742166355
New York,40.7128,-74.006,2025-05-27 11:21:48.995285,23.101533344344872,36.90830526892032,0.3805881221427312,21.010408163975594,50.47268944406447
New York,40.7128,-74.006,2025-05-28 11:21:48.995285,25.122121449385375,40.0036784377373,0.5402475672464948,21.486805710854128,37.58614129365414
New York,40.7128,-74.006,2025-05-29 11:21:48.995285,31.974850972660036,48.348378064906285,0.5051732114874855,24.76386904752968,39.55539558825493
New York,40.7128,-74.006,2025-05-30 11:21:48.995285,28.047598114767535,39.0354949084648,0.499899087107778,17.795178651990152,37.8999887111791
New York,40.7128,-74.006,2025-05-31 11:21:48.995285,17.848136138123223,30.331527981360214,0.5682771070239693,19.14889160128205,44.11944495333279
New York,40.7128,-74.006,2025-06-01 11:21:48.995285,21.0210348097251,32.64352708196793,0.48259794109737697,20.42171772901803,44.85334270237482
New York,40.7128,-74.006,2025-06-02 11:21:48.995285,29.993624947680985,43.773563338739194,0.5222732907000541,16.549952896360974,29.182458344763056
New York,40.7128,-74.006,2025-06-03 11:21:48.995285,24.251398243943733,37.19018164244899,0.5424266235731399,18.70820755157011,40.193066046530014
New York,40.7128,-74.006,2025-06-04 11:21:48.995285,17.627729272535518,23.41940681189823,0.41700207737423606,20.664814366708324,31.023788100116512
New York,40.7128,-74.006,2025-06-05 11:21:48.995285,19.107571917875774,30.77206401175575,0.4939650289362674,18.124903257253695,46.094862003492956
New York,40.7128,-74.006,2025-06-06 11:21:48.995285,26.550738715620096,36.88368458487184,0.43558666132022156,22.943603780219455,39.25114680414835
New York,40.7128,-74.006,2025-06-07 11:21:48.995285,27.836842251690193,41.31359439346112,0.44402763894005126,14.39962173735004,32.68043857658988
New York,40.7128,-74.006,2025-06-08 11:21:48.995285,22.786219805104754,34.66823860686823,0.4217327263060444,22.216785369546965,35.33880800685156
New York,40.7128,-74.006,2025-06-09 11:21:48.995285,34.90634719987116,54.43720022377093,0.4977036043135016,20.748445522043337,34.849781001455185
New York,40.7128,-74.006,2025-06-10 11:21:48.995285,26.48410688999812,39.93924968786593,0.45543137235622394,16.975186773690194,38.67058232350897
New York,40.7128,-74.006,2025-06-11 11:21:48.995285,20.980287899843336,32.74035759699011,0.4834082683918242,15.825620919313923,41.00610289289915
New York,40.7128,-74.006,2025-06-12 11:21:48.995285,17.954341566768377,26.87517853325346,0.4389056998557271,12.275588051905192,29.808271251039102
New York,40.7128,-74.006,2025-06-13 11:21:48.995285,16.994508067446528,25.427390199281223,0.27696649056580214,16.048939758079364,44.49716689052317
New York,40.7128,-74.006,2025-06-14 11:21:48.995285,23.383021780156543,35.24548717093141,0.4372551451650648,21.494487553886337,43.08732330573626
New York,40.7128,-74.006,2025-06-15 11:21:48.995285,19.099991648725634,28.271871631383704,0.43723133298153505,18.10368125781031,30.43919747198377
New York,40.7128,-74.006,2025-06-16 11:21:48.995285,29.75158146261945,41.25423170776631,0.45191684756939254,21.680373987526686,34.938303010865035
New York,40.7128,-74.006,2025-06-17 11:21:48.995285,28.55447936254965,41.29507205643122,0.36508548759063286,16.25184696210652,42.88842324251211
New York,40.7128,-74.006,2025-06-18 11:21:48.995285,24.22942997092147,36.8336946386056,0.3017349730021555,20.153367097037354,40.26073878354042
New York,40.7128,-74.006,2025-06-19 11:21:48.995285,15.01145954705931,22.018947313611527,0.4805894727263036,15.80072439966863,32.175945467526205
New York,40.7128,-74.006,2025-06-20 11:21:48.995285,17.388902237542435,25.771735191949837,0.3876392763526723,14.978273281522714,37.69669397329606
New York,40.7128,-74.006,2025-06-21 11:21:48.995285,26.873199785200555,39.6630923389234,0.42902064789840055,17.476024426735496,48.37820969333826
New York,40.7128,-74.006,2025-06-22 11:21:48.995285,17.6256020659399,24.711206313446215,0.38067265330947864,15.725566998497717,33.68719950662917
New York,40.7128,-74.006,2025-06-23 11:21:48.995285,25.89911359285898,37.86247146733589,1.2154857476636032,13.015736014519042,29.769366127691942
New York,40.7128,-74.006,2025-06-24 11:21:48.995285,22.510292544086905,33.151775327353164,0.3578169237846811,17.02169236230557,33.56800865382664
New York,40.7128,-74.006,2025-06-25 11:21:48.995285,20.24617128960818,30.379543215495968,0.3029432783954621,17.81309718206499,33.71413327579996
New York,40.7128,-74.006,2025-06-26 11:21:48.995285,16.325212025164266,25.274574726685824,0.44416068787369517,21.22476387940894,29.636380439761723
New York,40.7128,-74.006,2025-06-27 11:21:48.995285,19.22148030075691,28.471119869363886,0.33354198154500136,20.156766790589515,34.247174616642084
New York,40.7128,-74.006,2025-06-28 11:21:48.995285,20.495835388967983,28.684442572067134,0.40734706038135093,20.93362740499524,25.549388123252733
New York,40.7128,-74.006,2025-06-29 11:21:48.995285,24.566801867403846,34.0540387212682,0.4291281697081726,19.363126183129644,28.27849172880396
New York,40.7128,-74.006,2025-06-30 11:21:48.995285,14.833599317787982,27.44527339143242,0.32656427485882694,18.128976937328304,35.184639862209124
New York,40.7128,-74.006,2025-07-01 11:21:48.995285,17.80806326444469,24.45246483613791,0.26205438610420684,13.374239019121955,22.408866957901644
New York,40.7128,-74.006,2025-07-02 11:21:48.995285,19.207875027412197,27.774562538589528,0.6222837487403208,17.44149627768121,35.49147701160004
New York,40.7128,-74.006,2025-07-03 11:21:48.995285,22.160545788797545,34.27481928822419,0.3241658924127918,18.713958332175803,20.71082417202157
New York,40.7128,-74.006,2025-07-04 11:21:48.995285,14.170050166427771,21.976796468773017,0.4365891529409489,21.228499775132136,21.911934886680903
New York,40.7128,-74.006,2025-07-05 11:21:48.995285,11.996603903198292,19.036637239920584,0.5655354123096996,18.848592059012624,27.874285586172117
New York,40.7128,-74.006,2025-07-06 11:21:48.995285,21.8182621864594,31.841959140624745,0.4479595032435723,20.44536851777084,31.606973855960476
New York,40.7128,-74.006,2025-07-07 11:21:48.995285,10.729615783131152,16.57153981597582,0.3363429462745382,13.563687004836616,36.605360052433944
New York,40.7128,-74.006,2025-07-08 11:21:48.995285,24.61716447904068,37.04843404704275,0.3571336793510857,15.616880074170634,30.07651267364274
New York,40.7128,-74.006,2025-07-09 11:21:48.995285,17.28755724371569,25.30707313049096,0.27808303264871975,17.821646006548928,28.36801355881539
New York,40.7128,-74.006,2025-07-10 11:21:48.995285,10.206508487555993,15.80058221487667,0.4470529206743387,19.954940021691797,32.31415208831636
New York,40.7128,-74.006,2025-07-11 11:21:48.995285,15.421129766222911,25.24242574283578,0.41309168807067653,15.975929494103433,24.880352192520906
New York,40.7128,-74.006,2025-07-12 11:21:48.995285,19.60004262448131,29.355663489851317,0.30264590735652813,16.104874352120103,29.75371248543472
New York,40.7128,-74.006,2025-07-13 11:21:48.995285,14.924274453739153,22.355317373321583,0.24753811712043644,18.355310863765958,22.884438547494263
New York,40.7128,-74.006,2025-07-14 11:21:48.995285,17.573480468801655,28.496542772954452,0.21734326072722918,12.859053380904585,29.122950171396944
New York,40.7128,-74.006,2025-07-15 11:21:48.995285,21.061505700621,33.51497927056913,0.44587367782231146,21.002770585517574,27.89248917889484
New York,40.7128,-74.006,2025-07-16 11:21:48.995285,16.240207909391494,27.528184746014208,0.357060504622148,13.488171513841742,24.355399772247306
New York,40.7128,-74.006,2025-07-17 11:21:48.995285,12.458213066882188,15.174859131364128,0.3643684826175323,10.31598245392852,29.04045535650798
New York,40.7128,-74.006,2025-07-18 11:21:48.995285,15.543251375314643,25.125115429310746,0.25846856465724116,16.049286706654666,28.850005309058982
New York,40.7128,-74.006,2025-07-19 11:21:48.995285,24.009401219086854,37.21726191943464,0.1923537004053704,21.06297637552197,33.7800708668815
New York,40.7128,-74.006,2025-07-20 11:21:48.995285,25.259941212206762,36.11860702280361,0.4329537471819801,17.676669133771252,19.723762212997322
New York,40.7128,-74.006,2025-07-21 11:21:48.995285,6.63682714304953,10.458416550571984,0.3389330639549412,18.121500635391353,27.224442480656148
New York,40.7128,-74.006,2025-07-22 11:21:48.995285,22.095884751771024,35.246070623172535,0.4235383701220347,15.94452988982816,23.659805810203057
New York,40.7128,-74.006,2025-07-23 11:21:48.995285,17.798248006646148,25.039054164998422,0.2923568758778309,15.316622221421152,31.670074430585508
New York,40.7128,-74.006,2025-07-24 11:21:48.995285,21.076691698102483,32.50016240519934,0.30545378174634874,11.09366104247152,30.954727779713263
New York,40.7128,-74.006,2025-07-25 11:21:48.995285,13.616137418162737,22.16691347870614,0.3987013920520809,8.906130586037884,29.59226730459443
New York,40.7128,-74.006,2025-07-26 11:21:48.995285,7.441619265399353,9.020389773036054,0.3988935442231881,16.23028542177598,23.40523892901286
New York,40.7128,-74.006,2025-07-27 11:21:48.995285,19.122321903501952,28.39891147036263,0.40375412147388823,19.537586563153,31.227169855097443
New York,40.7128,-74.006,2025-07-28 11:21:48.995285,11.414540467291488,17.723747454222053,0.2928684101638318,16.59211450133673,19.028485516840945
New York,40.7128,-74.006,2025-07-29 11:21:48.995285,9.100144935226652,12.057954391754068,0.382286865618105,17.391602127481498,17.88585712101251
New York,40.7128,-74.006,2025-07-30 11:21:48.995285,9.374435064385827,12.303346198391647,0.4302387860827351,20.2343736252952,20.07030796562012
New York,40.7128,-74.006,2025-07-31 11:21:48.995285,18.89852261113451,28.077694712976218,0.30740187281300335,16.433277403852095,26.173556496952227
New York,40.7128,-74.006,2025-08-01 11:21:48.995285,16.521426069552053,26.385418538135465,0.26513443841071593,15.044116568780176,29.612067614050567
New York,40.7128,-74.006,2025-08-02 11:21:48.995285,19.669422887442433,30.791602333547868,0.4494166158930579,12.922971972084337,11.255476797055975
New York,40.7128,-74.006,2025-08-03 11:21:48.995285,19.03813696210203,26.83437998478036,0.2484106404372734,21.41301803372636,32.65285519382924
New York,40.7128,-74.006,2025-08-04 11:21:48.995285,13.526518714126857,21.594113841421656,0.3755713804523614,16.895236605983882,26.602340786460697
New York,40.7128,-74.006,2025-08-05 11:21:48.995285,15.220020696708517,21.158151492729758,0.30560554026992975,12.455389135289906,18.019721111194816
New York,40.7128,-74.006,2025-08-06 11:21:48.995285,12.959196555965585,16.21845523796151,0.1261711223491096,11.744689096535431,26.279311151265333
New York,40.7128,-74.006,2025-08-07 11:21:48.995285,14.41155116936809,20.883039611957674,0.4221232074217689,18.990786197634513,31.157412123935416
New York,40.7128,-74.006,2025-08-08 11:21:48.995285,10.576548140221707,18.11076095350403,0.03247107364780388,12.094085825838542,28.616437821721846
New York,40.7128,-74.006,2025-08-09 11:21:48.995285,17.31771598373019,27.28849507987803,0.10889308361140937,20.74414972968592,31.043307084307603
New York,40.7128,-74.006,2025-08-10 11:21:48.995285,20.69622591466814,31.041195257255822,0.3591454513432543,6.890922693607546,18.649700107653484
New York,40.7128,-74.006,2025-08-11 11:21:48.995285,11.195752884604456,15.960218359724568,0.3582834805419993,19.407194610224625,23.348200874872063
New York,40.7128,-74.006,2025-08-12 11:21:48.995285,21.64624272068303,31.68983980879168,0.24103990408577278,16.580631680324053,20.736380587896814
New York,40.7128,-74.006,2025-08-13 11:21:48.995285,15.77147056593481,23.874775660623808,0.3188594707012265,15.457714810943173,33.89369565053924
New York,40.7128,-74.006,2025-08-14 11:21:48.995285,16.376129362229243,22.427319071652207,0.05027168502620305,14.5589919349748,28.452915937733415
New York,40.7128,-74.006,2025-08-15 11:21:48.995285,6.643370902324106,9.268841663083563,0.3735079164542939,20.742448795962936,39.445825695330754
New York,40.7128,-74.006,2025-08-16 11:21:48.995285,6.0769125498479255,8.684229902052351,0.32723703065889165,17.17778862404191,22.83178847942876
New York,40.7128,-74.006,2025-08-17 11:21:48.995285,15.809441173963863,21.0120128440428,0.29721290186792954,12.334818853346373,21.509917981686655
New York,40.7128,-74.006,2025-08-18 11:21:48.995285,19.016092130485895,26.847241693933693,0.30343277836029436,9.876985885576284,24.387014068013034
New York,40.7128,-74.006,2025-08-19 11:21:48.995285,11.692044670768263,18.35908058912516,0.3503043553991637,15.556365083938438,31.96520644060228
New York,40.7128,-74.006,2025-08-20 11:21:48.995285,23.383880485373744,35.09484440794261,0.29777806729937994,15.013492090616907,23.21951802681071
New York,40.7128,-74.006,2025-08-21 11:21:48.995285,18.695508262617658,27.42573881153972,0.11301101755379953,10.450810083546513,25.653430576553838
New York,40.7128,-74.006,2025-08-22 11:21:48.995285,10.46949658560974,13.881390003338682,0.5198572803352455,14.839420845627826,25.500257780658593
New York,40.7128,-74.006,2025-08-23 11:21:48.995285,60.635122113575854,94.10638282154221,0.4201708258053737,39.84139409202184,25.204289595700587
New York,40.7128,-74.006,2025-08-24 11:21:48.995285,27.385479082069683,39.40226019374589,0.17152220207356955,15.028286911646395,21.73925781786654
New York,40.7128,-74.006,2025-08-25 11:21:48.995285,8.78727258863957,13.68409449748283,0.26548812900510294,17.177817136264256,24.313683564405316
New York,40.7128,-74.006,2025-08-26 11:21:48.995285,17.64366467477662,25.48975883601734,0.27644288058841776,19.47898733249265,24.10295946354485
New York,40.7128,-74.006,2025-08-27 11:21:48.995285,13.393777123986453,20.16322427125635,0.40803495440295967,17.730417052909445,24.9734265330315
New York,40.7128,-74.006,2025-08-28 11:21:48.995285,18.55012724303692,28.74041034843612,0.08438602223691033,12.843500644731563,29.741052773430077
New York,40.7128,-74.006,2025-08-29 11:21:48.995285,21.363118500510353,29.30416457234976,0.2506341789353899,16.120120520946806,33.84326557650013
New York,40.7128,-74.006,2025-08-30 11:21:48.995285,13.109624594971372,19.651204404150082,0.12475255643681377,15.209726383740175,20.859041244443777
New York,40.7128,-74.006,2025-08-31 11:21:48.995285,20.65238228959635,33.36003073235422,0.2726468670383757,11.032523601637537,23.126763272652145
New York,40.7128,-74.006,2025-09-01 11:21:48.995285,26.183794877180482,42.79869610275473,0.2543054688079231,16.233587306987154,20.991607366700084
New York,40.7128,-74.006,2025-09-02 11:21:48.995285,61.72819494339057,92.33226446857559,0.3099829077208006,20.620354538316377,26.08652025980107
New York,40.7128,-74.006,2025-09-03 11:21:48.995285,19.050949013531064,28.65978593473041,0.24204267162028434,15.16053260059108,22.49801107653532
New York,40.7128,-74.006,2025-09-04 11:21:48.995285,12.203057981462702,22.72725302939712,0.22800289751052913,10.295082877063336,26.43187691742856
New York,40.7128,-74.006,2025-09-05 11:21:48.995285,15.283231842439967,25.19469632685835,0.3657043751219929,15.18427366196781,30.798537498149795
New York,40.7128,-74.006,2025-09-06 11:21:48.995285,14.33814112140222,20.272642543592895,0.34989760579312673,11.469621695551966,12.70311644839211
New York,40.7128,-74.006,2025-09-07 11:21:48.995285,19.24367507656877,27.62754571308091,0.36031974324334004,17.72031424479676,27.847392620417143
New York,40.7128,-74.006,2025-09-08 11:21:48.995285,21.322740460269557,33.89720961397887,0.2882972065806143,16.72427536591785,23.148105927738
New York,40.7128,-74.006,2025-09-09 11:21:48.995285,14.794326377864152,20.169415306704767,0.24967815424651005,14.658570151301495,27.81601227509912
New York,40.7128,-74.006,2025-09-10 11:21:48.995285,23.05681638994161,36.760678087590115,0.2958887950234627,14.200858283071032,21.100706053164483
New York,40.7128,-74.006,2025-09-11 11:21:48.995285,23.087888941889084,35.300433340335644,0.35886924168846407,14.58212296219383,31.63778254265579
New York,40.7128,-74.006,2025-09-12 11:21:48.995285,19.723703552947967,30.620996857476094,0.09211072664378442,15.269540901551192,30.300555345774114
New York,40.7128,-74.006,2025-09-13 11:21:48.995285,12.96390346711993,18.93238759371979,0.35029191555165723,12.955312998839661,28.657814931306074
New York,40.7128,-74.006,2025-09-14 11:21:48.995285,12.542295336881534,17.55379339682948,0.3429426071451008,11.13746046728621,29.868287719922062
New York,40.7128,-74.006,2025-09-15 11:21:48.995285,11.599720938320555,20.32356706921747,0.3194476448439877,18.74691069596932,22.264339231795255
New York,40.7128,-74.006,2025-09-16 11:21:48.995285,20.47041351539884,30.212145711991308,0.29956032109699315,14.206088652613143,22.988755972865604
New York,40.7128,-74.006,2025-09-17 11:21:48.995285,9.731446085386832,13.775298974932525,0.05919380386343165,15.896272873924259,29.947611688337872
New York,40.7128,-74.006,2025-09-18 11:21:48.995285,19.2429083887017,28.704088447292932,0.27318907605289267,16.285205912575815,22.449434463376935
New York,40.7128,-74.006,2025-09-19 11:21:48.995285,10.524315132853074,16.172516964715495,0.4975411085472101,16.43099237495246,33.62296804125089
New York,40.7128,-74.006,2025-09-20 11:21:48.995285,20.121421902687434,28.120482600592254,0.32136395562638187,11.98039166044351,24.88758159881119
New York,40.7128,-74.006,2025-09-21 11:21:48.995285,16.16628444905732,23.119683685172156,0.2908747468406184,10.512572774046713,29.129751752409877
New York,40.7128,-74.006,2025-09-22 11:21:48.995285,22.827517709865496,33.005212416986126,0.32487711757033855,13.813584876207205,37.235234947124994
New York,40.7128,-74.006,2025-09-23 11:21:48.995285,21.948355840163924,34.61309436945958,0.36029894583395217,16.807676071529645,23.330507652495967
New York,40.7128,-74.006,2025-09-24 11:21:48.995285,23.500763512714585,33.4792201330721,0.392390753523027,13.478868623929076,27.33196343327996
New York,40.7128,-74.006,2025-09-25 11:21:48.995285,23.716454008687535,32.06314529751519,0.3053591920290452,14.641416147523284,32.38945644904949
New York,40.7128,-74.006,2025-09-26 11:21:48.995285,17.21998325466571,21.895785756186257,0.3725285419338628,22.132806783611066,32.00913057146974
New York,40.7128,-74.006,2025-09-27 11:21:48.995285,10.799850611532193,13.259015647946855,0.4995413991492403,10.260636317414,25.751647364286033
New York,40.7128,-74.006,2025-09-28 11:21:48.995285,11.42567846135503,19.861594097728766,0.4343909546701099,40.73713464131839,24.94878841690361
New York,40.7128,-74.006,2025-09-29 11:21:48.995285,6.3509918203961675,9.558900929562354,0.5697347109252151,21.58242943920971,26.512172037738523
New York,40.7128,-74.006,2025-09-30 11:21:48.995285,11.466280242785924,18.20191853779329,0.2720151523633561,15.808508688977525,35.0662029456464
New York,40.7128,-74.006,2025-10-01 11:21:48.995285,17.330507406776473,27.068736564407367,0.5073467331152661,13.875239062629882,26.58405439558011
New York,40.7128,-74.006,2025-10-02 11:21:48.995285,14.292272528306416,21.550776629244268,0.2627435046563851,19.551578467249474,28.526393611065664
New York,40.7128,-74.006,2025-10-03 11:21:48.995285,16.296363467242983,24.29498260756186,0.3792974444598911,16.264212054089455,26.161629879321232
New York,40.7128,-74.006,2025-10-04 11:21:48.995285,19.769428828467625,31.74319610233772,0.4193646875470223,15.10800068044829,31.986520420720865
New York,40.7128,-74.006,2025-10-05 11:21:48.995285,15.896615624885584,24.136915265953657,0.29726111911384023,16.78557773871972,29.403038060739846
New York,40.7128,-74.006,2025-10-06 11:21:48.995285,11.921135120971526,20.679897639984116,0.3594020102081165,14.290813133368925,23.778249630760527
New York,40.7128,-74.006,2025-10-07 11:21:48.995285,17.37966143254298,27.311152039394205,0.44396270565238694,13.270441696515837,24.12462408536524
New York,40.7128,-74.006,2025-10-08 11:21:48.995285,13.271107183176651,18.67106822780292,0.28424410250962673,16.04098902561619,19.15231159278378
New York,40.7128,-74.006,2025-10-09 11:21:48.995285,16.529501292286938,23.799983890690534,0.5246070214984098,13.408726008363102,25.168543620145293
New York,40.7128,-74.006,2025-10-10 11:21:48.995285,24.719301551598544,35.62402271448926,0.22164867211693567,16.534788300131204,33.477854112386154
New York,40.7128,-74.006,2025-10-11 11:21:48.995285,16.776945807282452,27.60051475482511,0.5565585908281049,17.627955866304678,36.31301118170632
New York,40.7128,-74.006,2025-10-12 11:21:48.995285,27.110351578409265,39.855425461722795,0.4652438897133701,19.186963273990102,33.31113753359173
New York,40.7128,-74.006,2025-10-13 11:21:48.995285,25.54183375226706,36.71580503480133,0.35870051871876635,20.075601865339088,32.84864172956922
New York,40.7128,-74.006,2025-10-14 11:21:48.995285,15.617177846754966,24.06532285238609,0.3300072666693305,15.539642689928336,29.637926336832024
New York,40.7128,-74.006,2025-10-15 11:21:48.995285,13.090058159019346,19.440753025784012,0.3222107135428621,18.321082319366322,34.343088261217275
New York,40.7128,-74.006,2025-10-16 11:21:48.995285,18.516761705990355,28.36427958413586,0.3620110862861249,18.36733659641473,32.100689888796396
New York,40.7128,-74.006,2025-10-17 11:21:48.995285,24.681870115833185,40.80243298153746,0.3734550398220921,17.941071796872322,39.895091808208726
New York,40.7128,-74.006,2025-10-18 11:21:48.995285,16.60177859924892,26.7288095107311,0.5065772872713054,15.587988332344805,30.5868731247048
New York,40.7128,-74.006,2025-10-19 11:21:48.995285,23.73244875677268,35.65269424376283,0.5807053553476982,14.01179519533866,38.00303631687364
New York,40.7128,-74.006,2025-10-20 11:21:48.995285,25.375182382769257,35.24592680574187,0.4065976408071771,18.67249688574409,35.87004406472252
New York,40.7128,-74.006,2025-10-21 11:21:48.995285,15.605518616510768,22.408352930348883,0.3049500885675355,12.11723574758275,35.39068673350649
New York,40.7128,-74.006,2025-10-22 11:21:48.995285,16.239692843174076,25.78163146985172,0.33782636162872076,16.506455844603572,21.87246579961641
New York,40.7128,-74.006,2025-10-23 11:21:48.995285,23.329154086979532,32.65164905114567,0.3770078000657615,9.722028916226453,36.7947136972553
New York,40.7128,-74.006,2025-10-24 11:21:48.995285,20.67252830968681,35.29073305719093,0.2952536006999016,13.44743801066469,31.73239594767267
New York,40.7128,-74.006,2025-10-25 11:21:48.995285,16.63193686568183,24.976738423793844,0.2833507497572666,14.899720433857839,30.373734275425882
New York,40.7128,-74.006,2025-10-26 11:21:48.995285,18.451759358244182,27.77533582378524,0.613965953214145,20.89650342230891,25.40442719237361
New York,40.7128,-74.006,2025-10-27 11:21:48.995285,20.011899527334393,28.684558905085634,0.43755129841405516,19.74657271869855,33.01881026661631
New York,40.7128,-74.006,2025-10-28 11:21:48.995285,12.69343445781859,20.033627200279323,0.3270408182838832,16.09704923977122,33.44431785798505
New York,40.7128,-74.006,2025-10-29 11:21:48.995285,24.50045960690916,34.434685797319275,0.49510523852568494,20.024231422637094,26.993356502669506
New York,40.7128,-74.006,2025-10-30 11:21:48.995285,18.434603029180874,31.981689721974224,0.2987266669968521,20.576900877079606,26.37569509634679
New York,40.7128,-74.006,2025-10-31 11:21:48.995285,7.066538988949768,13.234511092728676,0.31010119737169994,17.510565508845968,36.41077756255095
New York,40.7128,-74.006,2025-11-01 11:21:48.995285,21.02401109601666,33.50460953441908,0.34256307864485397,13.918548536140893,38.57357456165277
New York,40.7128,-74.006,2025-11-02 11:21:48.995285,17.594898276625727,23.611489403358974,0.5915064195083687,17.52764035534829,35.405546406252014
New York,40.7128,-74.006,2025-11-03 11:21:48.995285,29.907349739749662,45.271851150539995,0.40397676898688817,17.93794217360173,40.44903141577623
New York,40.7128,-74.006,2025-11-04 11:21:48.995285,18.697545899459023,30.464491645216544,0.18832472139092862,14.615022329538753,34.50523158433081
New York,40.7128,-74.006,2025-11-05 11:21:48.995285,16.299086565183295,25.63484064649042,0.5567526609790863,19.494792070328078,34.90919870261351
New York,40.7128,-74.006,2025-11-06 11:21:48.995285,24.490451103247185,34.73145844560323,0.4083776186525064,19.31482943962562,30.841041486451708
New York,40.7128,-74.006,2025-11-07 11:21:48.995285,18.812938831155986,26.919220736116667,0.25736271283603745,19.89271593527951,27.871553619022265
New York,40.7128,-74.006,2025-11-08 11:21:48.995285,18.383137418397787,26.6708338515847,0.413940019696838,19.476978503831806,45.19393830628634
New York,40.7128,-74.006,2025-11-09 11:21:48.995285,24.993973962960148,36.284085275463,0.5010297306372528,20.912762629764007,41.826195824505916
New York,40.7128,-74.006,2025-11-10 11:21:48.995285,17.41093580049267,29.17396137215962,0.4926703634521069,18.268652086351157,29.457345674218356
New York,40.7128,-74.006,2025-11-11 11:21:48.995285,15.494416578961067,19.39959859079509,0.6354571953156486,19.495747757092026,37.449936844093905
New York,40.7128,-74.006,2025-11-12 11:21:48.995285,31.578945011785493,48.680255796995915,0.3737023137692831,17.78125664792031,36.423200946452376
New York,40.7128,-74.006,2025-11-13 11:21:48.995285,26.015226589570783,36.43823313449927,0.4670266700578485,17.30536880391793,35.80663698653612
New York,40.7128,-74.006,2025-11-14 11:21:48.995285,21.966022133213396,31.026530224917956,0.39578444330586227,23.158283171378837,35.38551359820313
New York,40.7128,-74.006,2025-11-15 11:21:48.995285,23.439525744847508,31.139821883533823,0.3149189464484215,13.097149792099106,39.59171342487568
New York,40.7128,-74.006,2025-11-16 11:21:48.995285,26.156534069448128,38.13669224185446,0.5610969828079424,21.943886106896464,42.03169604565839
New York,40.7128,-74.006,2025-11-17 11:21:48.995285,28.664606799073574,46.01837350168879,0.5222853479348815,17.537337149166255,40.20883517165073
New York,40.7128,-74.006,2025-11-18 11:21:48.995285,20.189106568950585,30.813308338355434,0.5077475054803982,17.23437697983346,37.8508826663925
New York,40.7128,-74.006,2025-11-19 11:21:48.995285,25.971084642453945,36.55990386968273,0.5254860595783751,20.354908458508987,37.9243944344827
New York,40.7128,-74.006,2025-11-20 11:21:48.995285,21.778454850925602,34.70197762514703,0.41769222937069383,15.187159028935389,43.65203518257852
New York,40.7128,-74.006,2025-11-21 11:21:48.995285,23.538897105204335,37.77095418494387,0.3891065578235298,17.293832448045123,41.542929682231495
New York,40.7128,-74.006,2025-11-22 11:21:48.995285,25.459248221097067,38.39696529372377,0.4968804148923869,17.280473002347296,39.84712314083598
New York,40.7128,-74.006,2025-11-23 11:21:48.995285,24.794473573178283,41.261208676072606,0.6126784690099943,19.24973844466554,39.56229316966193
New York,40.7128,-74.006,2025-11-24 11:21:48.995285,28.677834491512865,44.659879986518526,0.6608077135453548,17.587586935517937,41.72635254806145
Tokyo,35.6762,139.6503,2024-11-24 11:21:48.995285,19.285164006772746,26.945711337948023,0.5012943980145232,22.783147756250255,39.933267676150095
Tokyo,35.6762,139.6503,2024-11-25 11:21:48.995285,26.06166485908935,37.34392337423326,0.509620853550519,20.68616926716969,30.26676695964883
Tokyo,35.6762,139.6503,2024-11-26 11:21:48.995285,23.149462263733355,33.58690877371978,0.519875489591754,20.976987714983334,44.1671099944984
Tokyo,35.6762,139.6503,2024-11-27 11:21:48.995285,19.269712043556808,30.545444353662294,0.5163481365790215,18.565168653695757,44.82202380585271
Tokyo,35.6762,139.6503,2024-11-28 11:21:48.995285,19.051604078632465,30.652765199409217,0.40337406633924977,21.84456239861637,38.74913612959189
Tokyo,35.6762,139.6503,2024-11-29 11:21:48.995285,19.974546047260993,30.979300510505904,0.5019718646469288,22.989324452739798,39.43317408909161
Tokyo,35.6762,139.6503,2024-11-30 11:21:48.995285,24.999021687271636,38.763546483031064,0.5471151996091741,20.68499751149263,40.748799062288505
Tokyo,35.6762,139.6503,2024-12-01 11:21:48.995285,26.80705762081103,41.522827343953836,0.5337704818337997,28.074785214518563,32.177361610358936
Tokyo,35.6762,139.6503,2024-12-02 11:21:48.995285,27.721905883018554,36.589198842085985,0.6228307803621668,15.995170597552185,30.235540716223255
Tokyo,35.6762,139.6503,2024-12-03 11:21:48.995285,28.080852795285047,42.14167455694181,0.5928704230828017,21.26042911589045,48.82276050061616
Tokyo,35.6762,139.6503,2024-12-04 11:21:48.995285,22.920315136918774,30.78755526303815,0.4472176753309819,17.333406833955443,38.449058825669276
Tokyo,35.6762,139.6503,2024-12-05 11:21:48.995285,32.17428163890832,49.27970140970555,0.5209826311632094,23.580671321086893,52.09972119553048
Tokyo,35.6762,139.6503,2024-12-06 11:21:48.995285,24.839917368645427,33.073659758328745,0.509887234629005,16.281096215216554,49.92857650372386
Tokyo,35.6762,139.6503,2024-12-07 11:21:48.995285,29.469963930340313,43.84406882480907,0.5439494539381148,17.107842936867733,51.16479926641118
Tokyo,35.6762,139.6503,2024-12-08 11:21:48.995285,26.565950492590414,40.94446529092479,0.5474364132173201,19.293803008382135,40.32859672775348
Tokyo,35.6762,139.6503,2024-12-09 11:21:48.995285,29.43163910967708,41.91194276788299,0.6122228259472222,22.074262985147133,35.7882934920899
Tokyo,35.6762,139.6503,2024-12-10 11:21:48.995285,26.647941244616487,41.89534378795117,0.5721244678209355,19.573376621685675,38.644960830039814
Tokyo,35.6762,139.6503,2024-12-11 11:21:48.995285,29.85299871167892,45.792742407421876,0.6807509870969769,19.686088376605767,42.09496285744458
Tokyo,35.6762,139.6503,2024-12-12 11:21:48.995285,28.012267897161273,42.78005123741772,0.5850845586974939,20.98193475850319,32.70766970559113
Tokyo,35.6762,139.6503,2024-12-13 11:21:48.995285,32.28189947017709,49.8188523802867,0.4811948803047452,20.879627831277304,42.441916479764636
Tokyo,35.6762,139.6503,2024-12-14 11:21:48.995285,24.28180377988514,35.7043054942944,0.5207765179020006,26.14996266292614,44.05445335635615
Tokyo,35.6762,139.6503,2024-12-15 11:21:48.995285,19.687304542310823,29.83479454097985,0.6311141315084502,23.826113969888763,38.8330369747121
Tokyo,35.6762,139.6503,2024-12-16 11:21:48.995285,23.830458331736246,35.765790642072766,0.4125280821275661,20.874892495099434,40.34344265213093
Tokyo,35.6762,139.6503,2024-12-17 11:21:48.995285,34.20122613862624,51.27674131870707,0.44254463977271685,28.21935276485888,44.6819584877501
Tokyo,35.6762,139.6503,2024-12-18 11:21:48.995285,28.242085792621033,41.0190665356374,0.5813673185537177,23.482423470597894,47.8037525796411
Tokyo,35.6762,139.6503,2024-12-19 11:21:48.995285,29.632247503855982,41.96330702633856,0.67853093237458,19.17908184712094,41.80379069918353
Tokyo,35.6762,139.6503,2024-12-20 11:21:48.995285,24.05957285527238,35.41564258432962,2.151775985116722,22.93341918272769,47.95289693613781
Tokyo,35.6762,139.6503,2024-12-21 11:21:48.995285,29.8100620431555,43.93119725034472,0.5679352936459049,23.847684343298,47.407670166045435
Tokyo,35.6762,139.6503,2024-12-22 11:21:48.995285,24.521439488665024,35.30869725796376,0.6987929228791586,20.25487719733021,47.18768335863472
Tokyo,35.6762,139.6503,2024-12-23 11:21:48.995285,25.40843202589411,39.816755602461214,0.6029735590000476,19.23614246816082,43.92093698245394
Tokyo,35.6762,139.6503,2024-12-24 11:21:48.995285,27.92533708748037,39.54359239550932,0.44561361180767234,22.728255020927215,40.739735272222745
Tokyo,35.6762,139.6503,2024-12-25 11:21:48.995285,32.31219572773177,48.12527527381518,0.6009265351225839,21.462689405342413,56.112324057285264
Tokyo,35.6762,139.6503,2024-12-26 11:21:48.995285,32.99339397686805,51.82277038842458,0.542792309010955,27.05446170219408,51.00276369277039
Tokyo,35.6762,139.6503,2024-12-27 11:21:48.995285,33.27527620507218,51.73117301280738,0.6994241223554339,24.91349332994624,53.09873583837818
Tokyo,35.6762,139.6503,2024-12-28 11:21:48.995285,22.583932556454325,36.30848660487605,0.6079195365980753,20.839850743578356,47.868381273319685
Tokyo,35.6762,139.6503,2024-12-29 11:21:48.995285,30.63369506095987,44.768981436691355,0.4855490406025764,24.111323114301353,47.680399133066075
Tokyo,35.6762,139.6503,2024-12-30 11:21:48.995285,29.824093567624328,46.3047166028919,0.4661885735999043,26.705385795443224,51.16530250543395
Tokyo,35.6762,139.6503,2024-12-31 11:21:48.995285,23.28635478920036,32.80359138984428,0.6168473416507076,18.792220097104867,39.74745855215022
Tokyo,35.6762,139.6503,2025-01-01 11:21:48.995285,31.164687534762255,46.195283390510305,0.37967362687705464,19.974049627612374,43.55393570496117
Tokyo,35.6762,139.6503,2025-01-02 11:21:48.995285,29.96833139722487,44.58898547427692,0.5725928207053834,23.076727890365742,45.34182683647115
Tokyo,35.6762,139.6503,2025-01-03 11:21:48.995285,33.911951369491206,49.71624662984079,0.6501894927523196,23.28396740816599,47.258652400643854
Tokyo,35.6762,139.6503,2025-01-04 11:21:48.995285,31.892530991548824,47.11516851115419,0.5240242618014604,23.086555288786325,45.33096501817395
Tokyo,35.6762,139.6503,2025-01-05 11:21:48.995285,28.869743531006517,42.317863441515065,0.7317256393389886,22.375841554848357,51.58855489988791
Tokyo,35.6762,139.6503,2025-01-06 11:21:48.995285,36.37324844061434,52.595085038718125,0.7539893787416583,22.394037126808666,50.52389045480836
Tokyo,35.6762,139.6503,2025-01-07 11:21:48.995285,20.764360168361048,32.85936726455315,0.5357404581695382,24.58803824658322,57.270114957111886
Tokyo,35.6762,139.6503,2025-01-08 11:21:48.995285,31.67325762836842,47.144986436804096,0.6100872479906807,26.899119296175755,62.86067069133752
Tokyo,35.6762,139.6503,2025-01-09 11:21:48.995285,23.300311562858067,35.35334043212167,0.7418006395885021,22.115424922343593,44.36059813348446
Tokyo,35.6762,139.6503,2025-01-10 11:21:48.995285,27.675474026928526,41.8407647827785,0.6445980542336736,30.933418226991524,51.59118664428091
Tokyo,35.6762,139.6503,2025-01-11 11:21:48.995285,34.97823874468661,52.576810967249955,0.5076355467828951,29.559159422040878,51.758884735494654
Tokyo,35.6762,139.6503,2025-01-12 11:21:48.995285,26.098733474761538,39.333709304255166,0.6350623106828758,27.722627327223023,51.133590966625015
Tokyo,35.6762,139.6503,2025-01-13 11:21:48.995285,25.464468991265953,37.58586904683688,0.5663683294661286,25.658979046077498,45.95046427235093
Tokyo,35.6762,139.6503,2025-01-14 11:21:48.995285,44.6038731859175,69.74260351590597,0.7647027550193761,29.871038453830156,46.95523517504632
Tokyo,35.6762,139.6503,2025-01-15 11:21:48.995285,26.006513253606933,40.53125940368112,0.716652379646614,23.03113316035565,52.90646582564223
Tokyo,35.6762,139.6503,2025-01-16 11:21:48.995285,41.16206108300764,61.7798556900535,0.6268134368247926,21.456915047813183,47.13743448481548
Tokyo,35.6762,139.6503,2025-01-17 11:21:48.995285,32.15260005885046,47.33479121634357,0.6744870188879394,22.42888926266143,52.81677618345519
Tokyo,35.6762,139.6503,2025-01-18 11:21:48.995285,30.491244982878733,45.499225788859945,0.5314956541042236,21.04886688576656,50.94333696238239
Tokyo,35.6762,139.6503,2025-01-19 11:21:48.995285,36.048697485965164,54.90828926169124,0.5889175648047217,24.472786733452182,53.03043781514262
Tokyo,35.6762,139.6503,2025-01-20 11:21:48.995285,39.99467664138058,62.991895147143495,0.821562044042411,25.05534452421227,47.70105704331495
Tokyo,35.6762,139.6503,2025-01-21 11:21:48.995285,27.675844345803142,38.76767142937462,0.6734751463848624,24.80561154421571,53.39662229618986
Tokyo,35.6762,139.6503,2025-01-22 11:21:48.995285,30.94692196663263,47.7399324672325,0.7629719987846421,24.211791401092242,48.34249345552996
Tokyo,35.6762,139.6503,2025-01-23 11:21:48.995285,37.82198825617929,58.98642965782621,0.6949541004959634,24.693283375893863,53.68493741742164
Tokyo,35.6762,139.6503,2025-01-24 11:21:48.995285,35.11453510943097,49.69836572433599,0.8049194552488719,29.54625320019765,59.70882593313974
Tokyo,35.6762,139.6503,2025-01-25 11:21:48.995285,39.26850620464934,58.540457553511466,0.4752945877689265,26.23961412863847,54.443294827243996
Tokyo,35.6762,139.6503,2025-01-26 11:21:48.995285,36.416234871592536,52.49531636122273,0.6579917435867721,27.187863939531283,54.870364561065735
Tokyo,35.6762,139.6503,2025-01-27 11:21:48.995285,42.96093351034123,65.30245948886592,0.8428744339135485,25.032276542358105,57.46575278438097
Tokyo,35.6762,139.6503,2025-01-28 11:21:48.995285,34.889251690690685,51.61717567132492,0.7755435174865131,19.651388252856982,46.47667132241734
Tokyo,35.6762,139.6503,2025-01-29 11:21:48.995285,35.179193869681164,52.50851267076149,0.8139399884395464,19.093421652604647,62.19981506065461
Tokyo,35.6762,139.6503,2025-01-30 11:21:48.995285,35.74988674193233,52.80271849834155,0.6821491382714177,30.819069911552212,48.433969859718154
Tokyo,35.6762,139.6503,2025-01-31 11:21:48.995285,33.49726861853355,51.686229793336864,0.6304836160019887,23.00938961288951,58.21287430259421
Tokyo,35.6762,139.6503,2025-02-01 11:21:48.995285,38.51585262979658,58.231844865891155,0.5827918907470465,22.787454385440185,57.64767518996957
Tokyo,35.6762,139.6503,2025-02-02 11:21:48.995285,35.523578407544385,53.74722113939588,0.577074636598434,25.406175868246372,49.49672662482008
Tokyo,35.6762,139.6503,2025-02-03 11:21:48.995285,38.339460625144675,57.830434587879914,0.7686772678092311,26.35048922469926,59.14227155296224
Tokyo,35.6762,139.6503,2025-02-04 11:21:48.995285,39.178463142392225,59.91267647449261,0.7404403825275138,26.75856834913895,56.67300964347369
Tokyo,35.6762,139.6503,2025-02-05 11:21:48.995285,36.652838570753175,54.455314146417116,0.6835539583259946,30.07853818011578,63.71574096643859
Tokyo,35.6762,139.6503,2025-02-06 11:21:48.995285,37.07092988709004,59.007944405716906,0.7420660308035492,29.28338328093335,55.31041615558505
Tokyo,35.6762,139.6503,2025-02-07 11:21:48.995285,29.559648900740335,41.86988384867346,0.7064711326796663,22.37284924544504,53.87423010047153
Tokyo,35.6762,139.6503,2025-02-08 11:21:48.995285,31.90563143744944,44.40661025983486,0.7893697576709193,27.73490340853964,51.912286425231805
Tokyo,35.6762,139.6503,2025-02-09 11:21:48.995285,38.91755648346873,54.75897358798595,0.7892814598611184,23.69804685462514,45.83418247101674
Tokyo,35.6762,139.6503,2025-02-10 11:21:48.995285,41.85916046081677,58.62956445264028,0.5882326809859999,24.457976042569772,53.02036900383051
Tokyo,35.6762,139.6503,2025-02-11 11:21:48.995285,25.076332287514767,38.96083806091266,0.7229342670481105,21.6072740896742,53.28823315129047
Tokyo,35.6762,139.6503,2025-02-12 11:21:48.995285,31.973748966459016,49.063358848253806,0.5293746190349137,19.827313789863815,56.02988796686132
Tokyo,35.6762,139.6503,2025-02-13 11:21:48.995285,34.96284117959417,54.85981475294245,0.710196837159478,24.827683945863594,47.651591696869055
Tokyo,35.6762,139.6503,2025-02-14 11:21:48.995285,30.47712211353647,43.60240674089366,0.7579003164489558,22.06880146363619,53.6151805799754
Tokyo,35.6762,139.6503,2025-02-15 11:21:48.995285,30.78672672996512,47.671013004438684,0.5666145645381546,27.733103511152876,57.73024438642087
Tokyo,35.6762,139.6503,2025-02-16 11:21:48.995285,37.29682146314834,56.05888031902112,0.6567981683375033,24.117876316529294,58.260881518731566
Tokyo,35.6762,139.6503,2025-02-17 11:21:48.995285,42.84905891479669,64.60676137050676,0.6997962191007706,25.896860191319384,45.61419272272264
Tokyo,35.6762,139.6503,2025-02-18 11:21:48.995285,24.80007217986109,38.45135406049085,0.7225752908667749,29.08217224248219,58.47081798547381
Tokyo,35.6762,139.6503,2025-02-19 11:21:48.995285,34.12086898617307,49.66873997713473,0.6716046242991477,20.530739320194453,53.727005031014876
Tokyo,35.6762,139.6503,2025-02-20 11:21:48.995285,37.300755920507584,61.12563215157035,0.5824582689906457,22.818324940128758,54.051476929840696
Tokyo,35.6762,139.6503,2025-02-21 11:21:48.995285,38.893569973398044,61.00411556864778,0.6944492820560109,25.538900929895966,43.166173319316066
Tokyo,35.6762,139.6503,2025-02-22 11:21:48.995285,36.5933217351441,53.82657069472543,0.5347293437018803,25.936416957369236,62.46438334248776
Tokyo,35.6762,139.6503,2025-02-23 11:21:48.995285,43.806920147042476,63.52890410511701,0.6767340042790235,28.31044620249793,55.88385552109933
Tokyo,35.6762,139.6503,2025-02-24 11:21:48.995285,35.14369955317635,52.53974100615514,0.6558459703612547,27.60104268039548,47.34144774720753
Tokyo,35.6762,139.6503,2025-02-25 11:21:48.995285,41.55542675883406,62.697657025415175,0.6864826887935294,25.288532280629006,56.8692020848927
Tokyo,35.6762,139.6503,2025-02-26 11:21:48.995285,31.75695880412049,49.766668725597356,0.6438437453694384,25.904612589716933,56.70558793801062
Tokyo,35.6762,139.6503,2025-02-27 11:21:48.995285,35.26908634159817,50.5661876892606,0.5488153483574585,25.982813477298432,61.081478177645835
Tokyo,35.6762,139.6503,2025-02-28 11:21:48.995285,28.903013638547446,43.9254943442195,0.6626974482918828,20.574157414749585,53.401439679858164
Tokyo,35.6762,139.6503,2025-03-01 11:21:48.995285,39.45537531375195,56.12503292179835,0.7921030747238714,24.506400123438603,54.986560011203395
Tokyo,35.6762,139.6503,2025-03-02 11:21:48.995285,34.33035417946826,52.36824645602463,0.8247974502523634,25.71170390032835,155.05444121346503
Tokyo,35.6762,139.6503,2025-03-03 11:21:48.995285,36.70024595253403,54.83536048788495,0.9421562406706175,26.33122289632259,57.85645402986552
Tokyo,35.6762,139.6503,2025-03-04 11:21:48.995285,33.319932745898036,53.853258643418584,0.8669005588862346,22.170297630969227,50.91271214510986
Tokyo,35.6762,139.6503,2025-03-05 11:21:48.995285,37.791624007933386,53.595430923460725,0.5774958373259557,21.12334701223248,50.3242696640563
Tokyo,35.6762,139.6503,2025-03-06 11:21:48.995285,36.81643538907858,57.965869846598075,0.6557415502687305,24.21103498234567,54.404910590800135
Tokyo,35.6762,139.6503,2025-03-07 11:21:48.995285,29.822879766598867,41.32665697956586,0.6936441748453203,30.80016679150193,48.56488651816321
Tokyo,35.6762,139.6503,2025-03-08 11:21:48.995285,30.07626834340863,42.459981966299935,0.6866461267031038,22.422310214975834,62.6508143521817
Tokyo,35.6762,139.6503,2025-03-09 11:21:48.995285,34.58233831458386,48.51931835493145,0.7013769723154349,28.382375725209734,64.21810658814529
Tokyo,35.6762,139.6503,2025-03-10 11:21:48.995285,37.977247617273925,57.466576642812996,0.9343466987595688,88.78172353276703,156.75334895475564
Tokyo,35.6762,139.6503,2025-03-11 11:21:48.995285,43.94918325121073,63.576377255308614,0.58448895513359,24.953752321520327,47.51908319567641
Tokyo,35.6762,139.6503,2025-03-12 11:21:48.995285,36.102132453201605,51.45653566924133,0.6203904497760295,22.75404528097613,56.06372744931976
Tokyo,35.6762,139.6503,2025-03-13 11:21:48.995285,39.57446697874716,59.76723567136751,0.8551187923349985,26.306863674126905,51.89470235961206
Tokyo,35.6762,139.6503,2025-03-14 11:21:48.995285,26.41936112630087,40.532592461200686,0.628074181693949,25.326778776359344,60.098829362822734
Tokyo,35.6762,139.6503,2025-03-15 11:21:48.995285,44.49239068107411,66.81828462991182,0.7279102937116557,22.136493776381176,50.2056841732068
Tokyo,35.6762,139.6503,2025-03-16 11:21:48.995285,37.397244518600274,55.771428479857306,0.7908420062459072,22.70799825236183,56.775786306573686
Tokyo,35.6762,139.6503,2025-03-17 11:21:48.995285,34.05921675458589,54.74664439675319,0.7347946878807988,26.01435921162589,54.530826912528156
Tokyo,35.6762,139.6503,2025-03-18 11:21:48.995285,33.419426984641305,50.4208130094459,0.7040347077488679,27.421774835471112,50.48305327982935
Tokyo,35.6762,139.6503,2025-03-19 11:21:48.995285,28.639837271298948,44.57113885479292,0.7773778021812772,23.619547526350807,54.96400353335062
Tokyo,35.6762,139.6503,2025-03-20 11:21:48.995285,29.999612322341306,45.28526273489188,0.5928140703683462,24.34562245580692,58.05173224378749
Tokyo,35.6762,139.6503,2025-03-21 11:21:48.995285,43.585736183913916,63.1828516993615,0.6310348475153368,26.522694723156665,53.98457963014725
Tokyo,35.6762,139.6503,2025-03-22 11:21:48.995285,29.01337071591903,44.619831437682585,0.7327316169934981,23.96173580115274,53.924012686654926
Tokyo,35.6762,139.6503,2025-03-23 11:21:48.995285,28.839234436963203,41.94725703250521,0.4706675386044735,23.54230569325981,48.956942700174025
Tokyo,35.6762,139.6503,2025-03-24 11:21:48.995285,30.28901960935746,45.25155713795771,0.8176608231291764,22.134038560686,58.921207049123716
Tokyo,35.6762,139.6503,2025-03-25 11:21:48.995285,27.726159422286855,42.200044497217135,0.7046805012616425,22.040477723424516,58.29832767135574
Tokyo,35.6762,139.6503,2025-03-26 11:21:48.995285,33.707954154726664,46.67909509831671,0.6879316008880972,32.32235891491932,50.89433597731619
Tokyo,35.6762,139.6503,2025-03-27 11:21:48.995285,38.98777426082446,55.262657143453225,0.5078131461858597,23.683005868511888,52.19339024883242
Tokyo,35.6762,139.6503,2025-03-28 11:21:48.995285,30.400028942170465,47.41896175825082,0.5403888989306389,28.321420251301987,59.749839223747585
Tokyo,35.6762,139.6503,2025-03-29 11:21:48.995285,26.492633395382263,38.411457199875514,0.6273267294536412,29.231607409650397,46.87102808604228
Tokyo,35.6762,139.6503,2025-03-30 11:21:48.995285,34.722848552312364,50.85162885025082,0.7460138247743419,23.58102412514007,55.416754937652556
Tokyo,35.6762,139.6503,2025-03-31 11:21:48.995285,32.886508826060094,49.662640033831785,0.45564600906932473,25.187979682533886,49.455001906033104
Tokyo,35.6762,139.6503,2025-04-01 11:21:48.995285,38.07842221361757,56.34628812618262,0.7401324693419247,24.33983517770382,60.98758857857238
Tokyo,35.6762,139.6503,2025-04-02 11:21:48.995285,30.689287141314807,46.86910747525779,0.6232334403456865,19.14436726693705,52.259976600065926
Tokyo,35.6762,139.6503,2025-04-03 11:21:48.995285,31.55571465265377,47.23132840151457,0.6347876237415778,19.272330238649083,58.08664041688093
Tokyo,35.6762,139.6503,2025-04-04 11:21:48.995285,32.001188590954065,48.398988786791996,0.6803361024424889,24.02096560754802,47.81662387819997
Tokyo,35.6762,139.6503,2025-04-05 11:21:48.995285,33.08390668067284,48.22214324052475,0.6797094463427498,22.544702448126927,45.215685780236804
Tokyo,35.6762,139.6503,2025-04-06 11:21:48.995285,30.563859888532136,46.23297947936006,0.579290506512742,29.438075152840813,50.11870512697457
Tokyo,35.6762,139.6503,2025-04-07 11:21:48.995285,29.63899956825592,46.66867752605477,0.7107354110166034,22.996391238159124,52.43174745246312
Tokyo,35.6762,139.6503,2025-04-08 11:21:48.995285,23.043687116455665,33.4300342424551,0.4139716968276536,29.500574761636813,48.38970490121525
Tokyo,35.6762,139.6503,2025-04-09 11:21:48.995285,29.34983309115903,45.85538623728285,0.5984934940784269,22.159210379973175,54.556690836514264
Tokyo,35.6762,139.6503,2025-04-10 11:21:48.995285,35.631952441480536,53.3448080255755,0.6564848983391259,29.26451931236269,49.53398631255553
Tokyo,35.6762,139.6503,2025-04-11 11:21:48.995285,36.184039865714205,55.745023110527185,0.6041613138559481,24.985679625276926,39.99203259447164
Tokyo,35.6762,139.6503,2025-04-12 11:21:48.995285,29.45216897681366,44.43579610192671,0.4534636514988051,25.093742734698672,52.97566103812025
Tokyo,35.6762,139.6503,2025-04-13 11:21:48.995285,38.17806863304415,57.20028110937037,0.7094155107187538,21.80502745086672,45.60827266746722
Tokyo,35.6762,139.6503,2025-04-14 11:21:48.995285,31.408043213589078,47.811524184536346,0.5061924902291118,25.006533327256495,48.01935844975368
Tokyo,35.6762,139.6503,2025-04-15 11:21:48.995285,24.731315273285897,39.52416803453334,0.6216595418944838,28.288413865426573,57.39647671624523
Tokyo,35.6762,139.6503,2025-04-16 11:21:48.995285,23.025707863687067,35.01075638396075,0.6410560226259292,22.709331590798758,58.29550083954297
Tokyo,35.6762,139.6503,2025-04-17 11:21:48.995285,37.24413561273191,56.82326508091466,0.6250396353692023,22.058232553716785,46.35180182398586
Tokyo,35.6762,139.6503,2025-04-18 11:21:48.995285,29.151222005943858,42.98986318176239,0.7372259052313661,22.267832699544346,51.91329410153304
Tokyo,35.6762,139.6503,2025-04-19 11:21:48.995285,24.807529907561836,40.3530678093328,0.612230794459126,27.799261076481677,46.055406332273876
Tokyo,35.6762,139.6503,2025-04-20 11:21:48.995285,19.44134182186557,30.4426869546577,0.6574999940505589,25.434914960524882,47.17221912407185
Tokyo,35.6762,139.6503,2025-04-21 11:21:48.995285,28.61731206972605,43.08138502463909,0.6063274491669113,27.140986283464237,45.364961861659886
Tokyo,35.6762,139.6503,2025-04-22 11:21:48.995285,32.476158680388316,48.46893067607312,0.6703436961247577,23.667070324156064,39.556888176127345
Tokyo,35.6762,139.6503,2025-04-23 11:21:48.995285,26.81884476138831,42.18408368062869,0.7454955393371391,22.771608311143165,48.43622684109755
Tokyo,35.6762,139.6503,2025-04-24 11:21:48.995285,24.89439810948917,36.129189010143236,0.61696666115039,23.85214407229116,49.18176279996863
Tokyo,35.6762,139.6503,2025-04-25 11:21:48.995285,27.26553929142412,37.33255890459351,0.6784333984474551,25.7166846704665,44.163618475130946
Tokyo,35.6762,139.6503,2025-04-26 11:21:48.995285,36.07868716681118,54.262829949065676,2.2283623047298735,21.690008807779854,52.73304916381589
Tokyo,35.6762,139.6503,2025-04-27 11:21:48.995285,22.746686988362686,36.50003962877272,0.7299503262321999,26.46182851843968,44.88699152963186
Tokyo,35.6762,139.6503,2025-04-28 11:21:48.995285,26.350561782972,42.708460296827354,0.5526523983405707,23.377025138739924,43.65254127833181
Tokyo,35.6762,139.6503,2025-04-29 11:21:48.995285,35.458976541592904,52.973876925521594,0.6917469924446157,14.983759507661938,49.240297355797956
Tokyo,35.6762,139.6503,2025-04-30 11:21:48.995285,31.72088484681431,47.66850259810503,0.6098771839986301,24.775481981163356,38.66159514968067
Tokyo,35.6762,139.6503,2025-05-01 11:21:48.995285,29.989198657050995,46.0228588506084,0.6935941915365157,18.22986475429216,50.67373454074834
Tokyo,35.6762,139.6503,2025-05-02 11:21:48.995285,25.69367208948342,38.0118092964976,0.6355815136875884,24.545469665304296,43.893008362875186
Tokyo,35.6762,139.6503,2025-05-03 11:21:48.995285,28.92960372454179,44.42721748359498,0.6031084006444118,24.59309382073432,50.61204986002993
Tokyo,35.6762,139.6503,2025-05-04 11:21:48.995285,25.927991965031172,38.72118444541022,0.6157399541805889,22.79824644579246,51.8663585900923
Tokyo,35.6762,139.6503,2025-05-05 11:21:48.995285,24.15919247135358,38.261525221410736,0.5946462581380398,23.35910425998375,48.384951901846705
Tokyo,35.6762,139.6503,2025-05-06 11:21:48.995285,22.893797445736602,35.786657194800554,0.595315000958557,24.94365477465461,40.8812607697264
Tokyo,35.6762,139.6503,2025-05-07 11:21:48.995285,32.05154839122076,49.69777825143601,0.5467381721289746,20.078652183246955,38.44244708161538
Tokyo,35.6762,139.6503,2025-05-08 11:21:48.995285,27.66509753165423,41.08701100787717,0.5341701297939464,23.86385307547489,37.28032897242618
Tokyo,35.6762,139.6503,2025-05-09 11:21:48.995285,29.374875471005637,47.91416784751298,0.7323636279771101,24.890223284867186,49.71801363649479
Tokyo,35.6762,139.6503,2025-05-10 11:21:48.995285,28.39502085628709,43.56035516918958,0.6004858896567198,26.598575256255472,43.28098182991919
Tokyo,35.6762,139.6503,2025-05-11 11:21:48.995285,29.67481594385115,45.006812022750395,0.4920739438730472,17.91777004422557,40.70922373455979
Tokyo,35.6762,139.6503,2025-05-12 11:21:48.995285,26.029462752376663,37.52230816743105,0.518319390903158,22.377076546116367,42.794174295764726
Tokyo,35.6762,139.6503,2025-05-13 11:21:48.995285,24.72692189912509,36.89623920839053,0.6483300284327543,18.183136980014588,48.605919776367784
Tokyo,35.6762,139.6503,2025-05-14 11:21:48.995285,22.890327250980157,34.564250397875504,1.3971477208495602,17.97159839586339,46.8437922737014
Tokyo,35.6762,139.6503,2025-05-15 11:21:48.995285,19.727820190220054,28.01637569248148,0.3877505489640114,21.975916245845752,44.88902956442771
Tokyo,35.6762,139.6503,2025-05-16 11:21:48.995285,21.01790427627059,30.942222122867708,0.39171648852749896,21.046402509081002,45.63153548120978
Tokyo,35.6762,139.6503,2025-05-17 11:21:48.995285,24.630903363697644,36.61475500934045,0.35626227936349625,24.16400042016533,43.087849731282866
Tokyo,35.6762,139.6503,2025-05-18 11:21:48.995285,18.27228435234842,27.52026785036907,0.3958681496640704,19.60521153848028,43.44178794827085
Tokyo,35.6762,139.6503,2025-05-19 11:21:48.995285,19.2051605505368,25.28232684572199,0.40424520744425796,20.156140727017444,42.780011262580665
Tokyo,35.6762,139.6503,2025-05-20 11:21:48.995285,31.156066961347875,46.46355936061328,0.6574310879242536,21.10719653610055,41.41774501912022
Tokyo,35.6762,139.6503,2025-05-21 11:21:48.995285,26.894762216603592,39.58745095874552,0.5108593745807657,17.801445841857944,44.92766660765835
Tokyo,35.6762,139.6503,2025-05-22 11:21:48.995285,23.342949132640328,34.972655399710696,0.4757163015594869,18.131856851781173,42.709609691488865
Tokyo,35.6762,139.6503,2025-05-23 11:21:48.995285,36.78809462456811,57.25269506921268,0.3642631402990487,23.56340716234031,36.24175833953317
Tokyo,35.6762,139.6503,2025-05-24 11:21:48.995285,17.016935808706187,29.63019469730169,0.4908510482982927,18.48222707729234,43.03164853102027
Tokyo,35.6762,139.6503,2025-05-25 11:21:48.995285,29.964126351195993,46.30294392608324,0.32798859312131845,23.5904646837925,41.36534028522686
Tokyo,35.6762,139.6503,2025-05-26 11:21:48.995285,24.35659961721604,34.066055081691395,0.46133688349362595,21.778902757561443,42.927962391245174
Tokyo,35.6762,139.6503,2025-05-27 11:21:48.995285,28.667050712292735,42.309762164774035,0.701285750938941,15.228314722397531,39.09168882851787
Tokyo,35.6762,139.6503,2025-05-28 11:21:48.995285,25.11454625630873,38.86374600212528,0.5577759112697304,21.376024910490713,43.413368073767835
Tokyo,35.6762,139.6503,2025-05-29 11:21:48.995285,15.036641915115784,23.521543865531722,0.46697752849138835,63.79911924736026,38.78975808518232
Tokyo,35.6762,139.6503,2025-05-30 11:21:48.995285,24.70343754545951,39.029807789095415,0.554335064693943,20.88185342936654,42.45860124450078
Tokyo,35.6762,139.6503,2025-05-31 11:21:48.995285,25.732411775025998,38.403915673957805,0.42893833222380334,19.101686071764973,36.29959117298945
Tokyo,35.6762,139.6503,2025-06-01 11:21:48.995285,12.923483436160986,18.658224665510467,0.39760042428774234,16.62150259821597,36.38884462267983
Tokyo,35.6762,139.6503,2025-06-02 11:21:48.995285,33.432759694483686,53.65398754955761,0.6446633274627681,23.394897411074957,41.079039954261916
Tokyo,35.6762,139.6503,2025-06-03 11:21:48.995285,100.39218400666047,150.70561721672996,0.35661269522399774,18.966265249232123,36.15414507747816
Tokyo,35.6762,139.6503,2025-06-04 11:21:48.995285,26.731868571297312,38.06445410490374,0.43202647384456166,16.535746454301314,48.58680827966306
Tokyo,35.6762,139.6503,2025-06-05 11:21:48.995285,17.37468719486282,29.01229810636007,0.49465001109123863,20.473573129636215,40.1357261480117
Tokyo,35.6762,139.6503,2025-06-06 11:21:48.995285,26.486358712792327,36.7373470863996,0.3670420014655399,16.78829563883235,37.17452408386736
Tokyo,35.6762,139.6503,2025-06-07 11:21:48.995285,28.31231314341732,35.478379270148764,0.5223563122751818,16.08513733794566,40.89669015219731
Tokyo,35.6762,139.6503,2025-06-08 11:21:48.995285,23.96478443838311,37.48595017364981,0.42327941348965237,17.722053812239622,34.14201289665824
Tokyo,35.6762,139.6503,2025-06-09 11:21:48.995285,22.482920402586824,35.5457825459295,0.5169865966604986,16.768695804641098,40.90974138895106
Tokyo,35.6762,139.6503,2025-06-10 11:21:48.995285,17.895404448227843,27.671132556231147,0.5058653194294505,15.944945780406242,40.52119369239755
Tokyo,35.6762,139.6503,2025-06-11 11:21:48.995285,21.116658659091208,29.07007582065271,0.4196526518975738,21.018081910789196,42.064210160909504
Tokyo,35.6762,139.6503,2025-06-12 11:21:48.995285,19.4727242359687,29.091346643468405,0.6117233034044005,18.17495246024535,33.345260054154764
Tokyo,35.6762,139.6503,2025-06-13 11:21:48.995285,24.728907777605155,36.53702451929999,0.3708450114694905,22.191304631868544,29.189728115273873
Tokyo,35.6762,139.6503,2025-06-14 11:21:48.995285,17.456535552167686,25.110225306466752,0.5690053506099677,15.789429155687541,96.02429871185792
Tokyo,35.6762,139.6503,2025-06-15 11:21:48.995285,24.367130480810452,39.37483458283423,0.5483708617286575,13.089255323737326,33.407662730075266
Tokyo,35.6762,139.6503,2025-06-16 11:21:48.995285,17.18793487905404,23.68857020131768,0.6047454746200905,18.637742394099412,42.910352043312265
Tokyo,35.6762,139.6503,2025-06-17 11:21:48.995285,19.91115757716026,30.49894527195319,0.44186401089350913,23.679396939399425,45.309440667579274
Tokyo,35.6762,139.6503,2025-06-18 11:21:48.995285,24.14431921849942,38.604572795074276,0.34242337347590773,19.625009104803674,35.81945737337291
Tokyo,35.6762,139.6503,2025-06-19 11:21:48.995285,17.38745681191357,26.844068268508433,0.6258084667698305,27.599342794560393,33.90661365785868
Tokyo,35.6762,139.6503,2025-06-20 11:21:48.995285,24.00267904519247,38.486255312779456,0.38152978520845277,18.871175662999498,31.875455748085635
Tokyo,35.6762,139.6503,2025-06-21 11:21:48.995285,23.35978294485189,36.1671038621357,0.3305419858593474,18.504062712111793,37.515669985796904
Tokyo,35.6762,139.6503,2025-06-22 11:21:48.995285,19.08617969803069,29.487968888030093,0.3898399867078269,11.254378519283954,44.1043065573307
Tokyo,35.6762,139.6503,2025-06-23 11:21:48.995285,26.097320930040308,39.87965113272475,0.30759902684951945,18.928044783396267,41.8618618408334
Tokyo,35.6762,139.6503,2025-06-24 11:21:48.995285,20.52619463879867,32.01617849149831,0.45536034109059653,18.074639744514425,38.395792456398816
Tokyo,35.6762,139.6503,2025-06-25 11:21:48.995285,25.498964498468997,37.47736855287898,0.33918479913499366,16.27152733815751,38.09788545388265
Tokyo,35.6762,139.6503,2025-06-26 11:21:48.995285,28.806700714227365,40.60630336759547,0.3680391048063423,17.009351443743526,36.420613566032785
Tokyo,35.6762,139.6503,2025-06-27 11:21:48.995285,18.48619440987411,29.63737843773778,0.4906318765341096,17.1420480361638,31.802596049028327
Tokyo,35.6762,139.6503,2025-06-28 11:21:48.995285,22.772370534730477,36.48204040310725,0.45332123330948904,16.734010348500554,28.13865230918626
Tokyo,35.6762,139.6503,2025-06-29 11:21:48.995285,16.216267749283862,24.828359245737882,0.3896406047749306,23.471198577327,31.50209061720765
Tokyo,35.6762,139.6503,2025-06-30 11:21:48.995285,14.098205273415765,20.050556670854906,0.4023328992938333,16.01855257706335,33.5051139920919
Tokyo,35.6762,139.6503,2025-07-01 11:21:48.995285,18.144849190143123,24.10183955215541,0.38366849260465946,17.569014910099206,23.915051722021424
Tokyo,35.6762,139.6503,2025-07-02 11:21:48.995285,12.170757969003457,18.42775115335196,0.336559680713279,15.780176433716765,30.210885404795118
Tokyo,35.6762,139.6503,2025-07-03 11:21:48.995285,14.159115102130173,18.540771963759315,0.3766904139225557,19.273870560115,26.641069227593718
Tokyo,35.6762,139.6503,2025-07-04 11:21:48.995285,21.669534850646997,29.526327270694644,0.42333159963012745,17.38647702693745,35.63776358640319
Tokyo,35.6762,139.6503,2025-07-05 11:21:48.995285,16.011207790390173,23.975348629553874,0.3589728444548033,15.949994714305738,27.620637290667993
Tokyo,35.6762,139.6503,2025-07-06 11:21:48.995285,22.00100686351846,31.473971292901663,0.41094549158121035,10.946314376233026,31.81375630176866
Tokyo,35.6762,139.6503,2025-07-07 11:21:48.995285,19.816421047952105,30.415250684257696,0.2827203493149886,17.389605354798583,26.478940572119118
Tokyo,35.6762,139.6503,2025-07-08 11:21:48.995285,27.448036215325416,40.85346311786438,0.3034559529900263,15.667404131875667,37.77689548764934
Tokyo,35.6762,139.6503,2025-07-09 11:21:48.995285,20.68887415901046,29.82004210607047,0.28791170429520707,16.351371894903814,21.096996914022412
Tokyo,35.6762,139.6503,2025-07-10 11:21:48.995285,23.515254250324794,31.863051214029255,0.3023701407993239,12.924708107728112,31.795447732612175
Tokyo,35.6762,139.6503,2025-07-11 11:21:48.995285,19.832654178878116,28.043205016656458,0.48518272193541684,20.711461949780777,22.848557952660915
Tokyo,35.6762,139.6503,2025-07-12 11:21:48.995285,19.26139196452549,27.259814966686058,0.4266923684937385,18.92244175709918,26.50997343627843
Tokyo,35.6762,139.6503,2025-07-13 11:21:48.995285,23.41144510208062,32.666552306091006,0.24406328596184632,20.586007938678918,29.912603355693587
Tokyo,35.6762,139.6503,2025-07-14 11:21:48.995285,20.81731905400624,30.56788999052459,0.39321646413444383,19.67760376468282,29.986782743604067
Tokyo,35.6762,139.6503,2025-07-15 11:21:48.995285,18.411431936881712,25.322643922973263,0.30816404617703436,17.957508842429668,29.688005013618923
Tokyo,35.6762,139.6503,2025-07-16 11:21:48.995285,18.27943291597818,27.091663879384843,0.27678473317943536,12.698732266985468,29.135485084371894
Tokyo,35.6762,139.6503,2025-07-17 11:21:48.995285,19.834648008364937,30.232794439884717,0.1942960824120064,21.601912216822004,25.00603086445207
Tokyo,35.6762,139.6503,2025-07-18 11:21:48.995285,13.681303764874423,18.86961573853328,0.43795529662550137,13.236180228424393,27.236990427816714
Tokyo,35.6762,139.6503,2025-07-19 11:21:48.995285,13.366203206097062,20.90012206798276,0.20231769576909717,15.162377396170392,28.060970886080405
Tokyo,35.6762,139.6503,2025-07-20 11:21:48.995285,23.961649147405502,33.21975797861285,0.3314960719098294,18.03801658465118,28.728731212105675
Tokyo,35.6762,139.6503,2025-07-21 11:21:48.995285,26.058526332060893,36.86343470129876,0.24009803568273125,18.137851367942666,27.276284655106416
Tokyo,35.6762,139.6503,2025-07-22 11:21:48.995285,11.996332913762808,17.768064775394674,0.41039929882326515,17.537082783740495,31.109069913642724
Tokyo,35.6762,139.6503,2025-07-23 11:21:48.995285,13.202537264270847,21.177888080183546,0.29751500589799224,14.572889269247415,27.78819899045876
Tokyo,35.6762,139.6503,2025-07-24 11:21:48.995285,22.169392400022456,34.988887683012216,0.3156893004980001,13.907594269184441,28.191797291860667
Tokyo,35.6762,139.6503,2025-07-25 11:21:48.995285,19.036178685212867,31.77904927213442,0.3172981480970144,23.287887065568853,25.13960633769374
Tokyo,35.6762,139.6503,2025-07-26 11:21:48.995285,19.665077339511395,28.74443825963207,0.355915769751714,15.52352659095389,21.662195586288064
Tokyo,35.6762,139.6503,2025-07-27 11:21:48.995285,20.682884434529928,30.769324014438286,0.32529803560362375,15.114624826215813,27.56996159405932
Tokyo,35.6762,139.6503,2025-07-28 11:21:48.995285,14.915765964984693,20.308297889441064,0.31806121657798975,13.419043914036276,32.7163703803723
Tokyo,35.6762,139.6503,2025-07-29 11:21:48.995285,17.691456717601845,24.02965241242072,0.2689919443275404,16.25481459353833,28.781716792628433
Tokyo,35.6762,139.6503,2025-07-30 11:21:48.995285,17.227402730243618,26.298248268020476,0.16185590220085389,16.077289390110792,22.36219325905578
Tokyo,35.6762,139.6503,2025-07-31 11:21:48.995285,11.601495697830535,15.850500547853315,0.20602397802697123,15.398298223416033,30.414630677679774
Tokyo,35.6762,139.6503,2025-08-01 11:21:48.995285,17.399618455484585,28.564186083261458,0.3883312486561859,16.55726181006669,24.560660270139316
Tokyo,35.6762,139.6503,2025-08-02 11:21:48.995285,21.945646258817405,29.993697924491325,0.2845599092287515,20.669158896361594,29.708909069505033
Tokyo,35.6762,139.6503,2025-08-03 11:21:48.995285,14.0220944954034,22.005848154754492,0.24745423602015615,13.561222225937408,24.195161709949502
Tokyo,35.6762,139.6503,2025-08-04 11:21:48.995285,16.394032780750358,22.57957069349148,0.17205091629910915,15.444844495129203,27.713312004705372
Tokyo,35.6762,139.6503,2025-08-05 11:21:48.995285,16.605933146150075,23.268002785680945,0.13948305731288063,13.342648925396231,23.266096166021956
Tokyo,35.6762,139.6503,2025-08-06 11:21:48.995285,14.09306144770193,22.217816302056956,0.2400069959847458,16.142287182416023,23.309313817465753
Tokyo,35.6762,139.6503,2025-08-07 11:21:48.995285,18.847696222167333,26.919783461035184,0.3980690860784366,13.526186512724516,17.863458215064618
Tokyo,35.6762,139.6503,2025-08-08 11:21:48.995285,12.012493673852099,16.987172375738346,0.2525494172403089,13.630081940760949,28.17960684099635
Tokyo,35.6762,139.6503,2025-08-09 11:21:48.995285,22.028522107838185,31.41846643465414,0.347354442811315,10.80407713501238,27.398789945639457
Tokyo,35.6762,139.6503,2025-08-10 11:21:48.995285,18.451649977920585,31.247534550107762,0.24610646045539136,15.453695433338705,27.613146835943752
Tokyo,35.6762,139.6503,2025-08-11 11:21:48.995285,10.594975030344916,14.657489923357355,0.36946303027707267,16.428717882569625,26.79487985622314
Tokyo,35.6762,139.6503,2025-08-12 11:21:48.995285,23.729942918107582,35.6980188120269,0.26962280969265945,20.701376306415042,21.54859157389796
Tokyo,35.6762,139.6503,2025-08-13 11:21:48.995285,16.04437038985308,23.66272838421747,0.18088883711585235,16.510438985342088,30.13529094778555
Tokyo,35.6762,139.6503,2025-08-14 11:21:48.995285,11.555996894024918,17.776829464485903,0.2765193828140592,13.73631487020813,30.219998220761614
Tokyo,35.6762,139.6503,2025-08-15 11:21:48.995285,20.663291125317652,29.765462794044605,0.4862104118352747,10.991221987122579,21.269590424689635
Tokyo,35.6762,139.6503,2025-08-16 11:21:48.995285,17.58658169491672,25.97823807329178,0.48125291350861743,11.392751031841863,27.830456103264687
Tokyo,35.6762,139.6503,2025-08-17 11:21:48.995285,6.229060838895263,10.131495276330764,0.35043051747924553,11.15754466161681,29.508244966938065
Tokyo,35.6762,139.6503,2025-08-18 11:21:48.995285,12.439129921106588,16.9326806056539,0.2876427486051469,20.667841860011073,22.750655894270178
Tokyo,35.6762,139.6503,2025-08-19 11:21:48.995285,16.444433575100746,26.845293075907428,0.33136911798936886,15.887904935275623,23.593241887267776
Tokyo,35.6762,139.6503,2025-08-20 11:21:48.995285,4.235577594245006,8.724327429450774,0.33235345352249496,13.267806833443471,27.72068351474638
Tokyo,35.6762,139.6503,2025-08-21 11:21:48.995285,15.446178818283048,24.382253479742054,0.2964278925902114,12.130835380213247,17.47959373994761
Tokyo,35.6762,139.6503,2025-08-22 11:21:48.995285,15.801099707675965,23.841402328706913,0.344318458875255,12.437277900893069,19.574218158554498
Tokyo,35.6762,139.6503,2025-08-23 11:21:48.995285,9.087077781247316,7.649413775461903,0.32091343007788486,13.174370413044079,20.057930750341832
Tokyo,35.6762,139.6503,2025-08-24 11:21:48.995285,16.35405784475244,25.379669032437583,0.268419429732621,18.949182355491768,16.019668296051453
Tokyo,35.6762,139.6503,2025-08-25 11:21:48.995285,15.037411798263266,21.773456886937172,0.18047617211439768,14.9102159601458,30.424837774894552
Tokyo,35.6762,139.6503,2025-08-26 11:21:48.995285,9.04584445077602,13.07621785332895,0.2540403753820053,10.658758238278699,15.062813399343302
Tokyo,35.6762,139.6503,2025-08-27 11:21:48.995285,19.60530262191729,25.6131992718303,0.380101882659423,21.935127767992697,26.72680314856158
Tokyo,35.6762,139.6503,2025-08-28 11:21:48.995285,19.204914762283384,29.794549115173464,0.2971666933193507,11.587339476124487,29.081885656442637
Tokyo,35.6762,139.6503,2025-08-29 11:21:48.995285,13.578064834656638,17.46993515833105,0.33056369453711937,13.24086920468762,23.57214563131133
Tokyo,35.6762,139.6503,2025-08-30 11:21:48.995285,14.04790342156909,21.308704224336424,0.2725146480001229,18.95083818216575,21.719376934136086
Tokyo,35.6762,139.6503,2025-08-31 11:21:48.995285,18.689140619037207,29.843025892375493,0.19519666812014708,16.27435936335744,26.250943650273918
Tokyo,35.6762,139.6503,2025-09-01 11:21:48.995285,56.29784876104657,83.50811677893476,0.27769258662923124,13.629119954037709,25.12583186170342
Tokyo,35.6762,139.6503,2025-09-02 11:21:48.995285,5.446134046525696,10.601304520245424,0.19976791090759421,11.35623674628173,30.168536885771783
Tokyo,35.6762,139.6503,2025-09-03 11:21:48.995285,70.2447534522391,103.87314942194429,0.19390119416084756,12.163182461254987,12.047152662100416
Tokyo,35.6762,139.6503,2025-09-04 11:21:48.995285,11.088965228786535,17.834313996641804,0.4236688975365225,12.35814255901014,20.639355367977977
Tokyo,35.6762,139.6503,2025-09-05 11:21:48.995285,13.237720025195937,17.247008534876848,0.26173010545225645,15.114563042190602,28.088287365506137
Tokyo,35.6762,139.6503,2025-09-06 11:21:48.995285,22.510869424700815,35.82856500641227,0.2302818591528653,15.683943744315627,25.584512091287454
Tokyo,35.6762,139.6503,2025-09-07 11:21:48.995285,14.589103078231803,23.635635382506287,0.46697587740360635,14.68353383824387,29.148663968398026
Tokyo,35.6762,139.6503,2025-09-08 11:21:48.995285,15.308035460854295,23.8987690372089,0.3874857191701227,15.032038948969475,26.759141053425708
Tokyo,35.6762,139.6503,2025-09-09 11:21:48.995285,17.890937000769437,26.04983722792653,0.26970108991884517,12.019130726142762,24.840215618970614
Tokyo,35.6762,139.6503,2025-09-10 11:21:48.995285,17.915371880647154,24.069056574114505,0.35053767578077666,16.073759399310163,24.071611026447965
Tokyo,35.6762,139.6503,2025-09-11 11:21:48.995285,10.841662897192023,15.48121371534912,0.28517420285554856,19.06038177755146,37.281752680499345
Tokyo,35.6762,139.6503,2025-09-12 11:21:48.995285,15.187942259376591,25.00252774056113,0.2405207288130093,14.756342373275526,33.408883625730255
Tokyo,35.6762,139.6503,2025-09-13 11:21:48.995285,15.724798765357708,23.847121891174794,0.3583498449630719,14.725157943575867,28.29357967906897
Tokyo,35.6762,139.6503,2025-09-14 11:21:48.995285,16.96157390372518,22.336286996562873,0.2795985998796007,15.549722866449066,26.294478598113646
Tokyo,35.6762,139.6503,2025-09-15 11:21:48.995285,17.107737416353846,23.41215084569089,0.3207823551353553,18.685428435163548,28.683104314423293
Tokyo,35.6762,139.6503,2025-09-16 11:21:48.995285,28.661789308095322,45.49898676384754,0.4166279867741278,12.678122583788095,30.221048335676592
Tokyo,35.6762,139.6503,2025-09-17 11:21:48.995285,9.91098826989743,15.842307909101917,0.40692705283621067,19.747685568613235,28.279564112773024
Tokyo,35.6762,139.6503,2025-09-18 11:21:48.995285,20.759178219136444,28.67076708722481,0.2621650731773256,16.693026777379046,22.531179560287207
Tokyo,35.6762,139.6503,2025-09-19 11:21:48.995285,21.846740901138933,29.238448359359214,0.36720039766818136,15.550973023083422,35.317346646583005
Tokyo,35.6762,139.6503,2025-09-20 11:21:48.995285,18.467611173095204,26.45133249044267,0.20728820145497573,19.14156216173174,27.736578093986445
Tokyo,35.6762,139.6503,2025-09-21 11:21:48.995285,12.82860956103914,15.54019692557887,0.3666451468396607,11.99390704607289,36.689929955055845
Tokyo,35.6762,139.6503,2025-09-22 11:21:48.995285,24.482665051904494,36.412328597842745,0.33803602859143783,17.145799059017307,27.674724785236215
Tokyo,35.6762,139.6503,2025-09-23 11:21:48.995285,5.28116862485658,12.825003680957478,0.3627195952074944,16.911470167798637,25.63335766220868
Tokyo,35.6762,139.6503,2025-09-24 11:21:48.995285,12.909102966614897,16.169742298524003,0.2967642535896573,12.856353033170635,33.90885529928836
Tokyo,35.6762,139.6503,2025-09-25 11:21:48.995285,22.270771403356026,33.03410577862161,0.5366543357100884,17.088094577482448,28.62447541625179
Tokyo,35.6762,139.6503,2025-09-26 11:21:48.995285,14.651271067612132,24.6007597520807,0.23990661093246302,16.60083008050382,27.919856799633532
Tokyo,35.6762,139.6503,2025-09-27 11:21:48.995285,24.576138567656145,38.36238356808441,0.4290314899699505,15.260693612757805,21.38890288726985
Tokyo,35.6762,139.6503,2025-09-28 11:21:48.995285,9.12927001294992,13.396423589826604,0.23059604275000523,18.43259953386196,30.83352963019202
Tokyo,35.6762,139.6503,2025-09-29 11:21:48.995285,11.224724997235814,16.544390155517327,0.38613910680244923,14.177354476414934,25.21129978568424
Tokyo,35.6762,139.6503,2025-09-30 11:21:48.995285,14.226418559291517,19.027808274088116,0.395271185923706,16.7532684424933,25.58795806951971
Tokyo,35.6762,139.6503,2025-10-01 11:21:48.995285,19.07338550593587,28.074766718892697,0.3452253695212931,15.598173211760658,25.526839450353986
Tokyo,35.6762,139.6503,2025-10-02 11:21:48.995285,15.980442680532112,24.457545449278427,0.2922784275942741,14.20118124719311,30.330984322124856
Tokyo,35.6762,139.6503,2025-10-03 11:21:48.995285,14.745045226480133,24.327794926268382,0.35805431886037464,17.607174800002433,20.61868086605991
Tokyo,35.6762,139.6503,2025-10-04 11:21:48.995285,24.40783388665324,35.371399582950346,0.3728180679662298,15.529718623532853,27.404550883111895
Tokyo,35.6762,139.6503,2025-10-05 11:21:48.995285,24.984166792160128,37.096579932113265,0.5273324869349157,11.789451581478545,33.526807828368455
Tokyo,35.6762,139.6503,2025-10-06 11:21:48.995285,15.458380294496669,21.289143480231637,0.26337155393065936,10.86194124736327,22.567074337851636
Tokyo,35.6762,139.6503,2025-10-07 11:21:48.995285,9.096990733711829,14.096136459648754,0.29732524577580266,18.690087289429677,29.83313946021314
Tokyo,35.6762,139.6503,2025-10-08 11:21:48.995285,6.976140471103978,12.031769607273894,0.3837447480477511,12.719979486839947,25.988342324207142
Tokyo,35.6762,139.6503,2025-10-09 11:21:48.995285,19.079884351084033,29.87912255348584,0.3320632965041198,17.279870368792942,27.30668506844521
Tokyo,35.6762,139.6503,2025-10-10 11:21:48.995285,21.285194840577518,29.587418109981567,0.3501042308166106,16.667564045626214,37.78388639617483
Tokyo,35.6762,139.6503,2025-10-11 11:21:48.995285,18.44446125565605,27.960418302396906,0.46962463009164257,15.459140832968963,21.441762573919945
Tokyo,35.6762,139.6503,2025-10-12 11:21:48.995285,17.90102327626675,25.496909857899745,0.08308462589048737,22.49778727748129,33.7114974083639
Tokyo,35.6762,139.6503,2025-10-13 11:21:48.995285,14.360940744106799,23.563511147465864,0.3078781418497631,17.230848964169944,27.685839382479752
Tokyo,35.6762,139.6503,2025-10-14 11:21:48.995285,21.788603359219373,32.36027959328199,0.1960371651678787,19.023752642871287,27.632236658746937
Tokyo,35.6762,139.6503,2025-10-15 11:21:48.995285,27.036603885592775,37.515879151907,0.2533318961315575,17.67728714156854,24.910703774206
Tokyo,35.6762,139.6503,2025-10-16 11:21:48.995285,7.69514412891354,11.103110782154843,0.6160530995190734,16.195147988443217,34.43879695975516
Tokyo,35.6762,139.6503,2025-10-17 11:21:48.995285,18.52772535491016,28.708533170763,0.43812143937225034,16.900349398716543,29.91582386685302
Tokyo,35.6762,139.6503,2025-10-18 11:21:48.995285,14.20099138332436,21.78949920127214,0.47621115511365764,21.40199486217763,29.49075262661528
Tokyo,35.6762,139.6503,2025-10-19 11:21:48.995285,11.739667295192728,16.585908915485128,0.3757869803305966,20.360314510532284,31.837180544213354
Tokyo,35.6762,139.6503,2025-10-20 11:21:48.995285,13.683103083166735,19.35410784500781,0.4625310312249673,23.02245051361021,30.648038026924223
Tokyo,35.6762,139.6503,2025-10-21 11:21:48.995285,21.37401114674582,30.086007923686097,0.21285648661445103,17.902749713080553,21.710030903718074
Tokyo,35.6762,139.6503,2025-10-22 11:21:48.995285,21.64475927257284,31.67763966818865,0.49622880686930027,14.679162945206262,29.475801512038718
Tokyo,35.6762,139.6503,2025-10-23 11:21:48.995285,27.067282732218498,38.889566165276136,0.3133324666709,16.061371130092812,36.62597034425836
Tokyo,35.6762,139.6503,2025-10-24 11:21:48.995285,19.957198297206265,31.87596941816403,0.34513422929698784,13.893310705343705,24.8368535216569
Tokyo,35.6762,139.6503,2025-10-25 11:21:48.995285,11.271136349052334,15.104429742115268,0.45175999701346975,19.832254635825944,27.143677248318568
Tokyo,35.6762,139.6503,2025-10-26 11:21:48.995285,19.02181388696226,28.77728975516779,0.4358979078350638,15.848581851189314,30.68503542127055
Tokyo,35.6762,139.6503,2025-10-27 11:21:48.995285,13.43260192989257,20.25751070149152,0.4157519506587846,8.516294806527211,29.418628843271517
Tokyo,35.6762,139.6503,2025-10-28 11:21:48.995285,14.483727150485867,23.616925621498623,0.274044516293886,25.150180386287737,33.1371324631858
Tokyo,35.6762,139.6503,2025-10-29 11:21:48.995285,23.57503936652816,37.54129562770898,0.4234262483720778,16.124318621782894,28.042982353349824
Tokyo,35.6762,139.6503,2025-10-30 11:21:48.995285,21.79896850184893,34.090392639336045,0.5126174148258594,16.184259210480988,31.802823341768384
Tokyo,35.6762,139.6503,2025-10-31 11:21:48.995285,23.922948085116914,36.59027881425563,0.36645369254882587,23.00739513195123,33.73770750391372
Tokyo,35.6762,139.6503,2025-11-01 11:21:48.995285,19.355901701205283,26.93656025961981,0.554361023285308,14.446928616389417,37.45975098738574
Tokyo,35.6762,139.6503,2025-11-02 11:21:48.995285,25.25540238822005,35.745363406853556,0.3387858978304644,21.561194945146134,40.678078787137885
Tokyo,35.6762,139.6503,2025-11-03 11:21:48.995285,19.39622428678572,27.402954790648682,0.42991956473656295,16.469292058846076,33.38712239808722
Tokyo,35.6762,139.6503,2025-11-04 11:21:48.995285,27.2081851677701,42.316119750910985,0.5860281934188386,14.340999168238856,44.37745771231742
Tokyo,35.6762,139.6503,2025-11-05 11:21:48.995285,23.51049808043406,35.412406977152365,0.367606076391566,23.510804975672585,34.261432171891904
Tokyo,35.6762,139.6503,2025-11-06 11:21:48.995285,20.915803401014017,33.11101958299215,0.5444143034064495,21.244684717906136,39.57055737143831
Tokyo,35.6762,139.6503,2025-11-07 11:21:48.995285,23.175640892074387,36.76906680675175,0.6397687496460589,21.31759078914208,45.330302180424745
Tokyo,35.6762,139.6503,2025-11-08 11:21:48.995285,22.191114919784358,31.83476857907804,0.462712775385594,19.743175852695796,36.61716968316809
Tokyo,35.6762,139.6503,2025-11-09 11:21:48.995285,30.426999625402736,45.70464809321847,0.3962276422384317,20.5205384236521,29.302067465369504
Tokyo,35.6762,139.6503,2025-11-10 11:21:48.995285,23.840460452834446,35.73470332188449,0.3749915665038076,15.110162095726121,36.874427795948904
Tokyo,35.6762,139.6503,2025-11-11 11:21:48.995285,22.77272150798579,33.50350688273025,0.5860759677338991,19.225225006713146,33.61296286391295
Tokyo,35.6762,139.6503,2025-11-12 11:21:48.995285,21.756500716059808,31.56506536504029,0.5866485199602411,16.188188499304367,35.551272367108446
Tokyo,35.6762,139.6503,2025-11-13 11:21:48.995285,27.333653997792617,43.36999200351104,0.6072855703182187,14.892044893594619,47.101483764827414
Tokyo,35.6762,139.6503,2025-11-14 11:21:48.995285,26.826635253452746,40.34389633361012,0.46245753609810974,20.376394271216704,31.316785721158453
Tokyo,35.6762,139.6503,2025-11-15 11:21:48.995285,22.08770364179405,33.15784503981061,0.5729189300198543,22.70290456365723,39.187701801565076
Tokyo,35.6762,139.6503,2025-11-16 11:21:48.995285,17.849004705753302,25.167951708892762,0.46766030646473994,18.16349966674948,33.5522120166924
Tokyo,35.6762,139.6503,2025-11-17 11:21:48.995285,19.288078859114705,30.282543149499066,0.3876528788592935,18.76292109849961,36.65858962050514
Tokyo,35.6762,139.6503,2025-11-18 11:21:48.995285,23.048170327814663,32.562040490045966,0.5917973390217481,16.070039577513704,42.17768621431089
Tokyo,35.6762,139.6503,2025-11-19 11:21:48.995285,30.88498954322095,47.23729537252079,0.6461940680803311,19.59182744457646,40.30134773630341
Tokyo,35.6762,139.6503,2025-11-20 11:21:48.995285,23.061092585742223,35.55609759872366,0.38417931736140387,21.93621620315364,37.842802253157245
Tokyo,35.6762,139.6503,2025-11-21 11:21:48.995285,21.513185277939634,31.44474781826231,0.3857329702652822,22.116484874067048,35.97670336532804
Tokyo,35.6762,139.6503,2025-11-22 11:21:48.995285,15.852187317529312,24.413585138660327,0.4971138710984633,21.46342046877907,41.064066786426885
Tokyo,35.6762,139.6503,2025-11-23 11:21:48.995285,32.39557361645313,48.96469954276866,0.592170189342933,18.058639717637217,48.28023324342932
Tokyo,35.6762,139.6503,2025-11-24 11:21:48.995285,27.845140729907307,41.688989845240656,0.3866180806246048,18.049612869718548,35.493240286881885
Sydney,-33.8688,151.2093,2024-11-24 11:21:48.995285,30.177695088877083,45.09586321624373,0.5174858296258905,22.860353894677587,40.256880428400905
Sydney,-33.8688,151.2093,2024-11-25 11:21:48.995285,26.335816349934948,33.75830009200952,0.533780452101178,24.553561970857675,34.411551108262294
Sydney,-33.8688,151.2093,2024-11-26 11:21:48.995285,28.0202675419458,40.063697931751925,0.43803268617934354,15.563869026999049,40.911791658673124
Sydney,-33.8688,151.2093,2024-11-27 11:21:48.995285,22.889396653582445,37.13635945317913,0.4746103705669985,24.99864933493974,32.10942894393301
Sydney,-33.8688,151.2093,2024-11-28 11:21:48.995285,19.53303333049689,32.26819367877471,0.5285204029188988,16.96422961512996,44.176621706405676
Sydney,-33.8688,151.2093,2024-11-29 11:21:48.995285,24.232268107992002,37.400624582118404,0.5322563937793335,22.670464275604306,39.743931898796234
Sydney,-33.8688,151.2093,2024-11-30 11:21:48.995285,29.91682890410651,46.443381310076425,0.6216953327797929,21.29118419953609,41.136362963984375
Sydney,-33.8688,151.2093,2024-12-01 11:21:48.995285,30.07653360475237,43.55821244461283,0.6202499022540001,22.508594858635323,43.939048026046
Sydney,-33.8688,151.2093,2024-12-02 11:21:48.995285,24.219849865554167,35.80948596085313,0.5795124324437612,17.189164702133436,43.08762616857952
Sydney,-33.8688,151.2093,2024-12-03 11:21:48.995285,22.239369183400022,35.829786976019314,0.43094714631292735,15.334472255305089,39.60833444130866
Sydney,-33.8688,151.2093,2024-12-04 11:21:48.995285,21.42953581727884,32.99613421104241,0.4381170967181152,18.447740490509673,143.21238405286357
Sydney,-33.8688,151.2093,2024-12-05 11:21:48.995285,26.19913408479964,39.428597894973564,0.4488561949401903,22.22173949909819,46.808063470843926
Sydney,-33.8688,151.2093,2024-12-06 11:21:48.995285,27.733800857282855,41.22708420013824,0.56457292889439,26.896235025800678,34.20514653690797
Sydney,-33.8688,151.2093,2024-12-07 11:21:48.995285,34.585172694920445,54.22670304485008,0.341752197125219,18.02043677196259,42.177609337699494
Sydney,-33.8688,151.2093,2024-12-08 11:21:48.995285,28.00338144815387,44.2491364793311,0.5471070459547278,20.896851370084818,38.17865752160787
Sydney,-33.8688,151.2093,2024-12-09 11:21:48.995285,30.62236292019756,47.23288788183386,0.6919349306686511,19.029528880052077,37.49000893076569
Sydney,-33.8688,151.2093,2024-12-10 11:21:48.995285,23.81724163581996,35.85841258589507,0.6210742349748851,21.308112239341494,46.75504048056968
Sydney,-33.8688,151.2093,2024-12-11 11:21:48.995285,28.09332935345171,41.42648105864399,0.5226237254815435,15.650056081314059,42.23093008988293
Sydney,-33.8688,151.2093,2024-12-12 11:21:48.995285,28.74960452424722,44.51043422574026,0.49115870355627983,26.01873612945115,43.85996012511228
Sydney,-33.8688,151.2093,2024-12-13 11:21:48.995285,27.510043977701752,39.06124627660367,0.6448254608161411,21.67845654332074,41.47062025650017
Sydney,-33.8688,151.2093,2024-12-14 11:21:48.995285,28.2661350115915,40.61006282221417,0.59811011652405,24.439111489928823,46.91372075801084
Sydney,-33.8688,151.2093,2024-12-15 11:21:48.995285,29.167853559864245,40.84959761822649,0.5460919791770003,21.071774540774538,48.69687625924073
Sydney,-33.8688,151.2093,2024-12-16 11:21:48.995285,31.102429494378306,49.124103797553715,0.5150418206875205,22.420506942834198,56.39714245824172
Sydney,-33.8688,151.2093,2024-12-17 11:21:48.995285,34.70222427950488,50.61200317099863,0.5847709802174488,25.314934509158277,44.88007977116335
Sydney,-33.8688,151.2093,2024-12-18 11:21:48.995285,17.68714093386118,27.33872697429502,0.5499939214424958,22.402590415312538,38.780232464212034
Sydney,-33.8688,151.2093,2024-12-19 11:21:48.995285,34.740623596816604,51.85982035380585,0.6618766775141348,22.58908698540795,43.73843558702716
Sydney,-33.8688,151.2093,2024-12-20 11:21:48.995285,20.77371534391443,36.95565099611551,0.7106720281079579,19.78205483487566,50.72693349516475
Sydney,-33.8688,151.2093,2024-12-21 11:21:48.995285,31.02610752258787,47.422972191953484,0.45292088556381044,20.637876023664756,42.86021417545462
Sydney,-33.8688,151.2093,2024-12-22 11:21:48.995285,41.41364755447087,58.39618981321562,0.47012809692768626,19.279304440991446,39.54261606626786
Sydney,-33.8688,151.2093,2024-12-23 11:21:48.995285,29.574636959028975,46.71282695173663,0.7305523867880309,20.179616435139945,43.421919170296476
Sydney,-33.8688,151.2093,2024-12-24 11:21:48.995285,30.83785119867298,45.4824748707981,0.615337004298391,26.22256508219239,44.739803663653085
Sydney,-33.8688,151.2093,2024-12-25 11:21:48.995285,28.535410868918706,42.401260699479955,0.48856912509153666,27.969182649281933,42.21671641795829
Sydney,-33.8688,151.2093,2024-12-26 11:21:48.995285,33.57046780998019,49.01067718895019,0.7030082821391743,18.87525338293958,48.93861668106544
Sydney,-33.8688,151.2093,2024-12-27 11:21:48.995285,32.191094478581704,48.67786675514948,0.6417695442965432,23.875541212801824,47.67496616704089
Sydney,-33.8688,151.2093,2024-12-28 11:21:48.995285,27.14411690778084,41.081201637020904,0.8308116388260132,21.809102395236764,52.235055901608284
Sydney,-33.8688,151.2093,2024-12-29 11:21:48.995285,30.095252286987073,43.85192407518335,0.5898101835316694,27.024414481602875,46.271227169738815
Sydney,-33.8688,151.2093,2024-12-30 11:21:48.995285,25.215820215651945,36.80744128250506,0.7270304543976315,23.308582021802764,51.50232794464952
Sydney,-33.8688,151.2093,2024-12-31 11:21:48.995285,30.35255976344606,45.73141191134572,0.47406189347887673,22.95120632058121,46.459546334293115
Sydney,-33.8688,151.2093,2025-01-01 11:21:48.995285,28.987907766567577,38.796398676831245,0.7612981290393824,20.808076414096423,43.47909124268321
Sydney,-33.8688,151.2093,2025-01-02 11:21:48.995285,31.90317224236226,44.971763422535986,0.7188253555092889,18.51489362492709,46.61560555038335
Sydney,-33.8688,151.2093,2025-01-03 11:21:48.995285,27.804753523192076,45.04711447698415,0.7875212035574127,25.45997695269935,41.44014856810118
Sydney,-33.8688,151.2093,2025-01-04 11:21:48.995285,30.414137159918816,46.2768476285187,0.7407839439578698,24.30208352942924,58.67052161543961
Sydney,-33.8688,151.2093,2025-01-05 11:21:48.995285,31.6602100583635,46.44049711406369,0.6224221050608879,24.440505512772678,50.637018012564184
Sydney,-33.8688,151.2093,2025-01-06 11:21:48.995285,32.13652467811274,44.81262135409544,0.5177760673629033,64.7227103585668,138.4188594925256
Sydney,-33.8688,151.2093,2025-01-07 11:21:48.995285,33.24194625076588,49.75028704625586,0.5772052634083297,22.997958499588222,48.4175706969447
Sydney,-33.8688,151.2093,2025-01-08 11:21:48.995285,31.12374494411154,48.65600159972952,0.46377662669051745,25.870504593598987,38.23955498957436
Sydney,-33.8688,151.2093,2025-01-09 11:21:48.995285,28.183097928159263,47.55305910153877,0.5502414213379838,26.50462100060221,57.846615459585706
Sydney,-33.8688,151.2093,2025-01-10 11:21:48.995285,32.64680674620701,52.75432296930192,0.6873149425800258,20.082805343723972,57.53740079550985
Sydney,-33.8688,151.2093,2025-01-11 11:21:48.995285,31.45988110166104,45.41594561223449,0.6423081167102784,21.777040903315736,51.56896486526026
Sydney,-33.8688,151.2093,2025-01-12 11:21:48.995285,37.5929490875016,55.39782456848382,0.6270354035260889,19.565210172266347,52.80189279576536
Sydney,-33.8688,151.2093,2025-01-13 11:21:48.995285,38.336765589337425,54.562149923532786,0.5723508701009627,24.39532228017291,45.03620324255014
Sydney,-33.8688,151.2093,2025-01-14 11:21:48.995285,25.83374609165427,37.06730900423351,0.47664306429095904,26.500089070729373,45.56637292695648
Sydney,-33.8688,151.2093,2025-01-15 11:21:48.995285,35.88873125279651,53.407410552945265,0.6742674815378802,23.06533270420562,43.21795702012297
Sydney,-33.8688,151.2093,2025-01-16 11:21:48.995285,36.99817737301731,54.76299206627368,0.6961051505982199,21.96615839078474,51.0588444224837
Sydney,-33.8688,151.2093,2025-01-17 11:21:48.995285,26.284454402426064,43.53581621679796,0.5611158616302638,23.000899879457506,57.32559334694981
Sydney,-33.8688,151.2093,2025-01-18 11:21:48.995285,36.01275468463718,51.388418142003346,0.6089637847851003,30.976635239966264,50.25701274159869
Sydney,-33.8688,151.2093,2025-01-19 11:21:48.995285,37.694540121855646,56.45162128440767,0.8185086560694257,27.683167066282714,54.06062745042429
Sydney,-33.8688,151.2093,2025-01-20 11:21:48.995285,28.56347307426513,38.7182900868044,0.782183920630525,26.348844650018023,57.361728869954945
Sydney,-33.8688,151.2093,2025-01-21 11:21:48.995285,32.224475940739595,48.99849547208486,0.5196812249540006,25.16329571492041,44.48877269462699
Sydney,-33.8688,151.2093,2025-01-22 11:21:48.995285,34.42977059437639,48.96124521021269,0.66149977958243,24.210861063780495,61.975083499809294
Sydney,-33.8688,151.2093,2025-01-23 11:21:48.995285,36.43992988325442,56.86514744164722,0.8172483598923858,21.573923299092876,58.668061311293386
Sydney,-33.8688,151.2093,2025-01-24 11:21:48.995285,28.73236649505795,42.51649795655634,0.6518491712151675,21.15221050072389,55.581308909746085
Sydney,-33.8688,151.2093,2025-01-25 11:21:48.995285,39.54395054052049,56.51195727421496,0.6482840221881323,22.675726496181582,57.758848229844006
Sydney,-33.8688,151.2093,2025-01-26 11:21:48.995285,23.693934449105626,31.33549816654252,0.7860872646629804,21.55899791031072,58.116394165525804
Sydney,-33.8688,151.2093,2025-01-27 11:21:48.995285,40.538541209222984,58.850536836615134,0.7771031937194313,22.636467846238208,54.84291962984229
Sydney,-33.8688,151.2093,2025-01-28 11:21:48.995285,36.74764603547202,55.600230834693704,0.7734565084685086,24.192467469902486,60.6358528092465
Sydney,-33.8688,151.2093,2025-01-29 11:21:48.995285,30.961280572312337,47.28494815278143,0.6552042876431142,24.459164298324303,51.341905448952275
Sydney,-33.8688,151.2093,2025-01-30 11:21:48.995285,38.46330909538874,56.698087680736556,0.7491143992645715,22.709496114773245,56.020975848757
Sydney,-33.8688,151.2093,2025-01-31 11:21:48.995285,28.970717659155696,45.30767057559948,0.8336688089388491,26.090485102503788,60.42278332199982
Sydney,-33.8688,151.2093,2025-02-01 11:21:48.995285,34.85009710776134,50.00365987585187,0.6805209668689817,24.070689301450834,40.457126473391895
Sydney,-33.8688,151.2093,2025-02-02 11:21:48.995285,35.53089665727223,47.44222530089121,0.646426483633218,25.313282037649167,56.19737516221466
Sydney,-33.8688,151.2093,2025-02-03 11:21:48.995285,35.57923464921403,53.933959275306044,0.8109784754973427,22.465509134908753,57.72086576134521
Sydney,-33.8688,151.2093,2025-02-04 11:21:48.995285,30.257376088694695,47.966255758408806,0.8936632577751409,26.806599600665734,45.64173898198493
Sydney,-33.8688,151.2093,2025-02-05 11:21:48.995285,32.03017930116365,50.643936299060954,0.9017117916156129,23.150744280721018,55.67494817451022
Sydney,-33.8688,151.2093,2025-02-06 11:21:48.995285,35.19607259667313,50.19449041377903,0.6537958153408862,29.606836843175497,50.37499249708039
Sydney,-33.8688,151.2093,2025-02-07 11:21:48.995285,30.97757912389011,45.376982311192045,0.664821931824771,24.130674857088,56.400978166040694
Sydney,-33.8688,151.2093,2025-02-08 11:21:48.995285,36.01466334793159,55.4696350533784,0.590231754217316,24.544647503790703,54.01110258276907
Sydney,-33.8688,151.2093,2025-02-09 11:21:48.995285,31.63000937738218,46.19080185015573,0.7058180168117812,26.631085068284218,49.81931798192114
Sydney,-33.8688,151.2093,2025-02-10 11:21:48.995285,39.74100468211042,59.82227674438261,0.5874081978887324,27.306052856227062,60.159825145593565
Sydney,-33.8688,151.2093,2025-02-11 11:21:48.995285,42.59190816791125,62.45498246024631,0.6429063241303821,27.648022748102278,52.575900002637326
Sydney,-33.8688,151.2093,2025-02-12 11:21:48.995285,33.3257438294298,47.809838229221945,0.7663742738705609,30.233296450399955,56.069416024182054
Sydney,-33.8688,151.2093,2025-02-13 11:21:48.995285,39.44603197237145,57.376300655743655,0.7358925043643582,26.90802565397256,61.337345368701875
Sydney,-33.8688,151.2093,2025-02-14 11:21:48.995285,33.81197171605686,52.62940795998775,0.5163977579620946,24.735787745435783,50.22676916399389
Sydney,-33.8688,151.2093,2025-02-15 11:21:48.995285,30.217168967166817,45.35331898001198,0.8550157288449093,70.08217418769394,54.889233666174434
Sydney,-33.8688,151.2093,2025-02-16 11:21:48.995285,32.7936333914035,51.73421336391637,0.5897448331684128,24.559626197490623,52.40669741605229
Sydney,-33.8688,151.2093,2025-02-17 11:21:48.995285,35.37002777272059,54.09588304898973,0.6027501889908901,29.42313900575641,53.55237038072066
Sydney,-33.8688,151.2093,2025-02-18 11:21:48.995285,26.024401639336435,42.24953292196654,0.5752915840529909,20.81869607166879,65.71921098173998
Sydney,-33.8688,151.2093,2025-02-19 11:21:48.995285,38.101533538309035,58.78843669338102,0.6333366607652302,22.529600516163494,57.24375401697373
Sydney,-33.8688,151.2093,2025-02-20 11:21:48.995285,35.41445845623746,54.640369344849596,0.6100064463645302,24.335216875177135,56.544494700444496
Sydney,-33.8688,151.2093,2025-02-21 11:21:48.995285,39.99521989974261,59.75185405234255,0.6126066581290465,22.499303647558197,57.609186838252555
Sydney,-33.8688,151.2093,2025-02-22 11:21:48.995285,38.0383727886557,63.07597233597686,0.45352649522283367,23.77252655537301,57.14782566761069
Sydney,-33.8688,151.2093,2025-02-23 11:21:48.995285,35.599648983181346,53.62486991456109,0.7129908871526194,30.418657313720484,45.870793401116934
Sydney,-33.8688,151.2093,2025-02-24 11:21:48.995285,33.21999190980006,45.88314112644833,0.7231898485125036,24.10530417438381,66.48255398243211
Sydney,-33.8688,151.2093,2025-02-25 11:21:48.995285,42.609771415388515,64.45072420231071,0.9243499299266925,26.23267709892562,47.67134658461714
Sydney,-33.8688,151.2093,2025-02-26 11:21:48.995285,45.8381605900305,66.79265639857088,0.7484100428835627,20.019808027937962,63.646167063906915
Sydney,-33.8688,151.2093,2025-02-27 11:21:48.995285,33.283424583354865,51.95917991823553,0.649924530201264,21.68227399637157,58.058834238092146
Sydney,-33.8688,151.2093,2025-02-28 11:21:48.995285,40.17805638605446,61.71871809544356,0.5792602825034919,27.781345337636854,55.85377861698491
Sydney,-33.8688,151.2093,2025-03-01 11:21:48.995285,31.417304816180465,46.742929924405395,0.6893934162402133,29.979611871138157,53.399154786127255
Sydney,-33.8688,151.2093,2025-03-02 11:21:48.995285,31.99413872422884,46.21542205945694,0.7435236587927387,25.630516038202643,67.9246554944777
Sydney,-33.8688,151.2093,2025-03-03 11:21:48.995285,32.97991588244205,49.762725277104686,0.6478879508667864,24.037521541798277,57.88915876077395
Sydney,-33.8688,151.2093,2025-03-04 11:21:48.995285,38.31018934035515,56.182816394818616,0.7038371206813254,26.43187284382813,54.9186041780771
Sydney,-33.8688,151.2093,2025-03-05 11:21:48.995285,29.484915027943018,45.8029805274822,0.8869250393986482,17.137437201162903,52.11290872690575
Sydney,-33.8688,151.2093,2025-03-06 11:21:48.995285,42.57908665482099,64.98066141074757,0.6581742976920801,25.601996790454038,51.46815693596431
Sydney,-33.8688,151.2093,2025-03-07 11:21:48.995285,39.48549820332005,65.10018048996695,0.5072451828498491,21.759736657904945,54.947259610543426
Sydney,-33.8688,151.2093,2025-03-08 11:21:48.995285,38.06768153346809,56.21129322290029,0.7825507888656171,27.262331699833968,49.987143101179306
Sydney,-33.8688,151.2093,2025-03-09 11:21:48.995285,33.25210863627717,49.27131169744647,0.7258557839073176,18.283694258602473,57.98002818915965
Sydney,-33.8688,151.2093,2025-03-10 11:21:48.995285,38.826815779524345,57.93067232141298,0.5226883554790215,22.95456098739248,51.290854909179274
Sydney,-33.8688,151.2093,2025-03-11 11:21:48.995285,20.047891179126168,29.849865700147088,0.7354584774404592,24.69442522849676,59.476835800691354
Sydney,-33.8688,151.2093,2025-03-12 11:21:48.995285,36.79168498733546,57.24168535692615,0.5919572084836847,22.50821553606862,59.29370416136588
Sydney,-33.8688,151.2093,2025-03-13 11:21:48.995285,35.33742030461819,52.45343916680302,0.7348684395625298,23.641951782587803,54.02803655383572
Sydney,-33.8688,151.2093,2025-03-14 11:21:48.995285,25.052537974032237,41.52357039333535,0.8803986669228634,27.45511095209038,57.126934849457456
Sydney,-33.8688,151.2093,2025-03-15 11:21:48.995285,36.458876347565045,55.85286474079897,0.6708552952437621,24.64031767340033,57.293236698490304
Sydney,-33.8688,151.2093,2025-03-16 11:21:48.995285,37.323272092334676,55.01343604252597,0.795703389162735,21.89266431658343,46.74156214870747
Sydney,-33.8688,151.2093,2025-03-17 11:21:48.995285,25.0385755862089,36.075372009352,0.5632960544223582,27.47481985321327,62.61932390883781
Sydney,-33.8688,151.2093,2025-03-18 11:21:48.995285,28.30905013367053,44.545319587322716,0.5329162298048506,25.374396218178955,52.58564226146062
Sydney,-33.8688,151.2093,2025-03-19 11:21:48.995285,44.4977820198487,66.80371333354667,0.8852537724514459,25.46538056905196,57.241621957969414
Sydney,-33.8688,151.2093,2025-03-20 11:21:48.995285,33.17427857042983,49.77953796315825,0.712902427374477,21.875490074786768,57.277187006677366
Sydney,-33.8688,151.2093,2025-03-21 11:21:48.995285,38.91168832073878,57.17057202825993,0.7443381545810707,16.873958993637267,41.10265157719323
Sydney,-33.8688,151.2093,2025-03-22 11:21:48.995285,39.59240252879747,59.2657124313552,0.7943700884315195,21.76080275360543,50.15294338727629
Sydney,-33.8688,151.2093,2025-03-23 11:21:48.995285,35.850257296271266,52.497476242801355,0.6248299835461029,21.416680879041014,57.52270394157268
Sydney,-33.8688,151.2093,2025-03-24 11:21:48.995285,38.88632879568175,61.05291610597462,0.7585140767709739,22.56017014832551,53.51144535677905
Sydney,-33.8688,151.2093,2025-03-25 11:21:48.995285,23.152621396269627,36.163052398915234,0.7416956799727461,21.832964595569692,56.520441462330176
Sydney,-33.8688,151.2093,2025-03-26 11:21:48.995285,32.47877422209582,48.36862365454218,0.5431479435317458,24.653806167390453,53.40896472797459
Sydney,-33.8688,151.2093,2025-03-27 11:21:48.995285,18.14022806162863,26.83140592633748,0.8221629650912341,26.91424326188624,58.96174151526313
Sydney,-33.8688,151.2093,2025-03-28 11:21:48.995285,24.722022250694394,37.26738171252003,0.799735863068566,27.454729568823954,53.248905302518004
Sydney,-33.8688,151.2093,2025-03-29 11:21:48.995285,30.629182309261633,45.93269298614818,0.5388133719799546,26.69126297218407,59.659327675181935
Sydney,-33.8688,151.2093,2025-03-30 11:21:48.995285,29.93661979225819,42.99105732976895,0.6852994838909614,21.438896066184434,47.495170094798425
Sydney,-33.8688,151.2093,2025-03-31 11:21:48.995285,33.372431960171554,46.25709968348737,0.6401996365978889,24.259392637189094,51.60987042429402
Sydney,-33.8688,151.2093,2025-04-01 11:21:48.995285,32.961546905194496,47.84691902490969,0.8031267362567828,28.72789727611488,49.130201351903985
Sydney,-33.8688,151.2093,2025-04-02 11:21:48.995285,33.630540787732315,50.188776200268414,0.518175372144662,19.22671131999435,53.885923277050566
Sydney,-33.8688,151.2093,2025-04-03 11:21:48.995285,33.73004679394054,49.11940379547582,1.017371473436796,27.972939408668964,50.39140810176784
Sydney,-33.8688,151.2093,2025-04-04 11:21:48.995285,34.41345403668526,53.258857115819026,0.6375283913362207,20.886110197666166,50.47568968503743
Sydney,-33.8688,151.2093,2025-04-05 11:21:48.995285,27.84366274084562,41.30718783946692,0.7266222391762277,24.700738926704965,47.93449737560691
Sydney,-33.8688,151.2093,2025-04-06 11:21:48.995285,28.902706678501076,47.10120716780885,0.7892831987066821,25.001689488567127,48.98632482833741
Sydney,-33.8688,151.2093,2025-04-07 11:21:48.995285,32.227829812012196,47.21875620155999,0.6286444678527047,24.275849163951392,51.06694484314555
Sydney,-33.8688,151.2093,2025-04-08 11:21:48.995285,32.18886078750025,48.56472477865349,0.6344173222577696,30.333206453040173,40.836637555381444
Sydney,-33.8688,151.2093,2025-04-09 11:21:48.995285,26.767132310278125,39.57297495307762,0.5932522933533296,22.685888866965932,39.25633442498354
Sydney,-33.8688,151.2093,2025-04-10 11:21:48.995285,37.46363300613703,57.07500562467519,0.5525701594083238,18.609454425764962,152.63845158943525
Sydney,-33.8688,151.2093,2025-04-11 11:21:48.995285,35.556815656623904,55.46672574292994,0.6658421601566676,24.535747337015422,36.553335577136956
Sydney,-33.8688,151.2093,2025-04-12 11:21:48.995285,27.50915066795452,42.48028791978597,0.6226280138779078,22.8937470932117,49.24588975811489
Sydney,-33.8688,151.2093,2025-04-13 11:21:48.995285,30.638808577551906,41.89662032739574,0.582675353010157,25.004722945725185,48.13513915724693
Sydney,-33.8688,151.2093,2025-04-14 11:21:48.995285,41.59926182607643,63.398615960060376,0.5859348766384469,25.922067511666626,52.53753470744064
Sydney,-33.8688,151.2093,2025-04-15 11:21:48.995285,32.22343232153705,46.31339219774349,0.686034288036627,23.109204551069432,46.270728803288804
Sydney,-33.8688,151.2093,2025-04-16 11:21:48.995285,33.26605792195867,49.27954852610545,0.5459962099841125,24.452745364906065,57.27901606539735
Sydney,-33.8688,151.2093,2025-04-17 11:21:48.995285,28.10816824397763,43.54091073964112,0.5983604431534426,23.50913679652773,53.470083365602086
Sydney,-33.8688,151.2093,2025-04-18 11:21:48.995285,29.450680089607516,41.9364983175812,0.7101915518238952,28.383782648348745,41.46289079011627
Sydney,-33.8688,151.2093,2025-04-19 11:21:48.995285,38.434482451841745,59.96361969273272,0.6422795974654246,21.82724100285937,47.395046997015385
Sydney,-33.8688,151.2093,2025-04-20 11:21:48.995285,31.304194815505927,46.24952042415643,0.5097985269450039,20.807650745492033,56.24250973948424
Sydney,-33.8688,151.2093,2025-04-21 11:21:48.995285,30.241251529737358,49.70375204044227,0.6095307456073383,25.440139021384567,44.90567940915498
Sydney,-33.8688,151.2093,2025-04-22 11:21:48.995285,30.49060981508884,45.87327037422078,0.6527502498224271,19.938662746675107,47.91414495298271
Sydney,-33.8688,151.2093,2025-04-23 11:21:48.995285,43.03421442369525,67.96200712084642,0.705073228756011,23.830123657557305,54.98158860170289
Sydney,-33.8688,151.2093,2025-04-24 11:21:48.995285,30.35966142589795,47.93485058791394,0.5276746115286806,22.0715444940718,45.037957784923904
Sydney,-33.8688,151.2093,2025-04-25 11:21:48.995285,25.86203463838975,37.57084179347563,0.5443953904190417,22.20224701360308,53.133526902101096
Sydney,-33.8688,151.2093,2025-04-26 11:21:48.995285,26.58597256301071,37.27557738924902,0.5277385425497184,29.74327740757396,42.74409259356225
Sydney,-33.8688,151.2093,2025-04-27 11:21:48.995285,33.61537508867916,50.65031735549383,0.529679881595594,26.05805777313602,32.629323364377356
Sydney,-33.8688,151.2093,2025-04-28 11:21:48.995285,22.416661301850702,32.45970571573171,0.6316818102714032,25.34427206750059,52.981246984830015
Sydney,-33.8688,151.2093,2025-04-29 11:21:48.995285,31.6581027508261,50.64659168641316,0.6475526698584638,23.794305843183395,48.80145696554481
Sydney,-33.8688,151.2093,2025-04-30 11:21:48.995285,25.630915761448332,37.95265529882725,0.6900904172822191,20.050459335527247,48.89782647621564
Sydney,-33.8688,151.2093,2025-05-01 11:21:48.995285,19.799711805896177,29.098759791806714,0.5727537008555474,22.831224854291268,40.675525425707946
Sydney,-33.8688,151.2093,2025-05-02 11:21:48.995285,24.03554168199669,33.261515601521,0.43818575985334585,23.717924285768344,40.837091067362685
Sydney,-33.8688,151.2093,2025-05-03 11:21:48.995285,115.6589948017318,174.32692622875723,1.927465828459618,22.48549611643793,51.41780207674017
Sydney,-33.8688,151.2093,2025-05-04 11:21:48.995285,35.59297427476176,51.04101684824897,0.5882571139867119,22.092819635680723,46.64174249796783
Sydney,-33.8688,151.2093,2025-05-05 11:21:48.995285,33.022770186440525,50.41902910542222,0.575119410465747,20.53571366698545,44.59690440337221
Sydney,-33.8688,151.2093,2025-05-06 11:21:48.995285,26.825633691391538,41.39863399008331,0.4375413476137838,22.467418360166498,46.045760543938776
Sydney,-33.8688,151.2093,2025-05-07 11:21:48.995285,32.992005758448734,47.98865841372437,0.5430378218266314,19.988821150318557,52.2391332640989
Sydney,-33.8688,151.2093,2025-05-08 11:21:48.995285,26.183229046539633,41.188003431844876,0.4399770852421263,23.593833635069235,48.06913342436521
Sydney,-33.8688,151.2093,2025-05-09 11:21:48.995285,20.469748828262713,30.154872363811595,0.6042426338844191,15.353839772523168,41.83023414106245
Sydney,-33.8688,151.2093,2025-05-10 11:21:48.995285,27.742093105443452,38.67065226635674,0.5097436956752174,25.39455816298986,36.937543085319845
Sydney,-33.8688,151.2093,2025-05-11 11:21:48.995285,19.94055182977543,33.00140242529053,0.49745099645973134,17.300113196801007,46.64560151635296
Sydney,-33.8688,151.2093,2025-05-12 11:21:48.995285,31.260098239731434,45.04320621144851,0.3923455857372192,17.94976327894439,38.83474500028804
Sydney,-33.8688,151.2093,2025-05-13 11:21:48.995285,31.16460959943235,47.76105548168148,0.6454137700563635,22.29416713406402,37.29092904350311
Sydney,-33.8688,151.2093,2025-05-14 11:21:48.995285,22.566879200284454,34.701907748521165,0.5134781148357798,22.60318994003187,49.52883928127399
Sydney,-33.8688,151.2093,2025-05-15 11:21:48.995285,27.525653391383933,42.066849434924585,0.5446513941788883,27.133666857840918,47.05852751967417
Sydney,-33.8688,151.2093,2025-05-16 11:21:48.995285,27.308316300342376,41.70619828237384,0.45901239351844797,21.702888652619965,44.37053482748024
Sydney,-33.8688,151.2093,2025-05-17 11:21:48.995285,30.81780887803496,44.28633804393244,0.3641023333873096,20.607631686620874,35.995002649111875
Sydney,-33.8688,151.2093,2025-05-18 11:21:48.995285,20.06214050460657,33.4759099599153,0.4725870766727909,21.21763902289138,50.87755296562413
Sydney,-33.8688,151.2093,2025-05-19 11:21:48.995285,29.114027689057853,45.58353983398806,0.48517766764706766,25.32975831947181,46.819226680404675
Sydney,-33.8688,151.2093,2025-05-20 11:21:48.995285,19.36152124314444,29.992395327217462,0.5481833520549241,27.74588372107913,39.899123241946015
Sydney,-33.8688,151.2093,2025-05-21 11:21:48.995285,29.659808480698985,41.823760250017216,0.4799740547577793,19.832531499440357,38.584396897697616
Sydney,-33.8688,151.2093,2025-05-22 11:21:48.995285,30.91561978032366,44.41669391917463,0.4402077695034307,21.929383635345303,41.29564786703156
Sydney,-33.8688,151.2093,2025-05-23 11:21:48.995285,22.082265361845845,34.4383112961471,0.3582705068866727,19.991943611536072,38.2532401623747
Sydney,-33.8688,151.2093,2025-05-24 11:21:48.995285,31.353828734979025,43.0233748790749,0.5100090375877014,19.84629317737407,51.44654638733253
Sydney,-33.8688,151.2093,2025-05-25 11:21:48.995285,17.215905153792942,26.501265450570152,0.422065380000651,25.680186856037746,38.20146307980601
Sydney,-33.8688,151.2093,2025-05-26 11:21:48.995285,30.411847257165864,42.95541729097756,0.6303592539988323,17.179769843966092,34.53148068896854
Sydney,-33.8688,151.2093,2025-05-27 11:21:48.995285,31.93409678854188,46.16508162779359,0.5098509780883838,12.868064172214353,47.5548026882584
Sydney,-33.8688,151.2093,2025-05-28 11:21:48.995285,26.298853640712355,36.62614524573334,0.547605837402393,20.737221912117008,36.509357338496514
Sydney,-33.8688,151.2093,2025-05-29 11:21:48.995285,23.420238321195267,35.62257031335751,0.4630784778979243,23.30195319945726,43.02895138009675
Sydney,-33.8688,151.2093,2025-05-30 11:21:48.995285,25.788234308164984,40.91507436591607,0.5046507331300985,20.272757482585774,42.21614084192841
Sydney,-33.8688,151.2093,2025-05-31 11:21:48.995285,21.035840658172372,32.24979603488393,0.3920211184595348,21.033926904538042,38.28913850001674
Sydney,-33.8688,151.2093,2025-06-01 11:21:48.995285,37.00654332459678,56.42548108473966,0.35984631600870054,21.698885107772206,33.460131070561104
Sydney,-33.8688,151.2093,2025-06-02 11:21:48.995285,20.779861773302734,31.505710452263866,0.4757634722443395,19.688992332965913,37.82786270331934
Sydney,-33.8688,151.2093,2025-06-03 11:21:48.995285,30.12901387908785,46.55890784037305,0.5278793261361328,20.939926885745603,31.96370651454079
Sydney,-33.8688,151.2093,2025-06-04 11:21:48.995285,19.665792783494126,30.432860403741216,0.272857420406139,20.804800631268396,37.43930599323774
Sydney,-33.8688,151.2093,2025-06-05 11:21:48.995285,31.186375540262624,41.349366922399575,0.4141363337744835,13.225353279653726,41.167408546414855
Sydney,-33.8688,151.2093,2025-06-06 11:21:48.995285,33.094914010840085,51.45498449158342,0.644877632830124,19.358236232221493,45.638806984056345
Sydney,-33.8688,151.2093,2025-06-07 11:21:48.995285,24.79474490069876,38.79442127496994,0.5052185720790363,14.21404692392253,31.357940688681616
Sydney,-33.8688,151.2093,2025-06-08 11:21:48.995285,24.130229640529635,35.47071879947764,0.6077034693229274,18.733957133524672,35.293121926561184
Sydney,-33.8688,151.2093,2025-06-09 11:21:48.995285,17.746883071267753,22.671911151436245,0.38719106872495446,17.27904625107702,33.670611871659574
Sydney,-33.8688,151.2093,2025-06-10 11:21:48.995285,16.985007024878502,25.962458588586568,0.40147632495495456,21.78370629946345,37.41371449661733
Sydney,-33.8688,151.2093,2025-06-11 11:21:48.995285,23.68726627383598,36.18422101902697,0.5406271969946075,19.332084901633912,28.187497990457658
Sydney,-33.8688,151.2093,2025-06-12 11:21:48.995285,117.29533677268282,175.0620381939025,0.5030094716831345,19.936014441897235,30.905994325272818
Sydney,-33.8688,151.2093,2025-06-13 11:21:48.995285,19.127917144896582,29.065275166038255,0.42794013420686616,17.860112641434114,26.84331159561942
Sydney,-33.8688,151.2093,2025-06-14 11:21:48.995285,32.74556126672563,51.26202241602918,0.30786672262824344,21.509501376696438,27.867350063306528
Sydney,-33.8688,151.2093,2025-06-15 11:21:48.995285,18.493147175143477,32.53476419930555,0.5465627336885444,13.479962415078132,31.513626340378572
Sydney,-33.8688,151.2093,2025-06-16 11:21:48.995285,22.52982239645218,34.08854094051,0.6786800686068177,15.504923989987144,42.92870710318293
Sydney,-33.8688,151.2093,2025-06-17 11:21:48.995285,22.38300267997863,34.24233138267443,0.26727178812953173,21.970381538806585,36.0723829066037
Sydney,-33.8688,151.2093,2025-06-18 11:21:48.995285,20.556425357257748,29.187060285515834,0.5616438596436506,16.725103119321115,34.421125218152035
Sydney,-33.8688,151.2093,2025-06-19 11:21:48.995285,10.687302830212639,15.028170153365801,0.3712986939711386,11.515724190409237,40.59409063790811
Sydney,-33.8688,151.2093,2025-06-20 11:21:48.995285,17.65463109814998,26.209861386482014,0.38165306690227424,22.232922129993888,35.54298430637379
Sydney,-33.8688,151.2093,2025-06-21 11:21:48.995285,21.59300861800941,34.74494899779531,0.4388601918837344,21.028214292326915,35.78009879172761
Sydney,-33.8688,151.2093,2025-06-22 11:21:48.995285,19.96100758501434,31.579426889577626,0.28826633338430846,19.853374752289906,30.796277271474107
Sydney,-33.8688,151.2093,2025-06-23 11:21:48.995285,23.469418220275273,39.06283401842883,0.4020542539707887,17.927420482485786,29.745965606846628
Sydney,-33.8688,151.2093,2025-06-24 11:21:48.995285,23.921452488872358,32.90172638198812,0.24162009579804497,22.55087751893264,26.15027464471255
Sydney,-33.8688,151.2093,2025-06-25 11:21:48.995285,18.787189559647697,25.533314398173598,0.44735988628866535,21.269646219958627,29.475924968106405
Sydney,-33.8688,151.2093,2025-06-26 11:21:48.995285,15.027224228264242,24.745002212868226,0.6201597255931464,22.063256251296767,30.856447064266952
Sydney,-33.8688,151.2093,2025-06-27 11:21:48.995285,27.434288045297734,44.04915282057558,0.32990084145124715,19.432851200532028,33.76264401515561
Sydney,-33.8688,151.2093,2025-06-28 11:21:48.995285,12.770283962015235,19.221682186364717,0.37407757846269873,17.64218536104999,31.63760134666672
Sydney,-33.8688,151.2093,2025-06-29 11:21:48.995285,16.427571258737494,15.710149161048486,0.37613432991068996,16.00455907490472,29.78081373450891
Sydney,-33.8688,151.2093,2025-06-30 11:21:48.995285,15.01247770108775,21.031658227834132,0.48389240581823534,13.324367133080763,26.835032221951387
Sydney,-33.8688,151.2093,2025-07-01 11:21:48.995285,22.854435586085803,34.95264068342749,0.4230001864466854,18.567210584936667,33.17885525538895
Sydney,-33.8688,151.2093,2025-07-02 11:21:48.995285,25.568869240153724,36.554477887075116,0.47170978839020833,18.747951688262198,28.486808616456955
Sydney,-33.8688,151.2093,2025-07-03 11:21:48.995285,17.978687122811998,27.33828299809343,0.32631954648709716,15.87423300446139,32.539713540510036
Sydney,-33.8688,151.2093,2025-07-04 11:21:48.995285,19.861255655716217,33.58899438131828,0.41760433756281273,18.69722901137073,21.002197233094797
Sydney,-33.8688,151.2093,2025-07-05 11:21:48.995285,20.723311972580113,33.937233598060175,0.034808484059101474,15.793192939019752,32.05128511630102
Sydney,-33.8688,151.2093,2025-07-06 11:21:48.995285,27.468456920853455,42.82046987202046,0.4357149857570859,19.32650128799546,33.90718915584492
Sydney,-33.8688,151.2093,2025-07-07 11:21:48.995285,9.451494146798781,14.048342662521858,0.24460795627776705,14.013358799504175,33.07669633361574
Sydney,-33.8688,151.2093,2025-07-08 11:21:48.995285,21.91337540086448,31.88072698549594,0.33108592995460423,13.430798347588814,28.804796731091287
Sydney,-33.8688,151.2093,2025-07-09 11:21:48.995285,19.949811470827747,31.44021983679657,0.4358688654870251,15.811857683909174,34.17737317381723
Sydney,-33.8688,151.2093,2025-07-10 11:21:48.995285,16.089966272699122,24.185738714049137,0.2052742947165737,18.958438135970972,23.051451433613103
Sydney,-33.8688,151.2093,2025-07-11 11:21:48.995285,19.454364541841862,29.300955691507532,0.46540789708701025,12.935259037643121,28.788815968827926
Sydney,-33.8688,151.2093,2025-07-12 11:21:48.995285,21.408569338284714,29.01042278166502,0.34165800805383006,19.50127328659515,28.08965768289919
Sydney,-33.8688,151.2093,2025-07-13 11:21:48.995285,20.503593453928058,29.326329416440302,0.49706714645900474,11.366125542601385,34.0636682824765
Sydney,-33.8688,151.2093,2025-07-14 11:21:48.995285,28.26583475426141,43.90247306602574,0.25918221859001966,15.496428235557087,18.60753173439714
Sydney,-33.8688,151.2093,2025-07-15 11:21:48.995285,17.998521811062997,24.79564903509732,0.1659435050071965,11.941328554739362,23.251022218505362
Sydney,-33.8688,151.2093,2025-07-16 11:21:48.995285,17.385685502781225,26.60994245137675,0.34212852019278805,8.2958817006151,37.112993422646966
Sydney,-33.8688,151.2093,2025-07-17 11:21:48.995285,16.237007520863983,25.180518471024254,0.4015776357689813,17.17110613893219,16.062421554594472
Sydney,-33.8688,151.2093,2025-07-18 11:21:48.995285,19.803065547903287,30.646373953362968,0.40785712112449907,15.48565235519358,32.12937690169827
Sydney,-33.8688,151.2093,2025-07-19 11:21:48.995285,16.774909229360816,26.282892276756602,0.2251551971430874,11.77630346990381,24.40116499005012
Sydney,-33.8688,151.2093,2025-07-20 11:21:48.995285,16.900665210864677,26.60644992257715,0.17422908269882573,14.367468168816082,29.02544224654176
Sydney,-33.8688,151.2093,2025-07-21 11:21:48.995285,16.82560731279219,23.99082478510323,0.30349676286506166,17.193704687168395,34.67359903843813
Sydney,-33.8688,151.2093,2025-07-22 11:21:48.995285,15.967702358363171,21.01624441022241,0.38445930316383176,14.715923601939311,28.927152164114602
Sydney,-33.8688,151.2093,2025-07-23 11:21:48.995285,13.50414541570733,18.509147298794293,0.37752886674001934,15.177711366529488,34.493931023509134
Sydney,-33.8688,151.2093,2025-07-24 11:21:48.995285,18.547310993486285,29.28080888403925,0.4863481996972491,14.533019440281715,24.72342154981859
Sydney,-33.8688,151.2093,2025-07-25 11:21:48.995285,14.943340894417792,20.013318154035296,0.290026054248276,13.937382965460564,25.25198680003679
Sydney,-33.8688,151.2093,2025-07-26 11:21:48.995285,77.40533730803601,114.026784602285,0.14116909243566678,13.855456582224159,30.8586164635988
Sydney,-33.8688,151.2093,2025-07-27 11:21:48.995285,16.75371610490463,23.038286155841597,0.44366420303371634,13.725846881245115,24.602664638985306
Sydney,-33.8688,151.2093,2025-07-28 11:21:48.995285,14.18655239205984,17.58787967860324,0.34190806688517683,13.300284758633314,29.665872065747617
Sydney,-33.8688,151.2093,2025-07-29 11:21:48.995285,23.865759117826236,33.50462994447576,0.3490509329031093,12.468919753253049,32.48143172186478
Sydney,-33.8688,151.2093,2025-07-30 11:21:48.995285,15.454879049018276,25.183112400174753,0.3960378787457216,14.344084035223092,30.79134743656668
Sydney,-33.8688,151.2093,2025-07-31 11:21:48.995285,19.008068771866867,27.07857385236918,0.44424343301802294,13.527193292544869,18.446372721353846
Sydney,-33.8688,151.2093,2025-08-01 11:21:48.995285,12.32424920944556,14.988497501059646,0.31418127637310106,12.196985978155954,24.52934172386149
Sydney,-33.8688,151.2093,2025-08-02 11:21:48.995285,5.6293961224131674,7.420806473790585,0.4327970188941882,17.67659035510539,27.544801587377705
Sydney,-33.8688,151.2093,2025-08-03 11:21:48.995285,12.857764851234972,20.307741708639792,0.3690688402065826,19.04428826056025,24.819673336283348
Sydney,-33.8688,151.2093,2025-08-04 11:21:48.995285,4.943943005046716,3.7543689778027485,0.24706549161011376,15.315284944712642,26.34360987252619
Sydney,-33.8688,151.2093,2025-08-05 11:21:48.995285,14.388074231999553,23.488731967531354,0.2881239241050647,15.485613246840416,27.33393657048999
Sydney,-33.8688,151.2093,2025-08-06 11:21:48.995285,22.859619272573553,31.40746727814217,0.37200208633741627,13.180500202330348,23.141735696229578
Sydney,-33.8688,151.2093,2025-08-07 11:21:48.995285,10.93676492331229,15.614180106995065,0.23838132424952135,18.432689087220766,24.727590648263998
Sydney,-33.8688,151.2093,2025-08-08 11:21:48.995285,4.882602542156096,6.50737359324291,0.39690234681618597,20.42095426029254,19.714059105156274
Sydney,-33.8688,151.2093,2025-08-09 11:21:48.995285,22.866579469421147,33.17698899062067,0.3231242403718909,14.691265770102271,23.158732837001164
Sydney,-33.8688,151.2093,2025-08-10 11:21:48.995285,12.943848353138101,19.286169132744106,0.34457426730516894,13.595971499702115,17.84754024080996
Sydney,-33.8688,151.2093,2025-08-11 11:21:48.995285,15.20012612286595,24.35730989225232,0.449626893029203,16.16383481471923,26.00071052902754
Sydney,-33.8688,151.2093,2025-08-12 11:21:48.995285,19.181294339331703,28.69033834639114,0.34045457763114617,15.506740378953324,24.393730718721727
Sydney,-33.8688,151.2093,2025-08-13 11:21:48.995285,17.819726908490846,25.51824304254974,0.3112184470624333,13.601465115400682,20.726818565074502
Sydney,-33.8688,151.2093,2025-08-14 11:21:48.995285,18.923296578259524,29.299642236911076,0.2951558432931913,16.49895473919714,34.1824007644445
Sydney,-33.8688,151.2093,2025-08-15 11:21:48.995285,19.64266344808882,29.87852262937824,0.28934467402915975,17.88473207235054,23.983720335308345
Sydney,-33.8688,151.2093,2025-08-16 11:21:48.995285,6.382650934729323,8.234969282240334,0.33349441837389265,12.699156844863959,26.602600866912997
Sydney,-33.8688,151.2093,2025-08-17 11:21:48.995285,8.017120659365357,12.110283833216767,0.4381094856129506,22.670531619179542,21.94012321587087
Sydney,-33.8688,151.2093,2025-08-18 11:21:48.995285,20.923279820470064,29.880234724289917,0.24017100411310024,10.434889282369445,23.029407157302284
Sydney,-33.8688,151.2093,2025-08-19 11:21:48.995285,11.140251173534592,14.978899303508001,0.2322332239127642,12.46940126547381,26.695487687732218
Sydney,-33.8688,151.2093,2025-08-20 11:21:48.995285,11.670181757640503,19.116875064760563,0.4291722091689689,15.718609582136239,23.38886122465301
Sydney,-33.8688,151.2093,2025-08-21 11:21:48.995285,8.706615780524489,13.953841283925046,0.24380187384106616,21.75103355080269,25.047759371460455
Sydney,-33.8688,151.2093,2025-08-22 11:21:48.995285,12.986463397412255,21.02045436659148,0.32183354351826365,13.317829347032959,29.05092734299182
Sydney,-33.8688,151.2093,2025-08-23 11:21:48.995285,13.257956874704073,21.157192314359133,0.24091099738094196,11.805029658776453,22.41667489209538
Sydney,-33.8688,151.2093,2025-08-24 11:21:48.995285,10.313529975026833,13.695856444432145,0.13206822243340646,16.64814114201255,18.3404442039895
Sydney,-33.8688,151.2093,2025-08-25 11:21:48.995285,9.734678878259375,16.604582177522648,0.31982437138195813,14.254263078164836,17.368817455565082
Sydney,-33.8688,151.2093,2025-08-26 11:21:48.995285,16.59563044107962,24.298231441055588,0.4115630890066269,16.996924574963842,32.195667652235954
Sydney,-33.8688,151.2093,2025-08-27 11:21:48.995285,10.96915355316102,18.31216597627596,0.2939445125727908,14.791408294100325,29.666983334282595
Sydney,-33.8688,151.2093,2025-08-28 11:21:48.995285,11.98408450355305,17.72589353538698,0.15214705944326432,12.436323267832313,28.30246701860523
Sydney,-33.8688,151.2093,2025-08-29 11:21:48.995285,4.095358535048041,6.769363978330706,0.3114420636834104,22.06000304570191,22.8598613740176
Sydney,-33.8688,151.2093,2025-08-30 11:21:48.995285,24.73181125118333,37.78417273466903,0.22522106190602492,6.1572332220219455,18.39581500285314
Sydney,-33.8688,151.2093,2025-08-31 11:21:48.995285,19.766941078433984,31.276812388219753,0.039205910296633395,20.489626716579554,23.675223329109983
Sydney,-33.8688,151.2093,2025-09-01 11:21:48.995285,12.603747639185967,15.636529216761208,0.2934671859440595,17.838674665612118,24.649895002300788
Sydney,-33.8688,151.2093,2025-09-02 11:21:48.995285,10.605270370837868,12.755110130837949,0.35378192037133266,12.813569649981591,19.49325423995331
Sydney,-33.8688,151.2093,2025-09-03 11:21:48.995285,15.180949562225761,24.114846073542992,0.4203006593343943,20.680513102531364,17.841476798847104
Sydney,-33.8688,151.2093,2025-09-04 11:21:48.995285,15.072593884490807,23.321615756722938,0.47879071064579565,10.963373318506758,16.581329716698953
Sydney,-33.8688,151.2093,2025-09-05 11:21:48.995285,8.80710244971067,11.65936637818876,0.368832273684329,18.117800534664525,28.56736888364508
Sydney,-33.8688,151.2093,2025-09-06 11:21:48.995285,2.4688354403316346,4.4318709785309345,0.3977870725594281,8.862822953330387,19.30548330140008
Sydney,-33.8688,151.2093,2025-09-07 11:21:48.995285,12.62861591069245,16.127003445830873,0.17672336395770918,11.691863145226773,26.93554477599338
Sydney,-33.8688,151.2093,2025-09-08 11:21:48.995285,7.482488126987364,17.752311212219066,0.46816979578432394,11.704594913798832,23.460041905191154
Sydney,-33.8688,151.2093,2025-09-09 11:21:48.995285,16.19950035706916,26.922393309259625,0.43358803062618406,12.919330330439328,28.462090479057856
Sydney,-33.8688,151.2093,2025-09-10 11:21:48.995285,16.279109994580363,25.66327034668629,0.2710624947288875,15.22909442677447,27.26217580176057
Sydney,-33.8688,151.2093,2025-09-11 11:21:48.995285,10.571588242371398,16.00864310491207,0.37691904721040315,12.740896774715997,24.496790511664983
Sydney,-33.8688,151.2093,2025-09-12 11:21:48.995285,12.816513498771199,17.987314158546205,0.3678955150858303,9.135484563430866,26.386419381618783
Sydney,-33.8688,151.2093,2025-09-13 11:21:48.995285,24.35924458561899,33.91849439973673,0.4579020735696108,16.66237036896632,25.264373646709295
Sydney,-33.8688,151.2093,2025-09-14 11:21:48.995285,19.47708205193586,28.98797782292494,0.29691801119563255,15.44757247907296,22.825423377706212
Sydney,-33.8688,151.2093,2025-09-15 11:21:48.995285,13.400363858226228,18.381024515949093,0.2386092904654138,16.557595878579914,30.892855494945437
Sydney,-33.8688,151.2093,2025-09-16 11:21:48.995285,27.18437979888793,39.17368600102541,0.2654918263180263,15.878045309901948,23.97150598010206
Sydney,-33.8688,151.2093,2025-09-17 11:21:48.995285,9.80560006297543,11.874886814914058,0.40548534079305976,18.257849407372323,25.751179952993077
Sydney,-33.8688,151.2093,2025-09-18 11:21:48.995285,11.795246494063889,18.192195844958043,0.12518736134869982,15.202912999590023,19.212454678932467
Sydney,-33.8688,151.2093,2025-09-19 11:21:48.995285,15.377291018434002,22.311949516005217,0.01888989351512249,18.502492840417748,27.76501582718452
Sydney,-33.8688,151.2093,2025-09-20 11:21:48.995285,8.348655976595989,13.593127114545723,0.4094987267663492,13.1747557074351,23.452628969489044
Sydney,-33.8688,151.2093,2025-09-21 11:21:48.995285,25.03173235854375,38.4617961251252,0.34908427712362017,13.384082129685698,24.23603650731726
Sydney,-33.8688,151.2093,2025-09-22 11:21:48.995285,17.075085094112765,26.07155690132847,0.32503283164164504,19.707780636477757,22.541183046427335
Sydney,-33.8688,151.2093,2025-09-23 11:21:48.995285,12.291338664058596,23.755888512196258,0.19426699617230572,19.68754744896065,26.241642183394607
Sydney,-33.8688,151.2093,2025-09-24 11:21:48.995285,18.564371209727835,29.49396784172284,0.15551975259455175,17.383944654694513,16.955791603871077
Sydney,-33.8688,151.2093,2025-09-25 11:21:48.995285,17.142639658731426,23.192827466797343,0.2647942999950208,13.038856470041562,30.53032569042925
Sydney,-33.8688,151.2093,2025-09-26 11:21:48.995285,14.978573664095489,23.38533339198617,0.3662060916314626,12.842017236475092,27.059419753690943
Sydney,-33.8688,151.2093,2025-09-27 11:21:48.995285,10.551240109547814,15.718822678384743,0.2733007475963838,19.781099858911418,25.054295909471787
Sydney,-33.8688,151.2093,2025-09-28 11:21:48.995285,9.507234108696387,11.577790021391646,0.4237758947510406,19.66214165090544,19.791287275558293
Sydney,-33.8688,151.2093,2025-09-29 11:21:48.995285,27.719239454191985,38.7355934211347,0.24029875513748788,15.701879160477553,29.843185132863635
Sydney,-33.8688,151.2093,2025-09-30 11:21:48.995285,10.120934984376404,16.087808311123744,0.28575768088256936,22.967959485872754,24.655276313414202
Sydney,-33.8688,151.2093,2025-10-01 11:21:48.995285,25.476216715010107,39.60942014227229,0.41004788783350155,17.369894774965033,34.51001802862142
Sydney,-33.8688,151.2093,2025-10-02 11:21:48.995285,12.866747694352448,17.207607142879617,0.3041193670001879,12.723673594122754,30.56740996029725
Sydney,-33.8688,151.2093,2025-10-03 11:21:48.995285,21.14720432699385,33.66114059688007,0.3112058337535851,15.271627445642444,35.968840677373976
Sydney,-33.8688,151.2093,2025-10-04 11:21:48.995285,19.633017181564515,30.01935456597734,0.2817681892583311,16.169337599596428,29.143627800683788
Sydney,-33.8688,151.2093,2025-10-05 11:21:48.995285,20.744035416696455,33.50777143892972,0.26544476422400265,16.467666867854525,34.014526678632336
Sydney,-33.8688,151.2093,2025-10-06 11:21:48.995285,21.1903504842354,33.964766523031585,0.38602331785030997,20.015149215072345,31.10927391104276
Sydney,-33.8688,151.2093,2025-10-07 11:21:48.995285,9.588001658672587,14.065128657202894,0.40128722487166535,13.454048147186995,26.71383759452123
Sydney,-33.8688,151.2093,2025-10-08 11:21:48.995285,57.52731861867996,89.56217738822413,0.3779860360959458,12.387242911183787,30.081389517981986
Sydney,-33.8688,151.2093,2025-10-09 11:21:48.995285,11.04319398109368,14.316558791399586,0.29605031498830087,18.24868793760641,25.155219333478694
Sydney,-33.8688,151.2093,2025-10-10 11:21:48.995285,18.951922033721512,33.20847206048366,0.3399591445983333,14.981754837964203,39.852022259097154
Sydney,-33.8688,151.2093,2025-10-11 11:21:48.995285,11.512750667142193,15.5115546397415,0.5221829248973842,23.835254534282136,29.18988294311792
Sydney,-33.8688,151.2093,2025-10-12 11:21:48.995285,8.350327926304434,12.42948642610129,0.22300293852345418,19.457443050262167,30.01439717509907
Sydney,-33.8688,151.2093,2025-10-13 11:21:48.995285,17.19626713485934,24.660024105063485,0.5562622043944082,15.115637551767886,32.02541003453341
Sydney,-33.8688,151.2093,2025-10-14 11:21:48.995285,7.468309127212953,10.44888171505995,0.38024607240475833,20.395413411177707,24.835829962891633
Sydney,-33.8688,151.2093,2025-10-15 11:21:48.995285,19.939367964703006,35.756159272082435,0.35490090082431414,19.01407088079813,37.07537101498021
Sydney,-33.8688,151.2093,2025-10-16 11:21:48.995285,12.491384898702613,17.811635973231763,0.47092848419199407,18.790857700185494,25.54265101954672
Sydney,-33.8688,151.2093,2025-10-17 11:21:48.995285,14.7123325584476,23.770715582257242,0.17157801907113793,16.59088385465889,24.615494136466133
Sydney,-33.8688,151.2093,2025-10-18 11:21:48.995285,7.650653264603861,11.005174074332956,0.5190866200658223,18.28771912011158,30.24647963207341
Sydney,-33.8688,151.2093,2025-10-19 11:21:48.995285,27.442508334504716,43.03686336093257,0.5696125282040778,10.787124930952999,24.89150840924506
Sydney,-33.8688,151.2093,2025-10-20 11:21:48.995285,12.018408002198422,16.939292966555648,0.49545693548768627,21.117759431210562,39.309176336590106
Sydney,-33.8688,151.2093,2025-10-21 11:21:48.995285,17.65564069558432,26.995725230694823,0.17928440047540428,6.929636265157832,30.55995395407042
Sydney,-33.8688,151.2093,2025-10-22 11:21:48.995285,10.66125532231078,17.249279584411653,0.4688157454723884,15.98360486023076,15.82408493772336
Sydney,-33.8688,151.2093,2025-10-23 11:21:48.995285,15.587504884440637,21.937634419987994,0.5599167343287583,12.595790303590146,33.148508480141956
Sydney,-33.8688,151.2093,2025-10-24 11:21:48.995285,28.672399466600012,48.524051048351204,0.5525406900031546,15.95409185704491,35.13746577648864
Sydney,-33.8688,151.2093,2025-10-25 11:21:48.995285,21.549628174726966,33.686324348558045,0.26043596524536516,17.308770431963797,30.486205505649252
Sydney,-33.8688,151.2093,2025-10-26 11:21:48.995285,66.37802646915688,99.11509779470056,0.505888915137143,14.015950197672424,26.039527269457132
Sydney,-33.8688,151.2093,2025-10-27 11:21:48.995285,20.193629892694172,28.895975805339873,0.5868469860973444,9.35881691756802,32.530210853124736
Sydney,-33.8688,151.2093,2025-10-28 11:21:48.995285,17.714911299162836,26.755812995998216,0.41330070351651976,18.38005046372112,30.868032537759614
Sydney,-33.8688,151.2093,2025-10-29 11:21:48.995285,20.210141175357748,27.883215741809682,0.2681747592109416,24.095441383331526,28.630506512448346
Sydney,-33.8688,151.2093,2025-10-30 11:21:48.995285,24.547407569041635,40.385701881262335,0.49942653875003,16.860191486388395,28.422970610341494
Sydney,-33.8688,151.2093,2025-10-31 11:21:48.995285,19.329630158405067,29.85695278240976,0.5250881990239803,20.87055292264753,34.75885890659732
Sydney,-33.8688,151.2093,2025-11-01 11:21:48.995285,22.24332330718945,33.18901282596138,0.40894650231868823,22.584837481452624,38.73015790829416
Sydney,-33.8688,151.2093,2025-11-02 11:21:48.995285,22.485232059334542,35.81980379771524,0.3069827458354829,12.45126351190924,36.76185104662539
Sydney,-33.8688,151.2093,2025-11-03 11:21:48.995285,19.83251054174756,28.305736256449403,0.5274519839683419,16.85979393468318,26.05486887441252
Sydney,-33.8688,151.2093,2025-11-04 11:21:48.995285,17.945141055708586,24.605792410702,0.3556145335190015,14.483228666963027,38.014546528868216
Sydney,-33.8688,151.2093,2025-11-05 11:21:48.995285,19.161386600054044,28.48181375662359,0.47548074031541404,15.974820577603683,39.04332513474977
Sydney,-33.8688,151.2093,2025-11-06 11:21:48.995285,25.44671401111249,38.425158315607916,0.5948323905700368,23.58142898015844,42.39466538439449
Sydney,-33.8688,151.2093,2025-11-07 11:21:48.995285,26.027259196071157,40.10206120729227,0.2764237037286761,19.228626294869528,30.923324726331376
Sydney,-33.8688,151.2093,2025-11-08 11:21:48.995285,16.591446768316594,21.934614319610436,0.5363847682901044,21.006680015464994,35.63761444016529
Sydney,-33.8688,151.2093,2025-11-09 11:21:48.995285,21.14152037689808,30.799646905308656,0.42827113794478233,18.591536206527703,39.00732182477634
Sydney,-33.8688,151.2093,2025-11-10 11:21:48.995285,18.848662994428828,22.106064905306134,0.43420011840035244,15.17497823276362,33.78214001921269
Sydney,-33.8688,151.2093,2025-11-11 11:21:48.995285,26.780547018539036,37.806122185996365,0.5070473408524493,20.924739526635285,39.43072655667064
Sydney,-33.8688,151.2093,2025-11-12 11:21:48.995285,20.5929398024143,32.31993277102226,0.38184069688486044,22.732203614985366,36.80330087088117
Sydney,-33.8688,151.2093,2025-11-13 11:21:48.995285,34.1223519894244,53.105579601286074,0.34485274433848695,20.010989099289752,32.94432526907361
Sydney,-33.8688,151.2093,2025-11-14 11:21:48.995285,24.376555507670485,34.280824190879684,0.2873218939606367,20.610907364372412,33.6243916438251
Sydney,-33.8688,151.2093,2025-11-15 11:21:48.995285,29.3668940644733,43.4011319985612,0.5923145068090653,15.524051737578244,43.931814471410064
Sydney,-33.8688,151.2093,2025-11-16 11:21:48.995285,18.55415814485052,27.882449527531765,0.4353770270664506,21.43419703888135,32.95872510631766
Sydney,-33.8688,151.2093,2025-11-17 11:21:48.995285,23.8565302964358,37.941015722337916,0.5329524322558661,23.437001244282285,32.35687790566164
Sydney,-33.8688,151.2093,2025-11-18 11:21:48.995285,27.049848517376763,43.63296250909912,0.4308764530223474,20.698247935577182,40.17536886194752
Sydney,-33.8688,151.2093,2025-11-19 11:21:48.995285,18.973850803516534,28.766940715720846,0.3666309899150151,14.179826268682088,38.557664097225825
Sydney,-33.8688,151.2093,2025-11-20 11:21:48.995285,24.41368929102968,36.09930062538005,0.5514707756334498,24.562876368314242,32.4098567108315
Sydney,-33.8688,151.2093,2025-11-21 11:21:48.995285,29.743098488770137,41.72726051575394,0.5224723239278314,16.90742998295244,36.628604121203566
Sydney,-33.8688,151.2093,2025-11-22 11:21:48.995285,23.018533844155115,34.743939235354794,0.46942576227670824,20.991252422556006,35.39976843435605
Sydney,-33.8688,151.2093,2025-11-23 11:21:48.995285,20.56910391557852,35.00350087634831,0.5267469351129798,22.772862024903578,36.533461926427954
Sydney,-33.8688,151.2093,2025-11-24 11:21:48.995285,34.0147972773626,53.60258101591854,0.40395154437559977,23.238854966152985,52.62485198403324
Cairo,30.0444,31.2357,2024-11-24 11:21:48.995285,28.937470159432287,40.72267741004493,0.6295516070761148,25.88392816263486,39.844754824495546
Cairo,30.0444,31.2357,2024-11-25 11:21:48.995285,23.687142524195586,35.8150525866811,1.483606283057183,17.36304006840247,33.04597823784131
Cairo,30.0444,31.2357,2024-11-26 11:21:48.995285,24.403912676858894,32.22763767582594,0.5515621407026685,18.7254910181094,39.33840659123003
Cairo,30.0444,31.2357,2024-11-27 11:21:48.995285,26.882884892924885,41.42002902927717,0.53607997658989,20.34463774407486,35.73639671117502
Cairo,30.0444,31.2357,2024-11-28 11:21:48.995285,23.615133096518644,36.73487949843301,0.5039603931344827,15.9545511541247,42.76235639153512
Cairo,30.0444,31.2357,2024-11-29 11:21:48.995285,27.178781873389454,37.502936719614034,0.5125105132063656,21.72566866310441,32.96831104012049
Cairo,30.0444,31.2357,2024-11-30 11:21:48.995285,32.04631952170226,48.450684688219226,0.42077287661746277,16.651494612257775,46.445963434554315
Cairo,30.0444,31.2357,2024-12-01 11:21:48.995285,28.22614721746861,43.37133939384331,0.5229327556295459,17.339313589535006,37.447255501386365
Cairo,30.0444,31.2357,2024-12-02 11:21:48.995285,25.60530203690887,40.288553804195686,0.592785150762086,51.841893917086054,50.97982508267453
Cairo,30.0444,31.2357,2024-12-03 11:21:48.995285,25.925612687229446,35.950560357611245,0.5604329759472262,15.849800985321249,147.50525783067502
Cairo,30.0444,31.2357,2024-12-04 11:21:48.995285,27.715899337203542,38.35465972079882,1.6580300447998226,24.661449578649005,45.247624506836324
Cairo,30.0444,31.2357,2024-12-05 11:21:48.995285,22.721515610131284,37.0875718585371,0.6101464865907351,22.5058998406218,35.13345149128483
Cairo,30.0444,31.2357,2024-12-06 11:21:48.995285,28.090343505065782,40.49173584695943,0.5605143910089121,23.792684195076294,39.93712320669162
Cairo,30.0444,31.2357,2024-12-07 11:21:48.995285,30.642069592411328,44.908296038599886,0.5457758964860152,23.603396668158418,38.84737622772469
Cairo,30.0444,31.2357,2024-12-08 11:21:48.995285,27.824308140613304,43.00265125842571,0.6212505938972932,20.689033247514757,39.72445933847748
Cairo,30.0444,31.2357,2024-12-09 11:21:48.995285,25.432868461494998,35.81090064570354,0.5647306208581342,21.188203893659438,51.71422710605855
Cairo,30.0444,31.2357,2024-12-10 11:21:48.995285,26.284063976191433,38.8943971381149,0.5307321020925769,24.40092850962112,43.3161534078572
Cairo,30.0444,31.2357,2024-12-11 11:21:48.995285,31.145668530355437,48.50199138103927,0.6045235120908152,26.357699492731076,41.03791740146605
Cairo,30.0444,31.2357,2024-12-12 11:21:48.995285,22.548331223644606,30.980292400781863,0.5574624043745358,53.25100260244828,40.83427096854812
Cairo,30.0444,31.2357,2024-12-13 11:21:48.995285,24.13041089769219,35.19560768774727,0.5361025866197526,29.166238962301748,42.15985615525456
Cairo,30.0444,31.2357,2024-12-14 11:21:48.995285,20.340723927037345,28.257638650577828,0.5830468024388971,17.740660902514158,47.72594095767365
Cairo,30.0444,31.2357,2024-12-15 11:21:48.995285,28.706754718462733,41.51226123991063,0.5874443090273475,20.382515464253444,37.16968989717431
Cairo,30.0444,31.2357,2024-12-16 11:21:48.995285,33.006683807612845,51.88132287168061,0.4635824361846362,22.070827589777466,46.03676119305655
Cairo,30.0444,31.2357,2024-12-17 11:21:48.995285,35.51404319472368,56.081192060017656,0.6104557279787337,22.426031174309564,47.902685258479565
Cairo,30.0444,31.2357,2024-12-18 11:21:48.995285,36.75820910803334,55.652981920900935,0.7649488827497116,27.898936206249495,37.34549653550256
Cairo,30.0444,31.2357,2024-12-19 11:21:48.995285,25.719565315167078,39.64376734200556,0.48547760134161294,25.12168921253872,39.17026941331224
Cairo,30.0444,31.2357,2024-12-20 11:21:48.995285,30.57791075306256,46.87657593206203,0.5362975461462375,23.40238263532494,46.253097171661594
Cairo,30.0444,31.2357,2024-12-21 11:21:48.995285,27.47073171148393,39.86142561504754,0.8676484906719768,25.347626634793862,53.92835336299566
Cairo,30.0444,31.2357,2024-12-22 11:21:48.995285,37.87372247015411,57.28688471359818,0.5104967853484172,23.355008164350984,52.966894684272965
Cairo,30.0444,31.2357,2024-12-23 11:21:48.995285,36.30456990168691,51.86623807224918,0.7243857757394578,20.367423887061594,44.138658694733586
Cairo,30.0444,31.2357,2024-12-24 11:21:48.995285,30.778112696486073,44.25003006489987,0.5758844944629221,23.925793153329373,54.45307542407362
Cairo,30.0444,31.2357,2024-12-25 11:21:48.995285,26.989930707464758,40.31129296837559,0.6077481880013931,22.74601449631741,46.031930655525414
Cairo,30.0444,31.2357,2024-12-26 11:21:48.995285,12.993941502465045,17.368970266402844,0.5915663407677607,20.088510643412512,46.2101997603152
Cairo,30.0444,31.2357,2024-12-27 11:21:48.995285,23.212052627799952,32.272624775361535,0.6501710964557265,26.478396577246375,48.54015508664243
Cairo,30.0444,31.2357,2024-12-28 11:21:48.995285,21.262889339138148,30.470538353793323,0.45251174498362634,22.598809936477384,52.48385426320943
Cairo,30.0444,31.2357,2024-12-29 11:21:48.995285,23.435854713390174,37.44644952046905,0.6319663969980427,19.472006769023523,45.45553536860619
Cairo,30.0444,31.2357,2024-12-30 11:21:48.995285,40.20224082409766,63.417639543933916,0.5758238697543038,20.016035978502664,46.721757607644136
Cairo,30.0444,31.2357,2024-12-31 11:21:48.995285,24.472059802549012,36.64296964991499,0.4326379478977531,24.578621540918807,42.68006225360688
Cairo,30.0444,31.2357,2025-01-01 11:21:48.995285,25.7800537269595,39.834478439528894,0.7337842767919475,26.19068122059868,50.88228562344571
Cairo,30.0444,31.2357,2025-01-02 11:21:48.995285,26.617846822828405,38.79978198995313,0.41365907302199373,24.555190594673878,53.99739717642762
Cairo,30.0444,31.2357,2025-01-03 11:21:48.995285,44.347046653783444,62.38927639423606,0.8419310832173066,24.635855759506097,54.504608380097906
Cairo,30.0444,31.2357,2025-01-04 11:21:48.995285,31.17403447139409,44.97400674582102,0.691421230722417,20.81217750066666,42.89654097072388
Cairo,30.0444,31.2357,2025-01-05 11:21:48.995285,36.587367512944084,54.26436320406773,0.496227344770684,23.58682674119633,48.01003680223147
Cairo,30.0444,31.2357,2025-01-06 11:21:48.995285,32.62141324594209,49.21405843291206,0.7686980885683097,22.381887165271902,56.34399390419018
Cairo,30.0444,31.2357,2025-01-07 11:21:48.995285,21.94848258423663,32.72077166651857,0.5623726066755571,22.850365297310088,51.46663737249663
Cairo,30.0444,31.2357,2025-01-08 11:21:48.995285,39.65778060876416,58.92337968411131,0.5694092771223127,23.16191486509166,50.66239866087382
Cairo,30.0444,31.2357,2025-01-09 11:21:48.995285,34.122049979520966,50.03380890527047,0.4622342931794292,21.578475881744488,50.727515296023704
Cairo,30.0444,31.2357,2025-01-10 11:21:48.995285,31.627875487882953,48.12953832124896,0.5583325176698752,25.87321987933332,53.561953308653706
Cairo,30.0444,31.2357,2025-01-11 11:21:48.995285,41.154807551364485,59.00442777029945,0.572466527402951,20.649737304560922,52.46083500347986
Cairo,30.0444,31.2357,2025-01-12 11:21:48.995285,30.736976188416698,47.709589705288025,0.7312090261018319,19.83897658294706,48.32765169894377
Cairo,30.0444,31.2357,2025-01-13 11:21:48.995285,31.860982261001702,46.61877161396974,0.7683805483086383,21.435920910653326,55.77988470760795
Cairo,30.0444,31.2357,2025-01-14 11:21:48.995285,30.968634665863107,50.58714850418255,0.5298040875123632,26.49725945249222,45.526797154575206
Cairo,30.0444,31.2357,2025-01-15 11:21:48.995285,38.18441493727278,56.64599132638973,0.683113167149943,24.918954943348073,58.31505988662163
Cairo,30.0444,31.2357,2025-01-16 11:21:48.995285,36.97857122768545,54.50750539478142,0.474163666025605,18.605002571793893,47.38441379214853
Cairo,30.0444,31.2357,2025-01-17 11:21:48.995285,34.40670519105627,50.484685408366595,0.6877066951238046,25.798626502776976,54.75986603282503
Cairo,30.0444,31.2357,2025-01-18 11:21:48.995285,27.85655285251121,40.84442406032255,0.8785158298755642,23.91217105647039,51.34927113029537
Cairo,30.0444,31.2357,2025-01-19 11:21:48.995285,31.36359756064484,48.25985245781672,0.4863140677800631,22.85523475612808,49.9402592988379
Cairo,30.0444,31.2357,2025-01-20 11:21:48.995285,28.05128492748441,41.992374988445675,0.5647674710564783,23.429913062882882,59.25541400848622
Cairo,30.0444,31.2357,2025-01-21 11:21:48.995285,39.20802316493049,60.786198079318716,0.7408512025842579,20.20220520529617,56.323806639988916
Cairo,30.0444,31.2357,2025-01-22 11:21:48.995285,25.62453412341226,39.36564411898595,0.7544828658025217,24.76880785744952,52.45249972175286
Cairo,30.0444,31.2357,2025-01-23 11:21:48.995285,41.559495523580296,62.40222820433834,0.57764111714776,20.49116527358624,61.607316272425834
Cairo,30.0444,31.2357,2025-01-24 11:21:48.995285,40.11282793429194,60.91515057263523,0.820849444481729,23.28726368183552,57.91059128619009
Cairo,30.0444,31.2357,2025-01-25 11:21:48.995285,29.1662725982673,46.142102673728395,0.5936204977815812,23.333327388154398,49.11098925249143
Cairo,30.0444,31.2357,2025-01-26 11:21:48.995285,31.758253781234338,48.950772597953495,0.8441602627489726,26.730065824579018,41.95927117375184
Cairo,30.0444,31.2357,2025-01-27 11:21:48.995285,30.35766144242422,46.09760615051742,0.7252614380960021,24.579139479858235,53.914022687983326
Cairo,30.0444,31.2357,2025-01-28 11:21:48.995285,36.14747768501453,55.066701637538976,0.8070476791341517,26.61612747078933,60.41195331889535
Cairo,30.0444,31.2357,2025-01-29 11:21:48.995285,41.13237926146298,59.393199220890835,0.7184855751870733,20.94784127277402,56.65846051701323
Cairo,30.0444,31.2357,2025-01-30 11:21:48.995285,40.06937646354912,65.24745706783361,0.7485220080724997,24.247239495155434,61.58173842994728
Cairo,30.0444,31.2357,2025-01-31 11:21:48.995285,32.04506051008889,49.12384220639562,0.7552075102012507,26.195805773355435,50.82300507547987
Cairo,30.0444,31.2357,2025-02-01 11:21:48.995285,40.54945217451427,62.08000764688141,0.7999869909791787,28.364605837295777,53.327004434242184
Cairo,30.0444,31.2357,2025-02-02 11:21:48.995285,40.19748246053561,60.23883891471417,0.6834846657488419,21.251629678778933,53.54285039807796
Cairo,30.0444,31.2357,2025-02-03 11:21:48.995285,33.454391035649486,45.58645034610533,0.5979808280798343,22.176426282718367,55.30394701068166
Cairo,30.0444,31.2357,2025-02-04 11:21:48.995285,34.408671484656836,51.082320056457135,0.681225364785129,26.243842876245317,58.02115972318717
Cairo,30.0444,31.2357,2025-02-05 11:21:48.995285,42.219135586185395,63.48059765140073,0.6234625201349374,29.590062471541653,62.42769608240018
Cairo,30.0444,31.2357,2025-02-06 11:21:48.995285,39.85415766715084,58.135560856953894,0.6310397545346247,25.638813581638658,63.556993507226714
Cairo,30.0444,31.2357,2025-02-07 11:21:48.995285,40.73521776126918,59.4397202256355,0.857703680754501,21.475766765942854,62.74980060248349
Cairo,30.0444,31.2357,2025-02-08 11:21:48.995285,47.58431993679906,70.69797598008003,0.7554207766066056,21.557367176864496,57.831504626132315
Cairo,30.0444,31.2357,2025-02-09 11:21:48.995285,37.43697430007693,57.69851913721149,0.7516865325935929,25.254855270410335,52.83984637503551
Cairo,30.0444,31.2357,2025-02-10 11:21:48.995285,36.36932815627815,57.06550078449886,0.8020844452765967,25.943232161309332,55.74099898646078
Cairo,30.0444,31.2357,2025-02-11 11:21:48.995285,41.56817072168487,62.69418199240669,0.7573207175776708,24.225420915657534,57.94388892425317
Cairo,30.0444,31.2357,2025-02-12 11:21:48.995285,44.75216926005112,65.9934964382748,0.8829690435376994,21.66932027281284,55.39493737913569
Cairo,30.0444,31.2357,2025-02-13 11:21:48.995285,31.787768514941614,46.95688369212086,0.48743033051914,28.226614786256878,50.19813565257622
Cairo,30.0444,31.2357,2025-02-14 11:21:48.995285,33.86420181800672,50.995370731530166,0.5977106272991195,23.890587771361663,52.498383392008705
Cairo,30.0444,31.2357,2025-02-15 11:21:48.995285,29.80647184813809,45.14576802089222,0.6279193142001536,26.530557978741207,59.1891974270605
Cairo,30.0444,31.2357,2025-02-16 11:21:48.995285,36.635971966235154,55.82387632170092,0.5608727941364967,19.641607233657265,53.65083002712005
Cairo,30.0444,31.2357,2025-02-17 11:21:48.995285,39.388472088059885,58.203988364256894,0.7101358585109198,28.574552752254647,55.03413451345127
Cairo,30.0444,31.2357,2025-02-18 11:21:48.995285,30.21480353829894,46.38078757245801,0.7151770687724324,22.925164516046696,54.546678049957066
Cairo,30.0444,31.2357,2025-02-19 11:21:48.995285,40.642227332189904,61.863815467801544,0.896998618483519,29.020677991882312,50.498877840149795
Cairo,30.0444,31.2357,2025-02-20 11:21:48.995285,32.71771964870145,48.286393959973935,0.7900659984163836,80.49116903223252,54.12017768084785
Cairo,30.0444,31.2357,2025-02-21 11:21:48.995285,32.318546343241536,45.03883747037632,0.6490973590991291,20.710030168618047,52.69966388073777
Cairo,30.0444,31.2357,2025-02-22 11:21:48.995285,40.64737628591775,59.20119106581275,0.7493896484457195,25.735422746818447,51.537491559334256
Cairo,30.0444,31.2357,2025-02-23 11:21:48.995285,31.874204606177532,50.946497561521106,0.5173001359043736,29.96955193536005,49.70831619997241
Cairo,30.0444,31.2357,2025-02-24 11:21:48.995285,27.98167420043183,38.58536811455077,0.7142088543805545,23.205831244146964,54.49573373769466
Cairo,30.0444,31.2357,2025-02-25 11:21:48.995285,38.713748356418826,60.70566701857469,0.7087879875986687,29.97270803123766,58.08404471766514
Cairo,30.0444,31.2357,2025-02-26 11:21:48.995285,34.330285671384594,48.03826670701107,0.6095662033805099,26.151599209005575,60.58609620974032
Cairo,30.0444,31.2357,2025-02-27 11:21:48.995285,40.96946577453904,59.9078982076296,0.679463695300183,29.010659066172956,47.99801895143045
Cairo,30.0444,31.2357,2025-02-28 11:21:48.995285,39.13154237135905,57.94787558454815,0.6300780314231824,25.461751801365118,62.98190249433236
Cairo,30.0444,31.2357,2025-03-01 11:21:48.995285,26.20956130709881,42.87894812655443,0.6057665303979133,24.603598784614103,56.391307111413816
Cairo,30.0444,31.2357,2025-03-02 11:21:48.995285,41.51024060961874,62.31762282982847,0.7661012839062704,30.47777274621334,49.263709118917255
Cairo,30.0444,31.2357,2025-03-03 11:21:48.995285,44.40989040416932,66.18682528473059,0.8016139321801913,27.11977604764266,52.84822179262403
Cairo,30.0444,31.2357,2025-03-04 11:21:48.995285,40.05479344864457,58.211498106512835,0.7487350721446161,24.237421852373952,45.443235014060505
Cairo,30.0444,31.2357,2025-03-05 11:21:48.995285,40.22878361737349,61.387097319572064,1.9601374891524235,26.20140150470899,46.68043023178181
Cairo,30.0444,31.2357,2025-03-06 11:21:48.995285,33.590905115261045,49.36092078374962,0.630329950736128,23.22009640865833,63.35102338981947
Cairo,30.0444,31.2357,2025-03-07 11:21:48.995285,32.4126601482819,48.160982437535715,0.6552227400604548,25.221720179697474,51.19770065648496
Cairo,30.0444,31.2357,2025-03-08 11:21:48.995285,35.82232898145463,53.016784462211525,0.6732013207076044,28.466918210792713,57.32462018102949
Cairo,30.0444,31.2357,2025-03-09 11:21:48.995285,39.320708756393245,60.42078748376163,0.6072146135066333,24.37503006344312,54.02581741306609
Cairo,30.0444,31.2357,2025-03-10 11:21:48.995285,39.15304587083888,60.25314391121949,0.798969955322415,22.216125574525435,54.60811538017646
Cairo,30.0444,31.2357,2025-03-11 11:21:48.995285,32.445792247615636,46.88791139909478,0.672466736573788,21.916704737822688,56.29219392430722
Cairo,30.0444,31.2357,2025-03-12 11:21:48.995285,31.891382677394915,46.582558033277934,0.7682316483952999,25.014443355640214,43.960664078912785
Cairo,30.0444,31.2357,2025-03-13 11:21:48.995285,27.086042734385927,39.177306850890666,0.5507441150855303,22.34574564849371,60.89792563441501
Cairo,30.0444,31.2357,2025-03-14 11:21:48.995285,37.71821542689917,56.94402721585692,0.6208382668696354,20.443584737285292,53.73187373711019
Cairo,30.0444,31.2357,2025-03-15 11:21:48.995285,32.47870506369417,50.5314473004577,0.7744915683933411,21.118041033902255,51.620014784956
Cairo,30.0444,31.2357,2025-03-16 11:21:48.995285,32.86358947738686,49.6887148682605,0.7747308669008225,28.20970584314729,56.39325254775023
Cairo,30.0444,31.2357,2025-03-17 11:21:48.995285,42.94661520926732,60.03862742491562,0.5658917917267116,24.226502447487626,50.355264981117216
Cairo,30.0444,31.2357,2025-03-18 11:21:48.995285,37.23485175585288,57.37178400631323,0.7151650320383632,24.794745090924657,54.90542068431229
Cairo,30.0444,31.2357,2025-03-19 11:21:48.995285,35.790329691439645,50.98751280138525,0.71644815306706,21.688090519271846,52.936758755731326
Cairo,30.0444,31.2357,2025-03-20 11:21:48.995285,38.25703275332058,55.95506834907295,0.6112995881485317,22.80854101041186,57.214120002522705
Cairo,30.0444,31.2357,2025-03-21 11:21:48.995285,41.13662806045925,62.10180482078972,0.716370959767892,22.67551508112564,52.480605535612135
Cairo,30.0444,31.2357,2025-03-22 11:21:48.995285,25.870989106523766,38.638711945313865,0.5211226881778617,23.64888904248148,48.287488132359954
Cairo,30.0444,31.2357,2025-03-23 11:21:48.995285,31.05243104155271,48.324116963717316,0.5849222792288352,19.465090111272126,55.13256916886581
Cairo,30.0444,31.2357,2025-03-24 11:21:48.995285,32.6394480468519,47.73766680568001,0.735898235360323,27.66908591920136,51.847110437476886
Cairo,30.0444,31.2357,2025-03-25 11:21:48.995285,28.82535352557552,41.30480272258319,0.6772912896118933,24.30925616063356,43.970608549385226
Cairo,30.0444,31.2357,2025-03-26 11:21:48.995285,32.30531341552919,47.83468467312229,0.680770458368514,24.921968895135677,53.93541338333399
Cairo,30.0444,31.2357,2025-03-27 11:21:48.995285,25.78754719063007,40.635359457230734,0.653356165471403,27.01462600094291,50.12761371665693
Cairo,30.0444,31.2357,2025-03-28 11:21:48.995285,38.063386875025856,58.35442605470309,0.7227400696238544,26.73947292845017,54.4075190425628
Cairo,30.0444,31.2357,2025-03-29 11:21:48.995285,123.08692736205685,184.80468705893014,0.7256947852250288,22.454384620495794,48.26361890818244
Cairo,30.0444,31.2357,2025-03-30 11:21:48.995285,34.26832397666996,54.054412341010654,0.7444206510203799,25.945173267902746,46.363395170752945
Cairo,30.0444,31.2357,2025-03-31 11:21:48.995285,33.421923612745125,52.422597904728,0.6758745303153676,25.865226770948713,58.14869226163409
Cairo,30.0444,31.2357,2025-04-01 11:21:48.995285,35.851896468829594,55.35480917552992,0.6224548052211359,24.98034252645652,56.31293910870543
Cairo,30.0444,31.2357,2025-04-02 11:21:48.995285,20.657380761966767,28.630103496252982,0.6035349318045575,27.164276351540895,51.90984502427896
Cairo,30.0444,31.2357,2025-04-03 11:21:48.995285,35.10781715607698,54.22820380873122,0.5514453052101138,26.326845758595756,53.97358326452413
Cairo,30.0444,31.2357,2025-04-04 11:21:48.995285,31.373381812773847,46.655356226244415,0.6146978261365561,26.056529046594466,55.67533395317867
Cairo,30.0444,31.2357,2025-04-05 11:21:48.995285,34.6732057639789,51.219920184550176,0.5921392902538255,27.915286432911444,51.407380690807436
Cairo,30.0444,31.2357,2025-04-06 11:21:48.995285,26.629402236628366,38.57900041238813,0.810691240932185,23.84931250981403,45.24747097096907
Cairo,30.0444,31.2357,2025-04-07 11:21:48.995285,34.48059046018499,51.3774525625088,0.5435506430516187,23.879416752316224,52.61567675330798
Cairo,30.0444,31.2357,2025-04-08 11:21:48.995285,38.78813483948594,56.930694748927486,0.7496477225656372,26.105398325094338,55.95447171733902
Cairo,30.0444,31.2357,2025-04-09 11:21:48.995285,33.125600435755466,50.02790925353534,0.6167615884027102,23.053023093199716,53.731060615848456
Cairo,30.0444,31.2357,2025-04-10 11:21:48.995285,28.469631967912026,42.35856162984403,0.6204694266123847,24.97274106697739,50.8802733360421
Cairo,30.0444,31.2357,2025-04-11 11:21:48.995285,28.56515530420321,43.288809941594934,0.6787750544385347,21.786084213392165,53.225673627737194
Cairo,30.0444,31.2357,2025-04-12 11:21:48.995285,34.688940599246365,53.13995397484568,0.49430092668309245,16.565376931528895,49.09537649155009
Cairo,30.0444,31.2357,2025-04-13 11:21:48.995285,34.52886020310074,51.20455996160748,0.5536152660146922,25.133941261714153,55.241834039815785
Cairo,30.0444,31.2357,2025-04-14 11:21:48.995285,33.334273485724616,48.526823772488186,0.5069173934466885,18.629740774276048,56.56324826058537
Cairo,30.0444,31.2357,2025-04-15 11:21:48.995285,31.23292198239436,42.836577711463896,0.5903851123629584,21.11292518397544,43.149907934963274
Cairo,30.0444,31.2357,2025-04-16 11:21:48.995285,32.3024280227138,49.9949494672057,0.534833048741182,25.60384928700549,55.01111432660815
Cairo,30.0444,31.2357,2025-04-17 11:21:48.995285,30.828300583614716,46.39998140158304,0.7547712377232448,25.571710793560907,60.41569092345769
Cairo,30.0444,31.2357,2025-04-18 11:21:48.995285,29.111835435917087,43.3154003930524,0.5619904652449084,26.53393597918863,51.6523026255714
Cairo,30.0444,31.2357,2025-04-19 11:21:48.995285,34.66523707369264,54.34168837559357,0.379707466435649,16.879760389213317,53.73556525343788
Cairo,30.0444,31.2357,2025-04-20 11:21:48.995285,32.28830688474878,45.85541794035252,0.5813111745210607,23.75690159494853,45.371101361415306
Cairo,30.0444,31.2357,2025-04-21 11:21:48.995285,37.04860093371311,55.68538092439257,0.6926633946747136,22.02489061021065,45.87530475016901
Cairo,30.0444,31.2357,2025-04-22 11:21:48.995285,36.03673128632667,52.12697964854881,0.7720749328537486,25.690850089187187,47.131058502815236
Cairo,30.0444,31.2357,2025-04-23 11:21:48.995285,31.694703143339556,48.854066423361765,0.5831966876037828,27.082730005491495,45.948704141205866
Cairo,30.0444,31.2357,2025-04-24 11:21:48.995285,33.13752707614009,45.2540080559919,0.5515224713995156,18.653567066372474,41.1818163363134
Cairo,30.0444,31.2357,2025-04-25 11:21:48.995285,25.226481810778353,39.44775404163926,0.5988031665291025,22.553856990790276,46.65532029739535
Cairo,30.0444,31.2357,2025-04-26 11:21:48.995285,29.47477968128066,45.73748989625353,0.6387601553752484,24.929259984003103,51.4760058587549
Cairo,30.0444,31.2357,2025-04-27 11:21:48.995285,31.42490922716016,45.291338974469426,0.4813435008141598,21.341802502878945,40.57477369590665
Cairo,30.0444,31.2357,2025-04-28 11:21:48.995285,21.645386658714347,32.6007594062104,0.5667363025532433,27.516617626383137,47.734259844511115
Cairo,30.0444,31.2357,2025-04-29 11:21:48.995285,31.552298145100636,45.5254005376115,0.583150300501578,20.998185283389063,47.350034803264656
Cairo,30.0444,31.2357,2025-04-30 11:21:48.995285,24.453868526780866,37.53599571139544,0.5895803935831836,21.22439648987707,44.8684262890367
Cairo,30.0444,31.2357,2025-05-01 11:21:48.995285,24.845640135513722,38.90891841869592,0.5674168932932511,18.826857427119386,48.622966588791584
Cairo,30.0444,31.2357,2025-05-02 11:21:48.995285,26.28847498073821,37.42275313943211,0.485139854781708,22.42971334128315,47.917150405835784
Cairo,30.0444,31.2357,2025-05-03 11:21:48.995285,28.624546320836362,40.34332216750091,0.6094158588844933,12.833944825332749,43.80345524314546
Cairo,30.0444,31.2357,2025-05-04 11:21:48.995285,21.976994522140373,35.15836608461103,0.567885469541133,21.065275611093146,50.730159057931026
Cairo,30.0444,31.2357,2025-05-05 11:21:48.995285,32.739340499776475,52.991351932687635,0.5644220075245938,25.534970021129876,47.98723682444735
Cairo,30.0444,31.2357,2025-05-06 11:21:48.995285,29.181176019056213,44.760658141788504,0.45762888185597345,17.45674336330199,52.80850282139445
Cairo,30.0444,31.2357,2025-05-07 11:21:48.995285,37.755965562160824,57.770831320225476,0.6266401904361967,16.710627143832905,44.364462666264984
Cairo,30.0444,31.2357,2025-05-08 11:21:48.995285,29.467530470334488,43.537214547184035,0.46454903490292293,24.832234139130737,42.84186968078986
Cairo,30.0444,31.2357,2025-05-09 11:21:48.995285,30.656332641507134,46.34455497402109,0.7176899251095825,25.156261943633627,129.48338959198387
Cairo,30.0444,31.2357,2025-05-10 11:21:48.995285,23.367333588516914,35.75244295325451,0.43480764156167223,17.251264898604827,49.84656677808565
Cairo,30.0444,31.2357,2025-05-11 11:21:48.995285,21.561170349242943,31.97660965227478,0.625626030448205,26.433348977598946,42.96184754111983
Cairo,30.0444,31.2357,2025-05-12 11:21:48.995285,30.398837314391958,48.29797701561695,0.3552428065916482,22.448883645691243,43.0163661128723
Cairo,30.0444,31.2357,2025-05-13 11:21:48.995285,21.668759326864194,32.85662850236528,0.31687351088175675,24.213836167671268,53.007679347089805
Cairo,30.0444,31.2357,2025-05-14 11:21:48.995285,30.17597632569734,45.87516450884259,0.48385786852457296,18.6077549540734,36.227700319110475
Cairo,30.0444,31.2357,2025-05-15 11:21:48.995285,35.33028821831312,52.671506226789994,0.30998325986437447,25.36600987235414,133.4417982623204
Cairo,30.0444,31.2357,2025-05-16 11:21:48.995285,31.35691356060382,46.91469179003751,0.6055337176457797,20.009986294953233,42.13482645651425
Cairo,30.0444,31.2357,2025-05-17 11:21:48.995285,29.31022505037562,46.40275811784804,0.5269794934728392,19.79289121694305,40.93394316762615
Cairo,30.0444,31.2357,2025-05-18 11:21:48.995285,27.634967323572916,41.74426304741582,0.6658526982956314,22.090874645181696,37.16440951574304
Cairo,30.0444,31.2357,2025-05-19 11:21:48.995285,24.19679027515837,36.63377551776143,0.5056124616218123,19.38221965490003,38.35528810692212
Cairo,30.0444,31.2357,2025-05-20 11:21:48.995285,25.372561803106244,38.423246860444856,0.5432223747301008,15.91056502402894,39.377597761614425
Cairo,30.0444,31.2357,2025-05-21 11:21:48.995285,22.946721423694186,33.69105686171293,0.48865784117178473,20.782234872943878,43.63949975124613
Cairo,30.0444,31.2357,2025-05-22 11:21:48.995285,19.025111685488895,25.721787496925568,0.4246496010755269,19.346337282473034,45.16540472345655
Cairo,30.0444,31.2357,2025-05-23 11:21:48.995285,25.607359042953306,41.55618685865319,0.4679270115135339,17.91137732345193,31.751286075492146
Cairo,30.0444,31.2357,2025-05-24 11:21:48.995285,30.797629710047833,48.3330325888718,0.3847684355212485,23.850673665982107,34.3794518240482
Cairo,30.0444,31.2357,2025-05-25 11:21:48.995285,18.642077398531463,30.461203402366973,0.5404632584083584,27.22001502692065,42.868549259221375
Cairo,30.0444,31.2357,2025-05-26 11:21:48.995285,31.90641219512975,45.71458055458954,0.4674938589619949,17.199589448027172,43.03219101365365
Cairo,30.0444,31.2357,2025-05-27 11:21:48.995285,30.827736762036565,49.131445652340055,0.48481155296470996,61.38969315949549,32.294424417139545
Cairo,30.0444,31.2357,2025-05-28 11:21:48.995285,26.554771790014176,43.76589925907182,0.7737685808269829,18.5895700498097,43.72611004027081
Cairo,30.0444,31.2357,2025-05-29 11:21:48.995285,26.42309396771406,41.724285780116666,0.4476523656413961,26.564131741173977,39.02694387118537
Cairo,30.0444,31.2357,2025-05-30 11:21:48.995285,23.2949032101143,38.237999640212074,0.5158985833472866,21.08827195998907,42.574562327905866
Cairo,30.0444,31.2357,2025-05-31 11:21:48.995285,24.264715518504435,37.99277049427619,0.47567911238147054,22.308183388233974,34.323263223862924
Cairo,30.0444,31.2357,2025-06-01 11:21:48.995285,21.565482560626737,30.655008634180213,0.5934276242392965,22.987202635850323,31.374996285309436
Cairo,30.0444,31.2357,2025-06-02 11:21:48.995285,23.870708613370056,36.8213266609195,0.4980961978372736,19.74672067724717,36.52550905459571
Cairo,30.0444,31.2357,2025-06-03 11:21:48.995285,24.241138836488794,34.32102285518272,0.4436978894967262,18.71185399330124,36.491634031952586
Cairo,30.0444,31.2357,2025-06-04 11:21:48.995285,32.77814987237186,47.972476531558364,0.6966902547919664,23.742761879263437,35.95700519721359
Cairo,30.0444,31.2357,2025-06-05 11:21:48.995285,26.03041436463787,39.67818240413535,0.37807821833036265,21.434832199956904,35.35251469222622
Cairo,30.0444,31.2357,2025-06-06 11:21:48.995285,21.986255759593845,33.343420581150966,0.44128150471684185,16.478937026222276,45.51435272739908
Cairo,30.0444,31.2357,2025-06-07 11:21:48.995285,22.370257411750277,34.481536930297544,0.5489440602546909,16.75976133114926,28.29815365103051
Cairo,30.0444,31.2357,2025-06-08 11:21:48.995285,19.13065195610931,25.111799946715013,0.37212546732919344,17.679512128255627,32.321044693301566
Cairo,30.0444,31.2357,2025-06-09 11:21:48.995285,19.787632574597314,29.372972968380903,0.5271567730973531,22.242544769244645,34.20174879926226
Cairo,30.0444,31.2357,2025-06-10 11:21:48.995285,26.916823531434503,41.47323229248283,0.39931975323747204,23.102014966059752,36.16494293613442
Cairo,30.0444,31.2357,2025-06-11 11:21:48.995285,19.727857743854617,31.088533960900413,0.5442774910746616,25.05403152127517,39.351609368349926
Cairo,30.0444,31.2357,2025-06-12 11:21:48.995285,18.94519207369205,30.04533407170461,0.5383585884298274,16.390326025645805,39.8761171322775
Cairo,30.0444,31.2357,2025-06-13 11:21:48.995285,18.906366610491204,28.862066437850054,0.42837023901368265,18.855084367939487,40.68601244319535
Cairo,30.0444,31.2357,2025-06-14 11:21:48.995285,18.060019916871404,26.331581575352196,0.3340709786348045,17.152352239248657,37.466144185691675
Cairo,30.0444,31.2357,2025-06-15 11:21:48.995285,27.179802250010262,41.77264514536747,0.39172997228942424,17.72490140747945,26.165711167574777
Cairo,30.0444,31.2357,2025-06-16 11:21:48.995285,22.09637807201225,32.545140877437944,0.42617562460799696,20.981067909490342,26.252454690830625
Cairo,30.0444,31.2357,2025-06-17 11:21:48.995285,19.811347225452813,31.51913361197705,0.5132855281287104,17.973823142414773,40.07083038278909
Cairo,30.0444,31.2357,2025-06-18 11:21:48.995285,21.21050543271886,32.670374055667224,0.45333995242984976,21.979621631436114,39.50927843855583
Cairo,30.0444,31.2357,2025-06-19 11:21:48.995285,21.992892960467167,32.8658951471254,0.4719195624366622,16.40432486418941,37.039765982490515
Cairo,30.0444,31.2357,2025-06-20 11:21:48.995285,17.0135289949217,23.982303256867514,0.4499328229539387,20.09924735238579,29.523645628354735
Cairo,30.0444,31.2357,2025-06-21 11:21:48.995285,13.646834119673976,22.709202060587142,0.49651814463368515,16.469136225680515,31.779610967537078
Cairo,30.0444,31.2357,2025-06-22 11:21:48.995285,27.133446655608378,41.81826887609628,0.388777563046191,12.208793631188028,31.167077339968692
Cairo,30.0444,31.2357,2025-06-23 11:21:48.995285,25.228523639543646,42.04872481250291,0.42225709452262583,14.579797060610357,27.80895074988473
Cairo,30.0444,31.2357,2025-06-24 11:21:48.995285,22.02628589823128,34.09186737533281,0.4055829647848936,17.941025655496116,34.00115256302927
Cairo,30.0444,31.2357,2025-06-25 11:21:48.995285,24.58355154885276,38.09516110484598,0.35595607375611976,23.258284396675606,43.258721038121536
Cairo,30.0444,31.2357,2025-06-26 11:21:48.995285,29.41119633199611,41.186256867200164,0.4979582525848329,16.040925407111956,29.78092835921872
Cairo,30.0444,31.2357,2025-06-27 11:21:48.995285,17.015681002599777,26.144490262955788,0.4929181877695638,16.83878447249189,38.52292077638322
Cairo,30.0444,31.2357,2025-06-28 11:21:48.995285,13.947425327248183,20.288081484223355,0.5115307926901699,18.742807083681257,27.39469484203451
Cairo,30.0444,31.2357,2025-06-29 11:21:48.995285,22.711690482286475,35.72040030024794,0.3117122019243214,15.40378972892864,23.922845537421853
Cairo,30.0444,31.2357,2025-06-30 11:21:48.995285,11.928147471263907,18.561590093214026,0.42032646152688813,15.67986144588181,36.330894693741584
Cairo,30.0444,31.2357,2025-07-01 11:21:48.995285,19.312010746441164,30.938562481713593,0.49167965398321467,17.27741717216817,30.08915066777388
Cairo,30.0444,31.2357,2025-07-02 11:21:48.995285,17.491602285946986,30.502593656844372,0.529964829680439,15.682180675140495,37.33188283218299
Cairo,30.0444,31.2357,2025-07-03 11:21:48.995285,22.216592922410538,31.72816477271134,0.22607992181997694,11.574598293793269,38.12519826653197
Cairo,30.0444,31.2357,2025-07-04 11:21:48.995285,16.300997865255518,26.34490991693405,0.3739588190668768,14.905675807458618,29.176517959381677
Cairo,30.0444,31.2357,2025-07-05 11:21:48.995285,24.578301756151777,38.23463896784838,0.3526674349692576,18.634485493491113,37.08426048556797
Cairo,30.0444,31.2357,2025-07-06 11:21:48.995285,14.714018900253002,26.0296179261439,0.528052785499203,18.66222749634235,25.792380203991126
Cairo,30.0444,31.2357,2025-07-07 11:21:48.995285,21.848364664724848,34.183316137150484,0.14545224535002768,20.668381780010236,25.520046377744176
Cairo,30.0444,31.2357,2025-07-08 11:21:48.995285,14.860197351922746,23.4931168173716,0.259113655368268,20.36274098856768,35.14977100409467
Cairo,30.0444,31.2357,2025-07-09 11:21:48.995285,20.809460207254592,32.91709677293986,0.5046470166322414,13.83303099257181,21.861745014413007
Cairo,30.0444,31.2357,2025-07-10 11:21:48.995285,12.870934965456371,21.148934666118556,0.3119112874576203,14.235832602131428,29.408451497253115
Cairo,30.0444,31.2357,2025-07-11 11:21:48.995285,17.70266164738329,29.462732775596606,0.22631862929550417,14.307772152133419,35.483113514402845
Cairo,30.0444,31.2357,2025-07-12 11:21:48.995285,97.25952963975706,144.25053740086264,0.505292203335918,15.896027368012602,35.64058926177098
Cairo,30.0444,31.2357,2025-07-13 11:21:48.995285,18.16280589222275,26.459531282883475,0.20857412810773715,14.424079597787014,26.718330840524416
Cairo,30.0444,31.2357,2025-07-14 11:21:48.995285,23.388717630268157,38.55364868436324,0.4516702400592232,15.713084762801314,33.75615050966141
Cairo,30.0444,31.2357,2025-07-15 11:21:48.995285,17.229741472457484,21.92718231789406,0.19119666449101158,13.563965962379715,22.927015340843575
Cairo,30.0444,31.2357,2025-07-16 11:21:48.995285,14.725913284778873,21.91941143877206,0.2007700607195542,18.478796085520393,25.03989088440142
Cairo,30.0444,31.2357,2025-07-17 11:21:48.995285,18.003413922025107,27.304240855805997,0.3628841612822148,13.227559839528414,29.367299851044343
Cairo,30.0444,31.2357,2025-07-18 11:21:48.995285,20.13015464159036,29.841408202909875,0.2559325222204341,13.026369931217868,29.946012609402665
Cairo,30.0444,31.2357,2025-07-19 11:21:48.995285,7.407501098449767,14.27314771395529,0.36593751741199015,17.52828762596863,22.664166300762574
Cairo,30.0444,31.2357,2025-07-20 11:21:48.995285,19.446044707334238,30.120942625004517,0.5168968805393155,18.08420965464257,37.06331250520436
Cairo,30.0444,31.2357,2025-07-21 11:21:48.995285,12.03728214862091,17.28129501364089,0.31922777117885465,15.192861860816972,18.217372837718052
Cairo,30.0444,31.2357,2025-07-22 11:21:48.995285,10.698556291010135,14.779015814520772,0.49559363615567087,18.42733706866591,27.732137208496674
Cairo,30.0444,31.2357,2025-07-23 11:21:48.995285,19.24039276061154,29.424240297903488,0.3633793639614634,18.16411753242976,28.300801614727657
Cairo,30.0444,31.2357,2025-07-24 11:21:48.995285,23.14929293989909,37.05584748425417,0.42472280849243815,21.42580552162142,18.450369127530283
Cairo,30.0444,31.2357,2025-07-25 11:21:48.995285,17.450609643564977,26.452730688082625,0.09204829166133716,17.88306776360826,33.67351508820469
Cairo,30.0444,31.2357,2025-07-26 11:21:48.995285,9.505900053641291,13.990009411946271,0.38928920589302046,20.76307766079778,23.222023226833166
Cairo,30.0444,31.2357,2025-07-27 11:21:48.995285,12.847075408819498,17.880045735539856,0.3722739177518823,15.785726494401231,27.29209288476289
Cairo,30.0444,31.2357,2025-07-28 11:21:48.995285,14.028090899409491,21.790214025292837,0.2863816102755259,19.758591915178357,28.31933164892463
Cairo,30.0444,31.2357,2025-07-29 11:21:48.995285,17.02209179379459,26.170278735433733,0.5103852324745438,19.78310269084313,19.29112084823388
Cairo,30.0444,31.2357,2025-07-30 11:21:48.995285,15.607042735071689,21.962126970415163,0.2700080011030831,15.055379768946171,21.08897153696947
Cairo,30.0444,31.2357,2025-07-31 11:21:48.995285,18.370102716275365,29.60798642639929,0.1569916517956238,13.381355705694144,34.15606968486234
Cairo,30.0444,31.2357,2025-08-01 11:21:48.995285,20.824027892620734,34.64812845743866,0.39467897916279543,13.874054385146998,25.907087396879113
Cairo,30.0444,31.2357,2025-08-02 11:21:48.995285,17.48081566902384,26.319219439266515,0.17277422431788267,16.623918881322506,12.65035174317915
Cairo,30.0444,31.2357,2025-08-03 11:21:48.995285,20.183164152510724,30.87902151499139,0.32151389452378815,11.897259320424864,24.5295327841142
Cairo,30.0444,31.2357,2025-08-04 11:21:48.995285,14.282634981922135,19.214083231454794,0.44661015703262197,13.954400671554124,25.782270350367398
Cairo,30.0444,31.2357,2025-08-05 11:21:48.995285,32.05191086573355,49.552245349347835,0.3612956027819163,18.87788529489177,26.95543608933325
Cairo,30.0444,31.2357,2025-08-06 11:21:48.995285,18.28228716905955,28.35177918744425,0.28558886579354736,17.25869399627541,15.780187619157875
Cairo,30.0444,31.2357,2025-08-07 11:21:48.995285,18.883433190963743,27.672940827487633,0.27415117617542134,8.173677986267075,25.54824194428726
Cairo,30.0444,31.2357,2025-08-08 11:21:48.995285,24.20122588206622,34.81485378519533,0.43479069946893856,11.208469721604413,21.455972371027734
Cairo,30.0444,31.2357,2025-08-09 11:21:48.995285,15.806188528652392,27.40442328022191,0.1853143925980676,21.65930639630136,26.653114486600103
Cairo,30.0444,31.2357,2025-08-10 11:21:48.995285,12.093080612757928,18.905161391282892,0.3839179506699867,18.69901330867485,28.01261327781647
Cairo,30.0444,31.2357,2025-08-11 11:21:48.995285,21.810988263304083,30.881139803194664,0.524937237933958,13.390627372681514,27.41819769836307
Cairo,30.0444,31.2357,2025-08-12 11:21:48.995285,22.065609326682623,34.80950257485455,0.35914156536559805,10.65465073735285,32.37970802207141
Cairo,30.0444,31.2357,2025-08-13 11:21:48.995285,15.971394608834673,24.4164065388676,0.2802754237523839,11.353410354209025,36.25864529663157
Cairo,30.0444,31.2357,2025-08-14 11:21:48.995285,23.968872169421193,36.07109291478591,0.2874081492494854,16.612850368625214,19.58808412381473
Cairo,30.0444,31.2357,2025-08-15 11:21:48.995285,14.724089454136081,24.043248772279526,0.2547723321457839,21.001044321051577,23.300875999832062
Cairo,30.0444,31.2357,2025-08-16 11:21:48.995285,19.774638843292337,24.43643208897472,0.2371599753622284,20.79638457951957,28.885144864111236
Cairo,30.0444,31.2357,2025-08-17 11:21:48.995285,22.666521343833814,30.385702793515357,0.31355475694724816,10.317373199565154,24.49930846920082
Cairo,30.0444,31.2357,2025-08-18 11:21:48.995285,15.559076584439932,26.097052325733152,0.3692970835458499,14.146401922899447,11.487217033484932
Cairo,30.0444,31.2357,2025-08-19 11:21:48.995285,17.332937438174095,25.74156192436714,0.4620562870063991,12.45333029718279,24.110686780482013
Cairo,30.0444,31.2357,2025-08-20 11:21:48.995285,20.1634865377271,29.39168524483332,0.10501422219034326,15.42755641213682,31.22085141099726
Cairo,30.0444,31.2357,2025-08-21 11:21:48.995285,13.189903850285006,17.10934179876216,0.05651190885176055,11.017231758951255,18.05753537538756
Cairo,30.0444,31.2357,2025-08-22 11:21:48.995285,10.940444266557202,16.79836509813441,0.46323200009234483,13.368146290540343,26.11932683260821
Cairo,30.0444,31.2357,2025-08-23 11:21:48.995285,21.669446244014154,33.13868097737435,0.3058044199208713,12.400485242854124,15.469998458363152
Cairo,30.0444,31.2357,2025-08-24 11:21:48.995285,16.534662586763083,27.68362316413495,0.31096754455453784,16.571230464486845,29.35139832967546
Cairo,30.0444,31.2357,2025-08-25 11:21:48.995285,12.472144902650374,19.45310770435419,0.3501314309166072,13.455469687230217,26.20796030989256
Cairo,30.0444,31.2357,2025-08-26 11:21:48.995285,15.472898838604763,22.603732458470315,0.2813603314223153,13.887624405826259,22.16305357753817
Cairo,30.0444,31.2357,2025-08-27 11:21:48.995285,17.550161367435884,27.13659555489306,0.49766565665001483,16.536505349516503,22.921502175231463
Cairo,30.0444,31.2357,2025-08-28 11:21:48.995285,7.1691490972995995,12.972700770438617,0.34949578753121513,19.93538540859542,17.52812832657962
Cairo,30.0444,31.2357,2025-08-29 11:21:48.995285,18.60671475683892,29.692511496296483,0.2557749836382913,21.360701648593643,30.07828573438093
Cairo,30.0444,31.2357,2025-08-30 11:21:48.995285,17.08304105773775,26.867431169250114,0.2649979402667565,16.388443045406678,21.064461099006444
Cairo,30.0444,31.2357,2025-08-31 11:21:48.995285,23.333316336608366,35.54913820353766,0.2868033151725222,14.763188490102408,27.588225241729603
Cairo,30.0444,31.2357,2025-09-01 11:21:48.995285,13.982821320027604,19.811577555740502,0.22384497694166278,18.987630873282377,20.307114989347752
Cairo,30.0444,31.2357,2025-09-02 11:21:48.995285,21.98626221666776,30.913795700011327,0.4709622380296672,18.551831165597914,36.14302640614472
Cairo,30.0444,31.2357,2025-09-03 11:21:48.995285,14.903277869401073,19.972904659346234,0.3149259521366607,17.7086855855567,32.98808205574504
Cairo,30.0444,31.2357,2025-09-04 11:21:48.995285,15.85113227577602,24.564630989414145,0.1860551766267173,10.339609622597173,35.60161582611685
Cairo,30.0444,31.2357,2025-09-05 11:21:48.995285,16.591691541573883,25.88409745223098,0.3442589123687529,18.71799385815198,36.233049093717426
Cairo,30.0444,31.2357,2025-09-06 11:21:48.995285,25.687783212084042,40.72028378333386,0.4483346301567914,16.185362368304848,22.159670578701174
Cairo,30.0444,31.2357,2025-09-07 11:21:48.995285,9.06154246013784,14.715777394706484,0.4112615463377487,12.448390793521654,20.96783682808895
Cairo,30.0444,31.2357,2025-09-08 11:21:48.995285,17.77473667563927,28.763847911750823,0.23000616707888755,13.134052218317514,35.57971377520579
Cairo,30.0444,31.2357,2025-09-09 11:21:48.995285,15.55375780973759,23.069543453322545,0.1959448828551672,16.917397178344114,24.80854607500894
Cairo,30.0444,31.2357,2025-09-10 11:21:48.995285,15.24602635540213,24.41072445997583,0.4505062717433434,7.6594351492765735,29.749142930815083
Cairo,30.0444,31.2357,2025-09-11 11:21:48.995285,18.352705530432388,25.52611727178788,0.1463219989007944,14.84240637393149,22.553071189757997
Cairo,30.0444,31.2357,2025-09-12 11:21:48.995285,21.01944019355974,31.408788586587757,0.3468804526662425,13.279529740977956,22.71298679717619
Cairo,30.0444,31.2357,2025-09-13 11:21:48.995285,18.202196558638015,23.640323629479926,0.2540281928352751,13.001195328185716,29.965845847601237
Cairo,30.0444,31.2357,2025-09-14 11:21:48.995285,21.77746292556122,32.729363700553165,0.443393092998618,13.929140333705899,16.052790212048656
Cairo,30.0444,31.2357,2025-09-15 11:21:48.995285,14.406821748624711,24.05980559101913,0.20775913145563885,10.892612741635068,29.908316440351502
Cairo,30.0444,31.2357,2025-09-16 11:21:48.995285,15.481822070752893,23.363154406294885,0.2348447693070449,18.51973171355164,28.70924374522384
Cairo,30.0444,31.2357,2025-09-17 11:21:48.995285,10.785931360789748,17.62254702553107,0.37750859214362353,9.011459027541054,23.53465860750087
Cairo,30.0444,31.2357,2025-09-18 11:21:48.995285,25.77324856860435,39.20624328108917,0.3967259887906137,15.937222684475957,26.408996407502222
Cairo,30.0444,31.2357,2025-09-19 11:21:48.995285,14.99629952659085,21.353597664607555,0.454556917489936,12.92225729983699,27.299065469407903
Cairo,30.0444,31.2357,2025-09-20 11:21:48.995285,14.517616920801586,21.4031297604999,0.3673665397465129,21.452581691740154,27.690675216200976
Cairo,30.0444,31.2357,2025-09-21 11:21:48.995285,19.113500153538837,31.02961921760996,0.35655219146935746,15.608152583154762,30.070995092978876
Cairo,30.0444,31.2357,2025-09-22 11:21:48.995285,21.69472220418158,33.97543141788812,0.4280981119407157,9.209664019212019,22.664074897815322
Cairo,30.0444,31.2357,2025-09-23 11:21:48.995285,12.780676792967675,17.93582358854475,0.18776073116557238,17.261004703834647,40.35025257830743
Cairo,30.0444,31.2357,2025-09-24 11:21:48.995285,22.25887383884386,30.613367666468758,0.2385435892179854,12.384988093218677,25.96018443906098
Cairo,30.0444,31.2357,2025-09-25 11:21:48.995285,14.895851306245103,22.7574701264966,0.19956755340639784,18.66084739188049,26.465069564537927
Cairo,30.0444,31.2357,2025-09-26 11:21:48.995285,23.654926855861913,34.31863063625336,0.06146776088995615,17.604082538962437,36.97618997151857
Cairo,30.0444,31.2357,2025-09-27 11:21:48.995285,13.889270925237435,20.479036368329588,0.4160920926282292,20.214694463985666,18.245488264199217
Cairo,30.0444,31.2357,2025-09-28 11:21:48.995285,20.36553035998389,27.639450373786875,0.4767343862665881,16.405242119332744,37.20372184329101
Cairo,30.0444,31.2357,2025-09-29 11:21:48.995285,16.99878356654817,27.579681064844845,0.39130418577720466,18.35006361202774,28.145152240768002
Cairo,30.0444,31.2357,2025-09-30 11:21:48.995285,11.252720191451676,16.68512467264316,0.37569960224849297,16.07056717429044,25.176031833620755
Cairo,30.0444,31.2357,2025-10-01 11:21:48.995285,9.906566855087458,14.969170224900699,0.3482240262060001,14.224233188315447,22.381321978083534
Cairo,30.0444,31.2357,2025-10-02 11:21:48.995285,13.375779129319191,18.397808263188452,0.3473252532457257,19.24253651163313,21.790306539988425
Cairo,30.0444,31.2357,2025-10-03 11:21:48.995285,22.159825948861396,32.68496951157286,0.513463172963569,12.407068831869921,26.58644440663491
Cairo,30.0444,31.2357,2025-10-04 11:21:48.995285,7.590075752329657,11.630033181149022,0.5010355312111711,16.044004203562903,29.84869398191898
Cairo,30.0444,31.2357,2025-10-05 11:21:48.995285,19.086671781343945,27.403493219061893,0.28983578066899396,14.502774241070089,31.73789557018763
Cairo,30.0444,31.2357,2025-10-06 11:21:48.995285,18.764731735604368,27.71537410327321,0.4614858167257154,18.79142176239099,30.125499597435265
Cairo,30.0444,31.2357,2025-10-07 11:21:48.995285,9.234351612713931,16.624110268177546,0.47585934236043226,13.482872950197109,26.417705636111666
Cairo,30.0444,31.2357,2025-10-08 11:21:48.995285,13.779083896933713,17.168541906129946,0.4203105253153812,15.15528203064547,35.84290181012364
Cairo,30.0444,31.2357,2025-10-09 11:21:48.995285,13.889509498750414,21.20338765024829,0.3964267468219337,16.57345739471861,42.694166203210415
Cairo,30.0444,31.2357,2025-10-10 11:21:48.995285,18.268874085012232,25.832378993615368,0.3954356299384943,20.96587752078718,36.98125002441727
Cairo,30.0444,31.2357,2025-10-11 11:21:48.995285,25.461151241451866,40.86470684184657,0.21438801039835742,14.967187242392214,27.897753036496333
Cairo,30.0444,31.2357,2025-10-12 11:21:48.995285,23.630373448159666,35.084105570564944,0.2080429416693472,15.425105681047267,32.39373938459586
Cairo,30.0444,31.2357,2025-10-13 11:21:48.995285,16.582111575417,22.77885821434242,0.4460022151325802,12.647221830679445,32.90635490510787
Cairo,30.0444,31.2357,2025-10-14 11:21:48.995285,14.36661694308069,21.118705339249708,0.2602361594501741,13.807867903552392,38.28893862992356
Cairo,30.0444,31.2357,2025-10-15 11:21:48.995285,10.853807829701347,16.97998026002265,0.23398500318609647,18.061782252795126,28.777611650115652
Cairo,30.0444,31.2357,2025-10-16 11:21:48.995285,16.886490097850153,30.880980061929144,0.16804359994289292,16.985971785391765,25.844711601537558
Cairo,30.0444,31.2357,2025-10-17 11:21:48.995285,14.421295201551573,17.41232273966815,0.33073391980376826,17.101925094024757,36.54210340577758
Cairo,30.0444,31.2357,2025-10-18 11:21:48.995285,18.87199322186479,25.90975756282832,0.41848828027910023,22.25001135982513,33.11098517051652
Cairo,30.0444,31.2357,2025-10-19 11:21:48.995285,19.200716580849335,31.4115126322101,0.4293320266406292,12.07916489321909,25.744189332009284
Cairo,30.0444,31.2357,2025-10-20 11:21:48.995285,16.955052774769293,22.41465987688849,0.47171915949768656,24.119956149013436,35.02734195070787
Cairo,30.0444,31.2357,2025-10-21 11:21:48.995285,17.202425965872514,25.822902794507012,0.3503630700471466,20.7726474758262,40.904747608794466
Cairo,30.0444,31.2357,2025-10-22 11:21:48.995285,16.15097417944087,23.259731511084805,0.40312687698418614,16.33259513968588,28.461124734268168
Cairo,30.0444,31.2357,2025-10-23 11:21:48.995285,17.2034464436265,24.52432157189007,0.47989868404922176,18.55662032372578,27.6937579660463
Cairo,30.0444,31.2357,2025-10-24 11:21:48.995285,27.092867315006025,40.29491574129206,0.44466361421220474,15.408110027999335,32.52025460070465
Cairo,30.0444,31.2357,2025-10-25 11:21:48.995285,22.65128470758166,33.311561619054046,0.34275797936717717,18.488821877527755,35.99486422029824
Cairo,30.0444,31.2357,2025-10-26 11:21:48.995285,22.869412976065696,36.418242692538385,0.43421772964251376,24.055860995138364,32.444425739441876
Cairo,30.0444,31.2357,2025-10-27 11:21:48.995285,25.42421183093813,40.79290716129326,0.20886680498670285,15.74338402072965,38.718872315446774
Cairo,30.0444,31.2357,2025-10-28 11:21:48.995285,25.13531957860565,38.555587295229984,0.4103664371390113,17.062836466642892,34.580096327766405
Cairo,30.0444,31.2357,2025-10-29 11:21:48.995285,27.7960660343602,41.22195397586357,0.3516046804164149,15.565823375454203,38.56663446288833
Cairo,30.0444,31.2357,2025-10-30 11:21:48.995285,23.770154521459542,36.17217152380614,0.5684189507759424,16.12569115207362,30.13797239633383
Cairo,30.0444,31.2357,2025-10-31 11:21:48.995285,22.01084231150847,34.62631460075157,0.32197999064807187,16.784477959963283,27.839072156551374
Cairo,30.0444,31.2357,2025-11-01 11:21:48.995285,18.189509448162404,29.287660785051965,0.4345351772924627,14.787026202760089,32.51488044537804
Cairo,30.0444,31.2357,2025-11-02 11:21:48.995285,17.181994612183512,26.51308561224529,0.38317181625807645,17.36054108510522,27.721898503998293
Cairo,30.0444,31.2357,2025-11-03 11:21:48.995285,25.87452508688517,41.867110734413124,0.37344226761594934,18.394316576666277,36.74148053953
Cairo,30.0444,31.2357,2025-11-04 11:21:48.995285,21.06949611603602,30.37122006620434,0.47022860763332625,17.102935786113818,24.853636979995372
Cairo,30.0444,31.2357,2025-11-05 11:21:48.995285,14.987904627747255,24.761769533190392,0.39392573503103867,11.496365643891705,32.91731900135135
Cairo,30.0444,31.2357,2025-11-06 11:21:48.995285,11.485627265403085,18.637160623625906,0.6242148055339354,18.012440754606867,33.996394427928564
Cairo,30.0444,31.2357,2025-11-07 11:21:48.995285,32.8533147651013,48.05997139418121,0.24484422248528004,18.41577296946348,30.439581103711525
Cairo,30.0444,31.2357,2025-11-08 11:21:48.995285,17.350737306304943,26.49147772481336,0.5087254477093902,24.332834297159945,103.16657757825875
Cairo,30.0444,31.2357,2025-11-09 11:21:48.995285,19.015273462240945,29.125769349956084,0.44044986501115263,18.80368968496037,36.19105847676042
Cairo,30.0444,31.2357,2025-11-10 11:21:48.995285,28.75366195475211,42.8464280514148,0.4472338622392364,21.61339438756823,42.76607247880692
Cairo,30.0444,31.2357,2025-11-11 11:21:48.995285,16.73791170330741,24.800996555085373,0.48582794819214115,17.613293309910944,31.467497579746045
Cairo,30.0444,31.2357,2025-11-12 11:21:48.995285,25.606005013291202,35.359352256565614,0.5587543750750358,22.869000516618904,38.71011895784117
Cairo,30.0444,31.2357,2025-11-13 11:21:48.995285,32.227617061811365,46.96289116671477,0.4888619631045794,16.22523700878191,39.95539324663721
Cairo,30.0444,31.2357,2025-11-14 11:21:48.995285,33.85621999689109,50.307585730957584,0.5658743681345064,20.658501882448864,37.324760081426376
Cairo,30.0444,31.2357,2025-11-15 11:21:48.995285,21.21967037077343,30.68436877683334,0.4737784389123117,21.749552039923515,35.19515920906384
Cairo,30.0444,31.2357,2025-11-16 11:21:48.995285,23.56702781473774,33.639213585261146,0.369133275548035,21.39442451593715,32.24585909548105
Cairo,30.0444,31.2357,2025-11-17 11:21:48.995285,21.816000185898538,34.84618298508584,0.46704399984601647,25.891409206044756,47.689706619929716
Cairo,30.0444,31.2357,2025-11-18 11:21:48.995285,23.879231552095,35.61099715485314,0.5946722559594421,17.73139753768328,38.816677051530775
Cairo,30.0444,31.2357,2025-11-19 11:21:48.995285,30.631709847174832,50.28104821183511,0.4417389174296843,23.811525937156745,37.132748069500245
Cairo,30.0444,31.2357,2025-11-20 11:21:48.995285,17.315413360627414,26.418615039073643,0.3779591539485577,23.122923234165047,49.57571405568015
Cairo,30.0444,31.2357,2025-11-21 11:21:48.995285,27.72358730789366,43.66569134720988,0.551621515592022,19.890300887925843,40.33713792163074
Cairo,30.0444,31.2357,2025-11-22 11:21:48.995285,23.678295718326382,35.10119948755304,0.5267768297557063,25.345675062260945,52.20116463757607
Cairo,30.0444,31.2357,2025-11-23 11:21:48.995285,31.670371838582604,46.18220822602996,0.41946995989302593,19.47425875731722,32.66020542983891
Cairo,30.0444,31.2357,2025-11-24 11:21:48.995285,31.577099507045162,47.89134767083933,0.47669423571608666,20.06694966967772,38.81430566634428
Mumbai,19.076,72.8777,2024-11-24 11:21:48.995285,11.607959448982552,15.332453613969744,0.6043135735842204,21.1735971067377,37.78320388818829
Mumbai,19.076,72.8777,2024-11-25 11:21:48.995285,30.202751881817605,50.11787915529566,0.5052218036238584,19.230267204133213,35.900752737340255
Mumbai,19.076,72.8777,2024-11-26 11:21:48.995285,26.66716777638567,43.31845540849572,0.5709525290834954,21.980375517144203,45.950890587643116
Mumbai,19.076,72.8777,2024-11-27 11:21:48.995285,24.634065104492596,41.83804292640681,0.5527062479543571,22.65521344093396,44.447323321892455
Mumbai,19.076,72.8777,2024-11-28 11:21:48.995285,17.35407303767765,25.34531893863089,0.5302011433960492,23.27367206309796,32.14906888614524
Mumbai,19.076,72.8777,2024-11-29 11:21:48.995285,31.40484461463871,45.43689477383754,0.43033311655281636,22.225506920893896,40.755346717044254
Mumbai,19.076,72.8777,2024-11-30 11:21:48.995285,23.843033575343334,37.37754868934341,0.5368459269466606,21.267558281713956,36.02053283029853
Mumbai,19.076,72.8777,2024-12-01 11:21:48.995285,29.028296511162864,45.75850098874552,0.31751674023727045,21.453527936588866,45.79481286089932
Mumbai,19.076,72.8777,2024-12-02 11:21:48.995285,26.315821477590905,39.867186705510804,0.6346882728552965,21.786686715631628,50.65724941542864
Mumbai,19.076,72.8777,2024-12-03 11:21:48.995285,18.468596114486328,23.49541357354932,0.5658965358031973,18.89862654940233,45.00322724087834
Mumbai,19.076,72.8777,2024-12-04 11:21:48.995285,33.05564696583455,47.621261302374805,0.5183401254806219,19.744976477096472,38.771058828357674
Mumbai,19.076,72.8777,2024-12-05 11:21:48.995285,32.275184988404604,49.25778677381503,0.49557351427117347,22.148143477461506,47.27310493417474
Mumbai,19.076,72.8777,2024-12-06 11:21:48.995285,30.87121285904609,44.98647266086601,0.6064711550280992,22.976962456669387,42.824792744037254
Mumbai,19.076,72.8777,2024-12-07 11:21:48.995285,28.79345108880081,40.46015614614681,0.7281357106210475,19.156628976572758,42.95989844507725
Mumbai,19.076,72.8777,2024-12-08 11:21:48.995285,21.399333897168617,31.58368956611796,0.5852425428644339,17.963467883955502,41.15361794193853
Mumbai,19.076,72.8777,2024-12-09 11:21:48.995285,31.898353376516596,41.35425330255473,0.7412954445951774,48.752607640941385,44.35372305195362
Mumbai,19.076,72.8777,2024-12-10 11:21:48.995285,38.74457579594982,56.91025251866795,0.6328270530608177,17.57578490789175,43.724497538519216
Mumbai,19.076,72.8777,2024-12-11 11:21:48.995285,28.465503229922863,41.84620825846574,0.47715623701199195,19.82374007471834,32.30624948511026
Mumbai,19.076,72.8777,2024-12-12 11:21:48.995285,28.72765377120994,43.712274517347375,0.6097571702510114,20.184760427235005,44.703146300600324
Mumbai,19.076,72.8777,2024-12-13 11:21:48.995285,22.703500730412735,35.150493397478364,0.6032607412886404,20.757837975039514,44.130959283794446
Mumbai,19.076,72.8777,2024-12-14 11:21:48.995285,18.023229540037008,27.79026394187147,0.48690536804033924,18.072559262163708,46.79693818680799
Mumbai,19.076,72.8777,2024-12-15 11:21:48.995285,26.74118324192044,41.90627252880085,0.5299625888444721,16.33075353816907,35.27148099402972
Mumbai,19.076,72.8777,2024-12-16 11:21:48.995285,36.105586272904,53.822421087090106,0.5311898793426569,22.228312859907973,48.10588185894795
Mumbai,19.076,72.8777,2024-12-17 11:21:48.995285,35.575427630904976,50.45196533723263,0.5871552291647303,22.309222269665685,45.9279872512552
Mumbai,19.076,72.8777,2024-12-18 11:21:48.995285,28.687838500312825,43.12014677641593,0.5522937203261625,23.87144717118811,48.49799719370051
Mumbai,19.076,72.8777,2024-12-19 11:21:48.995285,31.32258249803272,45.232872573309734,0.6103054050844163,24.531082066306993,38.112268489986945
Mumbai,19.076,72.8777,2024-12-20 11:21:48.995285,92.94378858453442,136.70190876842608,0.6296237437823134,23.340952177936536,40.31803609660042
Mumbai,19.076,72.8777,2024-12-21 11:21:48.995285,30.038424709783868,46.21567002194525,0.7164127117194167,22.58514961528755,37.348506181634406
Mumbai,19.076,72.8777,2024-12-22 11:21:48.995285,27.01334699453279,37.69425486143993,0.6476240333963857,24.945769539120242,47.68484121089733
Mumbai,19.076,72.8777,2024-12-23 11:21:48.995285,30.06069417260732,46.45146031525215,0.525552686163432,26.66584617575728,45.455658280388946
Mumbai,19.076,72.8777,2024-12-24 11:21:48.995285,28.564488303074587,40.262414993366626,0.8098654014726427,20.438849066234926,46.686653620734596
Mumbai,19.076,72.8777,2024-12-25 11:21:48.995285,28.624178738962456,42.3551766838554,0.5321874653637452,24.854136733629268,40.66780731691317
Mumbai,19.076,72.8777,2024-12-26 11:21:48.995285,35.216150762323835,51.69618068063636,0.5659238836405077,20.744547975435854,41.80207406079356
Mumbai,19.076,72.8777,2024-12-27 11:21:48.995285,40.19966545740712,62.573288179937876,0.6673506163419872,23.347129091531514,35.589618236353076
Mumbai,19.076,72.8777,2024-12-28 11:21:48.995285,29.677074857544387,45.70428550379056,0.9000170314223234,25.970795667296596,41.55879111834358
Mumbai,19.076,72.8777,2024-12-29 11:21:48.995285,37.76016949234157,54.99176433293616,0.6534988964073952,22.01250558365042,45.25034544586192
Mumbai,19.076,72.8777,2024-12-30 11:21:48.995285,24.600181222284064,36.58508153736875,0.5520018674841679,20.04777077738645,45.720264840017705
Mumbai,19.076,72.8777,2024-12-31 11:21:48.995285,30.486073855418915,48.38793583704086,0.45501269548650836,21.5959974677647,48.582776057442935
Mumbai,19.076,72.8777,2025-01-01 11:21:48.995285,24.603800542079604,39.891740021697174,0.45111294568411753,20.183239708448124,52.9353029677904
Mumbai,19.076,72.8777,2025-01-02 11:21:48.995285,29.65864827551267,41.7503535403558,0.6255051684506832,19.887595364265874,45.88580054258123
Mumbai,19.076,72.8777,2025-01-03 11:21:48.995285,34.932817291385895,55.031619415509525,0.6815610371398098,26.796881698542098,51.97542993495435
Mumbai,19.076,72.8777,2025-01-04 11:21:48.995285,37.07946623676819,58.09849521182521,0.48774457853694075,24.840260309851132,53.620748480507494
Mumbai,19.076,72.8777,2025-01-05 11:21:48.995285,27.72371887644702,41.94280470953494,0.6545241437862149,21.14951194662262,55.67470955335425
Mumbai,19.076,72.8777,2025-01-06 11:21:48.995285,34.03476879169554,50.87063304182455,0.503531520608578,20.419043412808758,52.56558539648019
Mumbai,19.076,72.8777,2025-01-07 11:21:48.995285,38.020499410553874,55.92987781277213,0.5449700698225823,20.68904361266279,50.672229918846654
Mumbai,19.076,72.8777,2025-01-08 11:21:48.995285,37.43322125925861,53.6430241777583,0.703066497471921,21.338111352139936,45.09168883635375
Mumbai,19.076,72.8777,2025-01-09 11:21:48.995285,33.41135131937507,50.794913170941165,0.5675686814794725,27.0162577476942,52.037398166145486
Mumbai,19.076,72.8777,2025-01-10 11:21:48.995285,29.29051919794509,43.59566537945868,0.7757369809998745,23.287950270447176,48.97321944146453
Mumbai,19.076,72.8777,2025-01-11 11:21:48.995285,28.90999174903499,44.23482859411014,0.5886455983313865,30.07192825301876,57.91369408953894
Mumbai,19.076,72.8777,2025-01-12 11:21:48.995285,28.256470944561674,43.302327857201156,2.2810158091226818,23.615642814391254,51.660925532084796
Mumbai,19.076,72.8777,2025-01-13 11:21:48.995285,32.42500080643761,53.673304797368054,0.8781826800734567,22.064594587570486,50.57474252400283
Mumbai,19.076,72.8777,2025-01-14 11:21:48.995285,28.578371017941766,45.26092387559196,0.5793148275797506,26.630381803857837,58.620864124092584
Mumbai,19.076,72.8777,2025-01-15 11:21:48.995285,36.19315535262669,55.38356632628034,0.9026620375722283,18.891052098724607,49.29256100511605
Mumbai,19.076,72.8777,2025-01-16 11:21:48.995285,34.051140069206845,46.802786736653246,0.6595377424041493,24.520073347662937,51.84820372709578
Mumbai,19.076,72.8777,2025-01-17 11:21:48.995285,33.92869527354351,51.67766174409028,0.5970154875096855,20.37028293875529,62.067377262720186
Mumbai,19.076,72.8777,2025-01-18 11:21:48.995285,23.91301286183713,39.03405439073725,0.6327037010188744,17.51130526504369,53.504263345921075
Mumbai,19.076,72.8777,2025-01-19 11:21:48.995285,33.35366507653494,49.17657683376938,0.6239507741372075,23.75443962412728,57.94784114944402
Mumbai,19.076,72.8777,2025-01-20 11:21:48.995285,31.016114700359267,50.90553405896144,0.8064131552616972,26.660181885859107,59.98650996519848
Mumbai,19.076,72.8777,2025-01-21 11:21:48.995285,44.238272176950616,67.44513705709423,0.799907420373935,24.84486992923239,49.849959739263554
Mumbai,19.076,72.8777,2025-01-22 11:21:48.995285,27.098433216125464,41.23675978240458,0.8005602334681402,24.530291576498097,57.29113033114447
Mumbai,19.076,72.8777,2025-01-23 11:21:48.995285,32.56051667687218,46.85923536740005,0.5418115008380258,16.497476278873883,51.21771540595945
Mumbai,19.076,72.8777,2025-01-24 11:21:48.995285,35.590056113929414,56.3924848077647,0.6924215400265183,23.872390928510004,63.21154044157363
Mumbai,19.076,72.8777,2025-01-25 11:21:48.995285,28.89535311005392,41.68177696787717,0.5202089100133689,23.943892547338475,60.35648411487074
Mumbai,19.076,72.8777,2025-01-26 11:21:48.995285,43.48193853339077,64.09416051437032,0.7779233553057029,26.284122902470365,56.977474586438376
Mumbai,19.076,72.8777,2025-01-27 11:21:48.995285,43.66375418722734,61.733477271272854,0.6300309385668628,21.285512243137735,58.6027086467942
Mumbai,19.076,72.8777,2025-01-28 11:21:48.995285,29.704220381243687,46.34863826210403,0.7302339889877429,26.98712153046041,50.016508040207476
Mumbai,19.076,72.8777,2025-01-29 11:21:48.995285,31.111097154835857,47.84197604995,0.6312169119018496,23.006936028188417,62.192945590509176
Mumbai,19.076,72.8777,2025-01-30 11:21:48.995285,44.8753443507747,67.33342078126897,0.5072403028293041,23.67274057556343,49.1900138743031
Mumbai,19.076,72.8777,2025-01-31 11:21:48.995285,41.18606678825223,63.25959003545266,0.7727095820553826,26.18867487769946,55.8497336930513
Mumbai,19.076,72.8777,2025-02-01 11:21:48.995285,32.428683201868445,49.93500488626868,0.7817474513800746,21.069431483778107,50.34332460140176
Mumbai,19.076,72.8777,2025-02-02 11:21:48.995285,36.49555125877523,54.01229343552515,0.7007043580021715,27.141805296110363,58.30949658948685
Mumbai,19.076,72.8777,2025-02-03 11:21:48.995285,27.464918776029247,39.62770381345751,0.4768311670417686,20.63535579764045,62.82321025353229
Mumbai,19.076,72.8777,2025-02-04 11:21:48.995285,45.43965520934929,64.7289382839985,0.764154708609502,26.693508415131642,56.44166062095691
Mumbai,19.076,72.8777,2025-02-05 11:21:48.995285,34.87487292367523,51.9569567025081,0.6164524925317377,24.04886934564439,55.84125529758404
Mumbai,19.076,72.8777,2025-02-06 11:21:48.995285,37.49028027865836,53.619121815446896,0.7429045966816141,24.31986476119693,53.775432621079744
Mumbai,19.076,72.8777,2025-02-07 11:21:48.995285,29.936068177816193,45.229438465313706,0.643165676859045,15.61023260211006,54.91925726461797
Mumbai,19.076,72.8777,2025-02-08 11:21:48.995285,28.976945405054554,43.144583366697994,0.654351871033344,23.056424547546822,52.80740786085112
Mumbai,19.076,72.8777,2025-02-09 11:21:48.995285,36.95609564342715,54.63008187913757,0.7437745348364643,24.21965321135876,62.71770387361277
Mumbai,19.076,72.8777,2025-02-10 11:21:48.995285,44.32249992557483,68.57678220705927,0.61272959864159,29.51637507282923,58.58137267726799
Mumbai,19.076,72.8777,2025-02-11 11:21:48.995285,32.07609121672081,46.14140842105582,0.6789012557117219,24.78148256053939,52.930684123713824
Mumbai,19.076,72.8777,2025-02-12 11:21:48.995285,29.917549860301044,41.180359847647836,0.7472211798859351,22.947627685355663,55.02157221524762
Mumbai,19.076,72.8777,2025-02-13 11:21:48.995285,36.370392568662425,54.10480275887928,0.9135396761820547,27.42334370037503,69.34655904314843
Mumbai,19.076,72.8777,2025-02-14 11:21:48.995285,43.05945959546488,63.10930292621697,0.6900229566793946,23.421255729374256,56.17100931465618
Mumbai,19.076,72.8777,2025-02-15 11:21:48.995285,31.706380480072585,47.80270904254896,0.7819354304976949,28.046299910649864,62.113743826599276
Mumbai,19.076,72.8777,2025-02-16 11:21:48.995285,33.67275775256354,48.68194452784742,0.5812636271130881,25.745159215759244,52.000540354681576
Mumbai,19.076,72.8777,2025-02-17 11:21:48.995285,39.1278007250197,59.53275713127072,0.8683068658127266,22.27241952059916,57.28125288289523
Mumbai,19.076,72.8777,2025-02-18 11:21:48.995285,39.68126737153314,57.57613974447437,0.6183799900149389,27.79319159776579,51.81628591362446
Mumbai,19.076,72.8777,2025-02-19 11:21:48.995285,33.55103090503208,48.35914171002887,0.686245840123362,26.789733515347617,52.28332202213939
Mumbai,19.076,72.8777,2025-02-20 11:21:48.995285,40.467585377555174,61.93424772207329,0.7508086216422697,27.6792993758585,58.94524157380618
Mumbai,19.076,72.8777,2025-02-21 11:21:48.995285,37.636341880070816,56.36160882042361,0.6218585813843086,24.449901363665276,50.51078466215978
Mumbai,19.076,72.8777,2025-02-22 11:21:48.995285,35.07864066022357,50.24382637524546,2.424133620932314,26.802235917885405,49.03633975635427
Mumbai,19.076,72.8777,2025-02-23 11:21:48.995285,39.51218949225443,57.36465290558082,0.6338174132214714,30.761418870069495,58.42599760575731
Mumbai,19.076,72.8777,2025-02-24 11:21:48.995285,38.82219051543892,57.48765678885198,0.7830457240470681,25.51378661514931,52.55780937318013
Mumbai,19.076,72.8777,2025-02-25 11:21:48.995285,29.760399095341995,42.35467505707739,0.806679453507727,23.801803633090714,53.593191555210915
Mumbai,19.076,72.8777,2025-02-26 11:21:48.995285,42.406358392864085,63.03366767689378,0.7576188320507816,29.626277422429222,45.97761841460878
Mumbai,19.076,72.8777,2025-02-27 11:21:48.995285,36.70616893864114,54.553766226972975,0.7704265289575072,26.99091278011457,48.62227175877023
Mumbai,19.076,72.8777,2025-02-28 11:21:48.995285,41.84465704549399,60.93285577638407,0.9524192352667189,23.631833956834203,56.05327529486046
Mumbai,19.076,72.8777,2025-03-01 11:21:48.995285,35.21002147082189,54.115108875931675,0.7406754893862733,30.1809063562676,53.75869354698519
Mumbai,19.076,72.8777,2025-03-02 11:21:48.995285,36.17076515140012,52.21538282862735,0.7096353002280432,21.35603327844634,59.44473052479061
Mumbai,19.076,72.8777,2025-03-03 11:21:48.995285,36.90557392397196,57.849697412881085,0.7318461061712425,26.543064381882385,50.36810315128503
Mumbai,19.076,72.8777,2025-03-04 11:21:48.995285,37.621023429237134,55.994566807834126,0.8248681898867607,28.38285393367942,53.99985479496281
Mumbai,19.076,72.8777,2025-03-05 11:21:48.995285,42.50047858102754,62.4314009570417,0.9301171585520693,28.144975668040594,55.02164797486501
Mumbai,19.076,72.8777,2025-03-06 11:21:48.995285,37.16147241903957,56.820939515213894,0.6799387358716884,22.214725426978706,53.723256300429064
Mumbai,19.076,72.8777,2025-03-07 11:21:48.995285,34.656191037550705,52.05317907260022,0.6046848057950335,21.176387372551766,57.68174689255634
Mumbai,19.076,72.8777,2025-03-08 11:21:48.995285,39.80777083996106,61.23144165339472,0.8114570537835315,25.568571753316984,49.21127741946422
Mumbai,19.076,72.8777,2025-03-09 11:21:48.995285,36.87327688163847,51.30780152343578,0.5581148257482875,26.974835822364987,57.14325369601572
Mumbai,19.076,72.8777,2025-03-10 11:21:48.995285,49.457043334622796,75.21926785861301,0.719363434465058,21.605811219535507,60.214598379078836
Mumbai,19.076,72.8777,2025-03-11 11:21:48.995285,36.09179508986745,53.0991385498567,0.7231566196262182,25.722701202788034,50.33539150498255
Mumbai,19.076,72.8777,2025-03-12 11:21:48.995285,40.77550066720334,61.238419563120864,0.6810098492777361,20.42112972239247,56.3841123115804
Mumbai,19.076,72.8777,2025-03-13 11:21:48.995285,38.94722065397251,58.24449094984757,0.6858821816287194,27.95093791824664,56.09210252182091
Mumbai,19.076,72.8777,2025-03-14 11:21:48.995285,24.23412439395456,39.04441876820718,0.5244229554079147,23.0279601933038,57.1693581612587
Mumbai,19.076,72.8777,2025-03-15 11:21:48.995285,30.743670039308416,42.39451232542514,0.6017240912849511,24.221725235022475,54.14887285285945
Mumbai,19.076,72.8777,2025-03-16 11:21:48.995285,32.17169140390698,51.48572614947556,0.7810853520698194,27.277358012559922,61.14468188988121
Mumbai,19.076,72.8777,2025-03-17 11:21:48.995285,26.808982389665758,41.62636178038586,0.4820179068143533,26.967229826032664,64.51229639476064
Mumbai,19.076,72.8777,2025-03-18 11:21:48.995285,32.26662259120283,48.704206801288635,0.6762587231982918,26.043292141642464,56.989782504945296
Mumbai,19.076,72.8777,2025-03-19 11:21:48.995285,27.31990927068586,38.11281403587236,0.6522601368060632,27.676364855413706,55.33331519520288
Mumbai,19.076,72.8777,2025-03-20 11:21:48.995285,28.560221615722828,39.496196810004506,0.48287706055953183,25.780162948152455,53.72796559199773
Mumbai,19.076,72.8777,2025-03-21 11:21:48.995285,35.241469071159706,51.74031019677275,0.8499088053586391,28.85937735698686,46.982642416443156
Mumbai,19.076,72.8777,2025-03-22 11:21:48.995285,43.55538289292868,66.60328038761004,0.576141048926975,19.346844154884614,46.30052097985075
Mumbai,19.076,72.8777,2025-03-23 11:21:48.995285,27.069521803240512,40.592277473131055,0.732504135851225,24.261586396255662,47.5510328492296
Mumbai,19.076,72.8777,2025-03-24 11:21:48.995285,27.72269987876199,42.74053008538413,0.6291126799714015,24.09386351615996,54.52887918944587
Mumbai,19.076,72.8777,2025-03-25 11:21:48.995285,31.053366238467383,43.653336582587556,0.589855285845399,23.70161941424302,52.11194550652275
Mumbai,19.076,72.8777,2025-03-26 11:21:48.995285,32.895537136273106,49.43210505062508,0.6490303690680735,25.807997031443215,60.582714445651746
Mumbai,19.076,72.8777,2025-03-27 11:21:48.995285,25.832553443653715,40.939592915880176,0.6352290260284504,24.913598854332633,40.288898153275355
Mumbai,19.076,72.8777,2025-03-28 11:21:48.995285,29.95706586674747,47.839372340752476,0.6503764602056016,26.70070578021389,52.882372521361965
Mumbai,19.076,72.8777,2025-03-29 11:21:48.995285,29.402001540916032,41.59506785387895,0.5884899174647001,20.628008127075553,54.70582963449977
Mumbai,19.076,72.8777,2025-03-30 11:21:48.995285,34.85535544179652,51.57918841621171,0.5638723820787613,31.008405914719685,56.88373136230905
Mumbai,19.076,72.8777,2025-03-31 11:21:48.995285,35.29352408297522,52.258692013587286,0.763753252687142,22.909773925642455,52.964687746494405
Mumbai,19.076,72.8777,2025-04-01 11:21:48.995285,32.30099411977415,47.198761667537035,0.6619895514834523,24.89266882053344,53.921175537355936
Mumbai,19.076,72.8777,2025-04-02 11:21:48.995285,31.073005684618558,48.42504852466439,0.6532052260620383,23.362189598206587,52.82290241698983
Mumbai,19.076,72.8777,2025-04-03 11:21:48.995285,29.30799767752412,49.70494727100618,0.5679821649540583,24.171449228545995,53.98350926752825
Mumbai,19.076,72.8777,2025-04-04 11:21:48.995285,33.00673082376258,47.28266705698234,0.8124166939862776,22.269688702710226,51.526850571744454
Mumbai,19.076,72.8777,2025-04-05 11:21:48.995285,27.758457404587727,42.48722225460504,0.6440348649515869,24.43685210531002,62.03922187062939
Mumbai,19.076,72.8777,2025-04-06 11:21:48.995285,40.262858298794995,60.98535239852526,1.3828873393557992,25.503624350203445,54.1792250548173
Mumbai,19.076,72.8777,2025-04-07 11:21:48.995285,24.922711245544996,38.01803402905299,0.6758267669137187,16.500908145800473,52.10527752156632
Mumbai,19.076,72.8777,2025-04-08 11:21:48.995285,29.014056651612663,46.18707944974424,0.5694921272472556,22.662144393258597,47.25274086967464
Mumbai,19.076,72.8777,2025-04-09 11:21:48.995285,36.51777640667257,55.52325055843437,0.73461877900068,22.488646027259026,49.05369039132015
Mumbai,19.076,72.8777,2025-04-10 11:21:48.995285,30.06264953200103,40.82137824593074,0.7449598844641423,30.491123582600483,58.13435590168736
Mumbai,19.076,72.8777,2025-04-11 11:21:48.995285,35.292678377380376,50.06536838886698,0.7309496225937849,26.04661967473706,37.974338994305214
Mumbai,19.076,72.8777,2025-04-12 11:21:48.995285,40.39370330791977,58.45667326038517,0.590013991343012,27.904045904540965,50.49559600428958
Mumbai,19.076,72.8777,2025-04-13 11:21:48.995285,35.84615331857272,52.27209783837849,0.6223229378148027,25.01466692309124,49.89634357059528
Mumbai,19.076,72.8777,2025-04-14 11:21:48.995285,25.54143774286521,38.0329929670373,0.6558918336465142,23.522854892534617,52.32776944431057
Mumbai,19.076,72.8777,2025-04-15 11:21:48.995285,25.649405972946113,38.04469299282206,0.7176770743810394,24.30274559690905,50.95689776476123
Mumbai,19.076,72.8777,2025-04-16 11:21:48.995285,30.35062609578077,41.87914369061953,0.5219772441159166,26.512737253063253,57.01049749531069
Mumbai,19.076,72.8777,2025-04-17 11:21:48.995285,33.36808498773574,46.8347229556073,0.6323995159066687,28.326777874152025,49.7202997278452
Mumbai,19.076,72.8777,2025-04-18 11:21:48.995285,37.046918432235735,51.332414082256264,0.8071171065451392,23.914273841340663,48.70381980399082
Mumbai,19.076,72.8777,2025-04-19 11:21:48.995285,26.952918759939195,37.32135110629814,0.5640176901438547,21.070132060478766,53.575732564484774
Mumbai,19.076,72.8777,2025-04-20 11:21:48.995285,28.313202270243053,44.452131913082674,0.612147376623106,25.64258432942563,56.27073972569597
Mumbai,19.076,72.8777,2025-04-21 11:21:48.995285,29.34264208846849,43.47305672655078,0.8732666079754803,20.23842462837217,51.82807365682573
Mumbai,19.076,72.8777,2025-04-22 11:21:48.995285,29.098825765323134,41.74283076726813,0.584924426411013,23.89739620573694,159.70897600188624
Mumbai,19.076,72.8777,2025-04-23 11:21:48.995285,37.785526507011355,52.843138243975574,0.45226660398078466,24.697591394610143,46.87392956089693
Mumbai,19.076,72.8777,2025-04-24 11:21:48.995285,29.640388870173165,42.434935231817526,0.5974744153438442,22.256083942456044,48.36795989593347
Mumbai,19.076,72.8777,2025-04-25 11:21:48.995285,30.77768393490558,47.38089122417664,0.7675413182349561,19.791747912449853,54.94728756968483
Mumbai,19.076,72.8777,2025-04-26 11:21:48.995285,34.42014358337012,52.581543412835245,0.7029260013758847,21.067710007036585,49.92764790792149
Mumbai,19.076,72.8777,2025-04-27 11:21:48.995285,37.667034495602344,55.9956259334976,0.49626279961467956,21.406535374370982,45.857243236293876
Mumbai,19.076,72.8777,2025-04-28 11:21:48.995285,29.3830875301263,43.54055388378096,0.632720810073033,19.118755923381144,47.001353176563754
Mumbai,19.076,72.8777,2025-04-29 11:21:48.995285,35.70114464894931,50.00921288575486,0.5705192717886567,21.04430545463886,51.79353821678018
Mumbai,19.076,72.8777,2025-04-30 11:21:48.995285,38.388857252677994,56.031173270562235,0.6662034408114084,17.76910943974663,52.00614015116406
Mumbai,19.076,72.8777,2025-05-01 11:21:48.995285,28.54186105126643,43.923951245502245,0.5203314483910801,23.82016361994392,41.92968367413545
Mumbai,19.076,72.8777,2025-05-02 11:21:48.995285,26.11771044422987,37.826936307380734,0.6281698256446333,22.96797354336245,47.71681052508135
Mumbai,19.076,72.8777,2025-05-03 11:21:48.995285,39.71241607588074,62.81557692353399,0.7665668753803869,22.685634837311444,45.62640526529292
Mumbai,19.076,72.8777,2025-05-04 11:21:48.995285,34.222548054054094,53.744953129809986,0.3111061084945317,20.650875797043724,45.098026720427974
Mumbai,19.076,72.8777,2025-05-05 11:21:48.995285,28.518576861127666,41.870316450759084,0.628411721958011,20.971914501900947,51.835724442214584
Mumbai,19.076,72.8777,2025-05-06 11:21:48.995285,31.543892970787816,46.78510741361607,0.6977884038529444,19.160206198511943,43.75343653389833
Mumbai,19.076,72.8777,2025-05-07 11:21:48.995285,22.90618953559481,38.805434789602835,0.40698770994921,23.081047375091174,41.818720097661796
Mumbai,19.076,72.8777,2025-05-08 11:21:48.995285,33.5142222923711,51.96572327081707,0.48728287817739835,17.410043978913304,40.37573576725979
Mumbai,19.076,72.8777,2025-05-09 11:21:48.995285,18.80215478783448,28.343782594495856,0.5166757711216722,21.65244607498147,43.330725471960015
Mumbai,19.076,72.8777,2025-05-10 11:21:48.995285,32.98986562647942,49.856203589597165,0.4796420838387207,19.417235063307558,40.27875104702933
Mumbai,19.076,72.8777,2025-05-11 11:21:48.995285,23.861667464357048,36.09028581443648,0.46882306975392135,26.507042049501457,39.381423894518775
Mumbai,19.076,72.8777,2025-05-12 11:21:48.995285,19.033663702145844,28.516548365291573,0.5085868421558444,22.731876091095092,39.004734425123715
Mumbai,19.076,72.8777,2025-05-13 11:21:48.995285,17.128335298966423,23.550547853622145,0.6278736673875043,21.066268307561554,39.05010021106294
Mumbai,19.076,72.8777,2025-05-14 11:21:48.995285,24.585966000279324,36.07431641940094,0.6880998103107777,17.66529484692597,39.145931401816945
Mumbai,19.076,72.8777,2025-05-15 11:21:48.995285,30.353234986130413,42.65777344144627,0.6662187258572052,16.808275545600736,44.69176239417614
Mumbai,19.076,72.8777,2025-05-16 11:21:48.995285,19.678610822091475,30.96753742970268,0.6319414865997441,22.301435845764242,32.64219258104207
Mumbai,19.076,72.8777,2025-05-17 11:21:48.995285,20.28012902198718,30.155217958818636,0.7123713486960057,26.125381945424536,38.678221713880504
Mumbai,19.076,72.8777,2025-05-18 11:21:48.995285,23.81637936693249,37.2755385834362,0.728882399958291,21.87060106519504,41.43057312499756
Mumbai,19.076,72.8777,2025-05-19 11:21:48.995285,30.154355143644825,42.68267660059617,0.5389377131277306,21.084166602036124,47.41800820771612
Mumbai,19.076,72.8777,2025-05-20 11:21:48.995285,30.608014927404668,48.756180918316375,0.6620038755310778,21.04192403153332,40.188416051875066
Mumbai,19.076,72.8777,2025-05-21 11:21:48.995285,26.473216120844878,42.305244292311365,0.5578692156988749,20.695988296236607,40.39418034908858
Mumbai,19.076,72.8777,2025-05-22 11:21:48.995285,30.518980941112474,42.62961460434904,0.4904187511332824,20.91108059027958,40.46346564059629
Mumbai,19.076,72.8777,2025-05-23 11:21:48.995285,28.868276007100683,42.29065362109763,0.5036275753638965,18.159633943820523,31.526895226179327
Mumbai,19.076,72.8777,2025-05-24 11:21:48.995285,23.17324792343705,33.965213938073504,0.6064154346286863,17.208390608318517,43.682742108031654
Mumbai,19.076,72.8777,2025-05-25 11:21:48.995285,29.633630521831236,41.57465585585257,0.6482805158878004,20.370734688751618,43.216212804387204
Mumbai,19.076,72.8777,2025-05-26 11:21:48.995285,18.493042599320454,27.219827812701165,0.5563240371374387,24.437218158475584,43.94337584310305
Mumbai,19.076,72.8777,2025-05-27 11:21:48.995285,27.174247588779252,41.87755510981193,0.45523252346024434,22.201999698988608,52.14196366173446
Mumbai,19.076,72.8777,2025-05-28 11:21:48.995285,18.73970572307593,27.170700862760945,0.4424476607254093,16.084619852160635,32.862058489996
Mumbai,19.076,72.8777,2025-05-29 11:21:48.995285,25.11186992328708,34.24204106871309,0.3026288963482531,18.933365827436187,31.656667516484738
Mumbai,19.076,72.8777,2025-05-30 11:21:48.995285,30.31897371031441,47.02343677358519,0.5206161073476979,21.80005714048979,42.368539384493
Mumbai,19.076,72.8777,2025-05-31 11:21:48.995285,25.120623401403765,36.097543376893,0.5103819094156531,24.07792411837938,36.89450324681355
Mumbai,19.076,72.8777,2025-06-01 11:21:48.995285,23.820521680071355,34.358241041229824,0.37320446352485737,24.815567325444093,33.396973625489885
Mumbai,19.076,72.8777,2025-06-02 11:21:48.995285,24.84267372296171,40.626595394530234,0.5215608565644458,18.724110333768554,36.655964999106445
Mumbai,19.076,72.8777,2025-06-03 11:21:48.995285,26.858555491223232,41.0811417454177,1.5494204905879743,21.74369688397737,34.72129392074328
Mumbai,19.076,72.8777,2025-06-04 11:21:48.995285,34.04193996390768,49.4447909419313,0.319067355498745,19.933780013833005,46.18178014490809
Mumbai,19.076,72.8777,2025-06-05 11:21:48.995285,26.46453749487926,37.31861040948285,0.4318722850799979,18.741983771347524,48.61256273423307
Mumbai,19.076,72.8777,2025-06-06 11:21:48.995285,20.520701956902897,32.712834057138615,0.6015699939056693,19.20367559929455,28.87210019637903
Mumbai,19.076,72.8777,2025-06-07 11:21:48.995285,21.82152608048645,34.526379042346136,0.3939777645068275,19.15627125549971,29.414442202069875
Mumbai,19.076,72.8777,2025-06-08 11:21:48.995285,72.76524085459141,108.13439920840801,0.45570303420524283,22.373962907860346,32.74857492338129
Mumbai,19.076,72.8777,2025-06-09 11:21:48.995285,16.33358745763642,21.982361215653512,0.46664124434020415,14.551480372526122,32.847027084390916
Mumbai,19.076,72.8777,2025-06-10 11:21:48.995285,10.200964260656429,16.072644950596892,0.4446332819191966,20.08611102844154,32.168715375587794
Mumbai,19.076,72.8777,2025-06-11 11:21:48.995285,19.889682790233834,31.022367959055952,0.5128242698931963,23.217100504102078,34.825368974294186
Mumbai,19.076,72.8777,2025-06-12 11:21:48.995285,15.010683737932268,21.77054542421477,0.5341796064978019,22.81179847856027,33.31513370728795
Mumbai,19.076,72.8777,2025-06-13 11:21:48.995285,22.354196231066055,31.324967551736183,0.5638368608815497,20.14138512795023,28.535331421486006
Mumbai,19.076,72.8777,2025-06-14 11:21:48.995285,19.15854142081868,28.787329331502395,0.40276851073459025,16.081806360801714,29.924831562312143
Mumbai,19.076,72.8777,2025-06-15 11:21:48.995285,16.11626810667573,25.09790080138314,0.4832641980253872,20.602273326098512,42.54750947098682
Mumbai,19.076,72.8777,2025-06-16 11:21:48.995285,10.865335710151642,15.323805893191132,0.5116401825820805,22.16625168223307,32.78705280538008
Mumbai,19.076,72.8777,2025-06-17 11:21:48.995285,19.47622641106722,29.738126036053036,0.4126250637771942,16.56603903409421,32.29122606381058
Mumbai,19.076,72.8777,2025-06-18 11:21:48.995285,12.30217704060608,19.175212952320926,0.3493657751570502,19.104880943360172,26.493960121015633
Mumbai,19.076,72.8777,2025-06-19 11:21:48.995285,24.437249653269365,38.946802364376985,0.4324866269423904,17.33741043443698,31.543576981244854
Mumbai,19.076,72.8777,2025-06-20 11:21:48.995285,22.02448444744609,32.19536017752956,0.3544267788527347,16.033036719358098,38.4295070482946
Mumbai,19.076,72.8777,2025-06-21 11:21:48.995285,19.46082010373228,26.912718073552707,0.34147343374484396,16.85189621371797,36.3699756270896
Mumbai,19.076,72.8777,2025-06-22 11:21:48.995285,27.694669363192048,41.40736470371618,0.430832052113646,18.106058269525366,37.2168960872409
Mumbai,19.076,72.8777,2025-06-23 11:21:48.995285,20.337537484472303,33.881310360011476,0.3869364666429509,14.889494360484465,26.914622004510388
Mumbai,19.076,72.8777,2025-06-24 11:21:48.995285,22.06768372140435,29.57527742521996,0.4202976480512442,14.322306268542572,26.607820976350407
Mumbai,19.076,72.8777,2025-06-25 11:21:48.995285,23.424904126492464,30.511236248228954,0.2446289804738225,14.824972784650246,38.14855140918363
Mumbai,19.076,72.8777,2025-06-26 11:21:48.995285,17.254964331334136,25.666369347202487,0.37923280887319394,18.403390292607657,36.39043483410105
Mumbai,19.076,72.8777,2025-06-27 11:21:48.995285,17.136245634635692,24.94581784527157,0.16782750018696616,12.948911021163228,30.746735468492766
Mumbai,19.076,72.8777,2025-06-28 11:21:48.995285,19.754830215291424,29.21551531224103,0.28640489482822684,10.622859206133679,36.086594764135626
Mumbai,19.076,72.8777,2025-06-29 11:21:48.995285,12.671482127784165,18.51607538542884,0.37918879237149294,21.31956515891168,25.59117920257841
Mumbai,19.076,72.8777,2025-06-30 11:21:48.995285,28.188846550125028,44.29442378093701,0.5065578028948183,42.274423032484314,25.17107544244781
Mumbai,19.076,72.8777,2025-07-01 11:21:48.995285,19.92603820361817,29.804133798326117,0.4361280356581981,16.47904637182802,23.095915453039282
Mumbai,19.076,72.8777,2025-07-02 11:21:48.995285,17.979051813924546,28.60775652174414,0.38870287417679805,19.758746553648677,32.78299121664438
Mumbai,19.076,72.8777,2025-07-03 11:21:48.995285,29.27478886222957,38.95717603458626,0.33926858282148004,12.608798709133948,31.85432037274042
Mumbai,19.076,72.8777,2025-07-04 11:21:48.995285,13.20490903155038,18.749287103608324,0.3491881909555083,12.537860660372253,27.9564751801577
Mumbai,19.076,72.8777,2025-07-05 11:21:48.995285,26.260206486329075,37.759717357205716,0.5021669771406412,14.891977035215076,26.46721625339399
Mumbai,19.076,72.8777,2025-07-06 11:21:48.995285,22.514905426814117,29.203055196579285,0.25833386894113813,19.608132236030446,42.24539766117825
Mumbai,19.076,72.8777,2025-07-07 11:21:48.995285,23.90450879967866,36.06355636056993,0.29383340110113937,16.594741157958715,28.683387068855062
Mumbai,19.076,72.8777,2025-07-08 11:21:48.995285,17.314516532227735,25.77115483226564,0.4705208590913113,16.571904587913227,36.72873393051464
Mumbai,19.076,72.8777,2025-07-09 11:21:48.995285,18.346514338351856,26.58567628965711,0.32695103995243,15.647324709791777,28.869039424447937
Mumbai,19.076,72.8777,2025-07-10 11:21:48.995285,16.227697308547842,24.089593490757935,0.5527918765892471,18.15848623088997,26.91268230944901
Mumbai,19.076,72.8777,2025-07-11 11:21:48.995285,22.804941903893333,34.41419402222519,0.42553460566204315,20.707154926148064,36.31814384389253
Mumbai,19.076,72.8777,2025-07-12 11:21:48.995285,19.66310290735343,31.52085171191857,0.4695841955167597,25.30428574854879,33.00645729078267
Mumbai,19.076,72.8777,2025-07-13 11:21:48.995285,14.795354088308002,23.478090636432746,0.18919284575002146,15.849633049272658,28.761124722282812
Mumbai,19.076,72.8777,2025-07-14 11:21:48.995285,14.910540023202547,23.02291948950509,0.45540929677189407,20.814509457783032,34.378568145782936
Mumbai,19.076,72.8777,2025-07-15 11:21:48.995285,17.28704900530172,30.54505097574456,0.2622833091169995,19.17835135519574,41.14320338901804
Mumbai,19.076,72.8777,2025-07-16 11:21:48.995285,15.589742371446016,21.968467677618897,0.4165996487507371,16.926562858427104,24.714972546883615
Mumbai,19.076,72.8777,2025-07-17 11:21:48.995285,24.352365730506634,33.80874587950114,0.30649989891795243,9.441770082434413,30.57393540754554
Mumbai,19.076,72.8777,2025-07-18 11:21:48.995285,21.079246446847513,33.96717386561317,0.3630437690995302,14.8854241905069,26.01120622455203
Mumbai,19.076,72.8777,2025-07-19 11:21:48.995285,20.965760185305353,35.1823165037524,0.2280809825704505,14.952810490726417,23.230095701344318
Mumbai,19.076,72.8777,2025-07-20 11:21:48.995285,18.0042054779061,25.735923963544472,0.1646343497874392,16.993712220837146,22.940595297730596
Mumbai,19.076,72.8777,2025-07-21 11:21:48.995285,12.603928954964129,21.661497121849678,0.3497848033011482,15.275828679601677,35.566352749234355
Mumbai,19.076,72.8777,2025-07-22 11:21:48.995285,20.121282974164217,29.11501282646823,0.30343491487304175,14.13077582765423,18.337314772188726
Mumbai,19.076,72.8777,2025-07-23 11:21:48.995285,6.056596499998678,10.25440078101168,0.24157062619449532,21.863784547765185,29.860560932038027
Mumbai,19.076,72.8777,2025-07-24 11:21:48.995285,17.3270543037219,27.271127306008342,0.16093056724926666,19.652920713993016,23.05895206565143
Mumbai,19.076,72.8777,2025-07-25 11:21:48.995285,12.307984055738869,17.199870298566918,0.05986617156648588,9.61581871577624,35.915342837091295
Mumbai,19.076,72.8777,2025-07-26 11:21:48.995285,11.83735251072407,21.449478793090755,0.378014659336646,14.798206261897828,25.559021974688537
Mumbai,19.076,72.8777,2025-07-27 11:21:48.995285,13.883207181419051,24.74797601966624,0.2984910771779801,17.492707538250777,24.979778573985634
Mumbai,19.076,72.8777,2025-07-28 11:21:48.995285,15.699742495363775,21.507200725813938,0.26200203830968405,19.552433531888255,34.526686683028785
Mumbai,19.076,72.8777,2025-07-29 11:21:48.995285,15.924528981986795,24.288901965743218,0.3421132923376679,14.260873272032873,30.94641105053744
Mumbai,19.076,72.8777,2025-07-30 11:21:48.995285,19.917632740658764,31.705453661750084,0.4207692655646846,14.837109697610098,29.220797886943092
Mumbai,19.076,72.8777,2025-07-31 11:21:48.995285,15.024529798732388,18.771628022551674,0.3448357266732206,15.731330260928779,30.369990326115676
Mumbai,19.076,72.8777,2025-08-01 11:21:48.995285,15.31549606273727,23.02570532040299,0.2721703724658333,17.397624280220814,20.819877665280384
Mumbai,19.076,72.8777,2025-08-02 11:21:48.995285,8.779028796886271,9.862187515788982,0.5283907050730501,10.771935729438999,29.84420519479428
Mumbai,19.076,72.8777,2025-08-03 11:21:48.995285,9.365820083638708,15.38369863177996,0.2502799455434067,9.300246806897308,25.043869963555217
Mumbai,19.076,72.8777,2025-08-04 11:21:48.995285,17.066531755607905,25.77174402112872,0.17166064001506626,19.079244230390376,27.751403301379824
Mumbai,19.076,72.8777,2025-08-05 11:21:48.995285,18.7257304730914,27.341057523624077,0.32142933509387644,12.315970006657817,28.281347480450147
Mumbai,19.076,72.8777,2025-08-06 11:21:48.995285,14.214024823893775,18.18723441902233,0.28477160542654717,21.62617075584787,20.22203088378089
Mumbai,19.076,72.8777,2025-08-07 11:21:48.995285,20.127979864442405,28.994766168813022,0.4039732250015188,12.640877208187794,28.66389802974746
Mumbai,19.076,72.8777,2025-08-08 11:21:48.995285,8.373362225579733,13.598437299439794,0.25562756749505194,14.651537664016764,24.68744629533367
Mumbai,19.076,72.8777,2025-08-09 11:21:48.995285,17.35798812834387,25.9550419504571,0.290790499632352,16.28844658041203,19.348334541653422
Mumbai,19.076,72.8777,2025-08-10 11:21:48.995285,11.061734140312115,18.97766286714581,0.2198356682710939,8.764440528541968,24.74810422199383
Mumbai,19.076,72.8777,2025-08-11 11:21:48.995285,10.6250671910847,18.193117851235705,0.3863422128669134,23.732582814014236,25.518352621139957
Mumbai,19.076,72.8777,2025-08-12 11:21:48.995285,11.415314873252267,19.29356175446986,0.3191548896919283,13.934956715942157,28.328001196854288
Mumbai,19.076,72.8777,2025-08-13 11:21:48.995285,14.800035239149839,21.124515493513826,0.27655878539669354,12.586395993035069,13.364339436280893
Mumbai,19.076,72.8777,2025-08-14 11:21:48.995285,17.365219127819124,26.63777927709374,0.2884156529940949,11.586264741614368,27.196782869683563
Mumbai,19.076,72.8777,2025-08-15 11:21:48.995285,16.955414545438437,23.50265333789136,0.30067932009154674,16.155519691501443,22.651477466365584
Mumbai,19.076,72.8777,2025-08-16 11:21:48.995285,13.660813177988983,17.971350938680835,0.158528386194864,15.929175144010701,29.219203378567354
Mumbai,19.076,72.8777,2025-08-17 11:21:48.995285,18.250196072180795,29.739000904255946,0.41804802535882357,11.646540320933427,25.123958308677008
Mumbai,19.076,72.8777,2025-08-18 11:21:48.995285,23.501138474075905,32.87865966626374,0.4117514613205398,10.917890875553002,23.43423973921404
Mumbai,19.076,72.8777,2025-08-19 11:21:48.995285,57.807563526951306,84.12343785222517,0.30504697672012787,18.190242263497126,24.18591835210823
Mumbai,19.076,72.8777,2025-08-20 11:21:48.995285,15.507389851263516,23.471474089013153,0.29404917493659044,39.14874966309237,26.717165184643004
Mumbai,19.076,72.8777,2025-08-21 11:21:48.995285,11.962178499778128,17.401915989717157,0.20075076651642998,9.84736538383889,29.57078962537588
Mumbai,19.076,72.8777,2025-08-22 11:21:48.995285,13.051410140313191,19.208678638002255,0.4729575531179636,14.56183613880909,20.561247777849204
Mumbai,19.076,72.8777,2025-08-23 11:21:48.995285,21.246273519871163,36.4807192945974,0.4486362003626131,13.797089839197724,23.288506492528125
Mumbai,19.076,72.8777,2025-08-24 11:21:48.995285,21.29412450556846,29.952254056336855,0.33945614160989096,20.850506474827142,32.3479803742723
Mumbai,19.076,72.8777,2025-08-25 11:21:48.995285,13.994755207283767,21.982199233764202,0.3820066607199227,13.433491953866124,69.58374131256693
Mumbai,19.076,72.8777,2025-08-26 11:21:48.995285,17.4535733106398,26.353745081884984,0.42309439639314045,14.076479411269604,26.839721124377977
Mumbai,19.076,72.8777,2025-08-27 11:21:48.995285,19.60978632439857,31.433357342446982,0.402897003244141,15.662118499333179,18.8402901429734
Mumbai,19.076,72.8777,2025-08-28 11:21:48.995285,12.783060594689072,17.603013145999615,0.21469341862402705,13.295217367131414,16.45093222684919
Mumbai,19.076,72.8777,2025-08-29 11:21:48.995285,8.497209012945934,12.296883847399087,0.2694223563361206,16.336245647130617,19.83910107813785
Mumbai,19.076,72.8777,2025-08-30 11:21:48.995285,18.487354787318317,27.95932551973725,0.3476344193645108,11.969789089913093,21.61175477770392
Mumbai,19.076,72.8777,2025-08-31 11:21:48.995285,19.53975901170987,26.441996145103754,0.3214889118520547,14.31097214936917,30.286287216828633
Mumbai,19.076,72.8777,2025-09-01 11:21:48.995285,18.824171906532005,24.625157201117418,0.37686146501838125,16.259330696627515,30.86429817216787
Mumbai,19.076,72.8777,2025-09-02 11:21:48.995285,13.229930928579568,19.803299114168667,0.3663860412817517,18.463249741055776,15.524411039212449
Mumbai,19.076,72.8777,2025-09-03 11:21:48.995285,22.742059933105153,36.78836477288111,0.3272272443476845,13.304691303209882,22.483532667630897
Mumbai,19.076,72.8777,2025-09-04 11:21:48.995285,16.576585624746375,24.16047097492265,0.04273156600175082,13.28325068066994,28.721839733921037
Mumbai,19.076,72.8777,2025-09-05 11:21:48.995285,9.448987456048858,13.743311993865875,0.4210223337747612,19.717162398268993,24.753637323769738
Mumbai,19.076,72.8777,2025-09-06 11:21:48.995285,7.241079287791482,13.16303038461926,0.3883339132737649,13.455297418589154,32.855067206502284
Mumbai,19.076,72.8777,2025-09-07 11:21:48.995285,13.773024368501694,20.36190471269806,0.5121013218574539,14.959273261107304,28.7559978830702
Mumbai,19.076,72.8777,2025-09-08 11:21:48.995285,16.42341843199774,26.188945594272923,0.25823745707254053,20.28793869145773,24.11061565078332
Mumbai,19.076,72.8777,2025-09-09 11:21:48.995285,13.902869708122862,26.18723998324461,0.12256139947801292,15.373672423780784,24.62055407953179
Mumbai,19.076,72.8777,2025-09-10 11:21:48.995285,25.356514155474134,36.880642632981576,0.2897292091895528,14.45108485515677,25.299104078891254
Mumbai,19.076,72.8777,2025-09-11 11:21:48.995285,17.457569365304607,25.832244605769073,0.3544210685693506,14.699345767414664,21.42669061731671
Mumbai,19.076,72.8777,2025-09-12 11:21:48.995285,10.623691155611176,16.72797302120639,0.26558481055502026,13.023361411774648,30.43022293382019
Mumbai,19.076,72.8777,2025-09-13 11:21:48.995285,4.19232733473495,9.271738514611837,0.44806008932378416,16.62436799326542,29.528198277300614
Mumbai,19.076,72.8777,2025-09-14 11:21:48.995285,16.77650966658018,24.93451094595795,0.24601483990348944,12.528652113191871,28.17351296913372
Mumbai,19.076,72.8777,2025-09-15 11:21:48.995285,20.606398160241522,32.36813573984738,0.3031440218890667,17.666340391570927,27.2053150144411
Mumbai,19.076,72.8777,2025-09-16 11:21:48.995285,25.043419207357175,38.26089904206452,0.2898926705681462,15.407938117729785,20.995885851146987
Mumbai,19.076,72.8777,2025-09-17 11:21:48.995285,14.778228391411487,22.022862655662067,0.5932368883846826,16.10156471815852,28.70639667995922
Mumbai,19.076,72.8777,2025-09-18 11:21:48.995285,24.468715641937457,35.86223027512829,0.2265666363511773,20.618464320667336,26.933592540543753
Mumbai,19.076,72.8777,2025-09-19 11:21:48.995285,9.13522367588206,12.484404955724722,0.3769703845581566,11.117693779011999,36.40613828283252
Mumbai,19.076,72.8777,2025-09-20 11:21:48.995285,14.284151073547122,27.55727840707252,0.1999530755535547,15.575111626782125,20.039081465643243
Mumbai,19.076,72.8777,2025-09-21 11:21:48.995285,11.00819926461895,13.430202446994578,0.3559002055528688,17.454338401886048,23.003802863660276
Mumbai,19.076,72.8777,2025-09-22 11:21:48.995285,20.119829444320185,27.287164805438373,0.2277397800055473,13.730961479474825,18.805764565263715
Mumbai,19.076,72.8777,2025-09-23 11:21:48.995285,9.735696049298458,15.093024969733845,0.4348161154952486,18.473890291895444,25.771525464001005
Mumbai,19.076,72.8777,2025-09-24 11:21:48.995285,73.33673830250869,110.41163945163261,0.41732159063584545,14.028659605981991,18.28365783907858
Mumbai,19.076,72.8777,2025-09-25 11:21:48.995285,10.203213560086365,16.157525999848474,0.3553992339878941,16.58104940276954,33.04604880670584
Mumbai,19.076,72.8777,2025-09-26 11:21:48.995285,25.29073684998162,36.18701524017108,0.19089363450201605,15.380431416981272,32.71393017143792
Mumbai,19.076,72.8777,2025-09-27 11:21:48.995285,14.72253575602126,20.030858643955103,0.3265558886462183,16.282263272064313,26.592564023529608
Mumbai,19.076,72.8777,2025-09-28 11:21:48.995285,18.578122982104222,27.29619081488609,0.3033521043789795,16.06599305815539,22.463831663361034
Mumbai,19.076,72.8777,2025-09-29 11:21:48.995285,7.841371353314077,13.577285507766963,0.41874397576424605,15.79672016084662,20.057338957667483
Mumbai,19.076,72.8777,2025-09-30 11:21:48.995285,9.41059833449045,12.080428644848535,0.24744334691455677,14.521903505463948,24.307591041687548
Mumbai,19.076,72.8777,2025-10-01 11:21:48.995285,13.11940676567699,19.981359782309983,0.45523393048030925,13.999080191794064,31.106440539083994
Mumbai,19.076,72.8777,2025-10-02 11:21:48.995285,21.343134071278342,30.990182028652878,0.43854957546398826,16.993229215084725,24.200551698698998
Mumbai,19.076,72.8777,2025-10-03 11:21:48.995285,20.49249392026001,27.689779064479566,0.2065007370354428,16.256639146599664,37.838443113971955
Mumbai,19.076,72.8777,2025-10-04 11:21:48.995285,22.732801536660332,31.536386941652307,0.3241567265779613,14.076632139245444,35.91225479623168
Mumbai,19.076,72.8777,2025-10-05 11:21:48.995285,9.868287799292268,16.62312725909054,0.3432052913163998,17.23862344564887,28.629532589843745
Mumbai,19.076,72.8777,2025-10-06 11:21:48.995285,20.064625989391068,28.889273070506864,0.4512003683966624,14.877479540771148,26.486077408542258
Mumbai,19.076,72.8777,2025-10-07 11:21:48.995285,14.846342431522586,24.757131007719234,0.2842345280941611,20.989234874116896,26.122765156807954
Mumbai,19.076,72.8777,2025-10-08 11:21:48.995285,13.723037934629248,20.510061662165864,0.37603160926758705,71.54796223730568,37.13722322819136
Mumbai,19.076,72.8777,2025-10-09 11:21:48.995285,15.197295456571187,20.060290730427788,0.4675745274120811,20.608857430671748,26.041674007986924
Mumbai,19.076,72.8777,2025-10-10 11:21:48.995285,17.423077759148203,27.089014444651202,0.38523526588253654,20.502681969367927,34.1799698578921
Mumbai,19.076,72.8777,2025-10-11 11:21:48.995285,21.43469440760198,30.549359324488684,0.17685735204368816,19.007238302741236,29.803169556986504
Mumbai,19.076,72.8777,2025-10-12 11:21:48.995285,23.86959031611493,35.050695028299224,0.3156592040600356,15.998287251053648,33.4511567871267
Mumbai,19.076,72.8777,2025-10-13 11:21:48.995285,20.989014459282487,33.74896995461199,0.45809631674223295,10.994645761201255,25.973494268521993
Mumbai,19.076,72.8777,2025-10-14 11:21:48.995285,21.680058070754512,29.9407299974833,0.4482116346595703,13.681834465911347,28.60596360686663
Mumbai,19.076,72.8777,2025-10-15 11:21:48.995285,27.76092473099626,40.74215662900369,0.147974472837489,14.792620072120169,30.34760288812903
Mumbai,19.076,72.8777,2025-10-16 11:21:48.995285,22.264897973624127,31.23028295514667,0.395664429372842,20.512977616362416,27.512465685034137
Mumbai,19.076,72.8777,2025-10-17 11:21:48.995285,17.846057141386588,24.38841986187118,0.4729050820451763,17.72601147926892,37.11896779514559
Mumbai,19.076,72.8777,2025-10-18 11:21:48.995285,21.958256804482726,31.991002830155796,0.4349471114238191,15.047796205210846,27.25755904725834
Mumbai,19.076,72.8777,2025-10-19 11:21:48.995285,27.73022678660423,39.880200693594325,0.44919744498378184,11.560439609926574,28.402835190141996
Mumbai,19.076,72.8777,2025-10-20 11:21:48.995285,14.981179110572636,21.92395461967563,0.5928912907912604,72.3627960118626,38.2929737737731
Mumbai,19.076,72.8777,2025-10-21 11:21:48.995285,17.320962076607113,27.259123236974272,0.3851676234082563,18.837764102050823,37.538106486463214
Mumbai,19.076,72.8777,2025-10-22 11:21:48.995285,26.87058703136343,38.80415954388845,0.42287662020300476,20.035503642593874,39.869816288553665
Mumbai,19.076,72.8777,2025-10-23 11:21:48.995285,18.313479339191993,24.533853545463124,0.3013673273714301,15.77594024320123,22.607400069129074
Mumbai,19.076,72.8777,2025-10-24 11:21:48.995285,23.734738937351224,36.88506039804834,0.33479869893354547,17.04080846875111,33.3735495874277
Mumbai,19.076,72.8777,2025-10-25 11:21:48.995285,26.507680783390153,38.24636376936937,0.36804746618204776,16.49952588478031,33.04477337075587
Mumbai,19.076,72.8777,2025-10-26 11:21:48.995285,13.933559203978579,24.55587680869525,0.4892257976613205,17.799341016305547,30.010327976033913
Mumbai,19.076,72.8777,2025-10-27 11:21:48.995285,18.322384237019453,26.66558407808653,0.3325290678641221,23.219610132772782,34.669042885743
Mumbai,19.076,72.8777,2025-10-28 11:21:48.995285,26.54115300279265,39.539779134099554,0.5338164406120879,14.1460099395296,31.669351222139838
Mumbai,19.076,72.8777,2025-10-29 11:21:48.995285,20.04011107945673,25.451982021961594,0.30412825831532936,17.712329571355042,34.31832745375775
Mumbai,19.076,72.8777,2025-10-30 11:21:48.995285,10.735101514158764,13.77918487963358,0.4805217697697091,18.996655580691943,50.75147377186487
Mumbai,19.076,72.8777,2025-10-31 11:21:48.995285,18.43527124272967,23.0946257637737,0.47490905804979694,17.642108235128596,35.56333398255268
Mumbai,19.076,72.8777,2025-11-01 11:21:48.995285,25.11567821179108,38.26169195977205,0.44861512748344234,21.05765751427846,36.01070689686031
Mumbai,19.076,72.8777,2025-11-02 11:21:48.995285,27.685220069122163,41.364236600511,0.5245189573265648,12.94444401803594,38.56022853171911
Mumbai,19.076,72.8777,2025-11-03 11:21:48.995285,21.7174652713103,33.83644432782716,0.3550106387143047,23.882926519614443,35.59808082233601
Mumbai,19.076,72.8777,2025-11-04 11:21:48.995285,24.04367904560885,37.68033852031575,0.3858827497951172,14.200827883270335,29.44699312528791
Mumbai,19.076,72.8777,2025-11-05 11:21:48.995285,19.942002752063164,31.835947999063528,0.3394107468441466,15.003328683240694,26.947396428898163
Mumbai,19.076,72.8777,2025-11-06 11:21:48.995285,26.466708821128734,39.24998285728383,0.43991695549869947,17.12703436515351,35.27972631664612
Mumbai,19.076,72.8777,2025-11-07 11:21:48.995285,29.241153457243037,44.032555747021334,0.4303093047342103,16.614829962761895,34.32720836492446
Mumbai,19.076,72.8777,2025-11-08 11:21:48.995285,26.121417925931354,40.34001093165469,0.5312538743433803,19.913719581796247,26.10261722308006
Mumbai,19.076,72.8777,2025-11-09 11:21:48.995285,21.85563331627445,31.19399393459732,0.4876105100346957,19.649309009135155,44.316664331371115
Mumbai,19.076,72.8777,2025-11-10 11:21:48.995285,24.783827666147918,35.299716605795396,0.5212071792374077,19.14730715556196,36.9549237267383
Mumbai,19.076,72.8777,2025-11-11 11:21:48.995285,27.543224375643916,44.394971042951525,0.43590278758057965,14.6367472809918,43.868359078259616
Mumbai,19.076,72.8777,2025-11-12 11:21:48.995285,23.087463440709723,31.018866744306624,0.4995465475174429,18.556120226315265,25.7641210815099
Mumbai,19.076,72.8777,2025-11-13 11:21:48.995285,27.120377982370982,41.6805751442022,0.6436281997801423,19.118064137447117,44.46903463112997
Mumbai,19.076,72.8777,2025-11-14 11:21:48.995285,25.138613446004076,38.39034360209082,0.33118716277671956,22.840357467443283,35.00457743752581
Mumbai,19.076,72.8777,2025-11-15 11:21:48.995285,30.553700808420736,43.58391006348863,0.2852288086062168,19.826786546004186,43.981157099286165
Mumbai,19.076,72.8777,2025-11-16 11:21:48.995285,27.1279005091806,39.356164646849074,0.5362355478205676,20.46157843421963,39.015160787349274
Mumbai,19.076,72.8777,2025-11-17 11:21:48.995285,21.30513256680738,31.244016790230663,0.3911041176636819,25.286444321150135,40.463162086108184
Mumbai,19.076,72.8777,2025-11-18 11:21:48.995285,30.991453074931783,46.920524183925274,0.34120653237251497,16.004171409955404,40.72605973967995
Mumbai,19.076,72.8777,2025-11-19 11:21:48.995285,26.44062797384462,40.36428449920708,0.536197819237154,18.405853106119462,36.58483952838069
Mumbai,19.076,72.8777,2025-11-20 11:21:48.995285,23.613296038012777,35.35808496865989,0.38580189962502304,16.24843825589633,35.735389913617915
Mumbai,19.076,72.8777,2025-11-21 11:21:48.995285,17.71378486280458,26.947462558476833,0.6435816750653699,24.561459859229437,37.4199040441808
Mumbai,19.076,72.8777,2025-11-22 11:21:48.995285,25.812678529063387,40.03791833034916,0.5087626390730603,24.852422923499006,32.12412978416203
Mumbai,19.076,72.8777,2025-11-23 11:21:48.995285,34.00231091048947,52.22999282542554,0.4762967454993963,24.499511277957502,37.33824813919541
Mumbai,19.076,72.8777,2025-11-24 11:21:48.995285,11.353118749599755,20.09829093736281,0.41784195825508236,21.6421914896924,36.5160427312818
