name,latitude,longitude,timestamp,gamma,beta,alpha,ambient_dose_rate
Kyiv,50.4501,30.5234,2024-11-24 11:21:48.995285,0.09051083479175163,0.04610073526889181,0.03173379646692438,0.16834536652756782
Kyiv,50.4501,30.5234,2024-11-25 11:21:48.995285,0.11764576554071393,0.055495990827028885,0.002845292386217832,0.17598704875396065
Kyiv,50.4501,30.5234,2024-11-26 11:21:48.995285,0.1096661317588313,0.043424227000356065,0.0042779040654551586,0.15736826282464253
Kyiv,50.4501,30.5234,2024-11-27 11:21:48.995285,0.09815064380004308,0.048182029496589916,0.02259101755380312,0.16892369085043613
Kyiv,50.4501,30.5234,2024-11-28 11:21:48.995285,0.11204422573985265,0.05051414918937276,0.0339986489669791,0.19655702389620452
Kyiv,50.4501,30.5234,2024-11-29 11:21:48.995285,0.08979671286325813,0.0509866870028875,0.005859786853873908,0.14664318672001952
Kyiv,50.4501,30.5234,2024-11-30 11:21:48.995285,0.09278587535919762,0.049620042062156394,0.003871298003885736,0.14627721542523975
Kyiv,50.4501,30.5234,2024-12-01 11:21:48.995285,0.09511618321659654,0.05258013912997638,0.007467463171522045,0.15516378551809498
Kyiv,50.4501,30.5234,2024-12-02 11:21:48.995285,0.0960830106404925,0.05415067263965539,0.011640126414462555,0.16187380969461043
Kyiv,50.4501,30.5234,2024-12-03 11:21:48.995285,0.09097751177904029,0.05444473183061806,0.003194817179565926,0.14861706078922426
Kyiv,50.4501,30.5234,2024-12-04 11:21:48.995285,0.11394376211276804,0.04592744667756826,0.013336001120802155,0.17320720991113844
Kyiv,50.4501,30.5234,2024-12-05 11:21:48.995285,0.09929372309473412,0.049520358059572236,0.0005303940438718155,0.14934447519817817
Kyiv,50.4501,30.5234,2024-12-06 11:21:48.995285,0.105576094682255,0.05699933680872779,0.000505509308122376,0.16308094079910518
Kyiv,50.4501,30.5234,2024-12-07 11:21:48.995285,0.09651570146590485,0.055582843502890195,0.004882290358062499,0.15698083532685755
Kyiv,50.4501,30.5234,2024-12-08 11:21:48.995285,0.08418069465457434,0.044329066572624434,0.004361406153665401,0.13287116738086416
Kyiv,50.4501,30.5234,2024-12-09 11:21:48.995285,0.1052541065350761,0.053034165977341945,0.0037926127023876857,0.1620808852148057
Kyiv,50.4501,30.5234,2024-12-10 11:21:48.995285,0.08359703182114328,0.04146866454079648,0.006753460896468937,0.1318191572584087
Kyiv,50.4501,30.5234,2024-12-11 11:21:48.995285,0.10219848386795141,0.05167708667470489,0.0038674186064988443,0.15774298914915513
Kyiv,50.4501,30.5234,2024-12-12 11:21:48.995285,0.08936606185823479,0.06101344120701133,0.0021351247744299524,0.15251462783967606
Kyiv,50.4501,30.5234,2024-12-13 11:21:48.995285,0.12308545660923173,0.04686688472211689,0.0037029520730588322,0.17365529340440744
Kyiv,50.4501,30.5234,2024-12-14 11:21:48.995285,0.11248885621768835,0.04751599927051266,0.036850576788188864,0.19685543227638988
Kyiv,50.4501,30.5234,2024-12-15 11:21:48.995285,0.10459429913447853,0.05558852951874616,0.005295216724374391,0.16547804537759908
Kyiv,50.4501,30.5234,2024-12-16 11:21:48.995285,0.11633431220545343,0.04413461513840514,0.005882697799283968,0.16635162514314253
Kyiv,50.4501,30.5234,2024-12-17 11:21:48.995285,0.09539347428777871,0.04876454188179284,0.008593080041840838,0.1527510962114124
Kyiv,50.4501,30.5234,2024-12-18 11:21:48.995285,0.10944967367876067,0.054989645633938634,0.04094790766610069,0.2053872269788
Kyiv,50.4501,30.5234,2024-12-19 11:21:48.995285,0.10617004036331032,0.048914538774614574,0.0027654601110677487,0.15785003924899263
Kyiv,50.4501,30.5234,2024-12-20 11:21:48.995285,0.10696795673884102,0.050984028026697305,0.0114344892650929,0.16938647403063123
Kyiv,50.4501,30.5234,2024-12-21 11:21:48.995285,0.1172058284184718,0.05596207526027723,0.012587271462934225,0.18575517514168324
Kyiv,50.4501,30.5234,2024-12-22 11:21:48.995285,0.11196042373682655,0.05442548177219707,0.009347714960388028,0.17573362046941163
Kyiv,50.4501,30.5234,2024-12-23 11:21:48.995285,0.10767457502940812,0.05372776118205595,0.0009274963440079736,0.16232983255547204
Kyiv,50.4501,30.5234,2024-12-24 11:21:48.995285,0.08838888113931682,0.050773266354449696,0.011297076030472879,0.1504592235242394
Kyiv,50.4501,30.5234,2024-12-25 11:21:48.995285,0.09548624648572641,0.0543936602956053,0.0006624099462875629,0.15054231672761928
Kyiv,50.4501,30.5234,2024-12-26 11:21:48.995285,0.10400706673769827,0.05199841463632897,0.009066935563182683,0.16507241693720995
Kyiv,50.4501,30.5234,2024-12-27 11:21:48.995285,0.10631377545814952,0.05497905390732043,0.01345464087165402,0.17474747023712398
Kyiv,50.4501,30.5234,2024-12-28 11:21:48.995285,0.09422231588493696,0.05027751644024821,0.0023695079741946246,0.14686934029937979
Kyiv,50.4501,30.5234,2024-12-29 11:21:48.995285,0.1297837843186954,0.051920663909557886,0.01842770745761794,0.2001321556858712
Kyiv,50.4501,30.5234,2024-12-30 11:21:48.995285,0.12097194328707374,0.047954212404508936,0.00030824021993599405,0.16923439591151868
Kyiv,50.4501,30.5234,2024-12-31 11:21:48.995285,0.11196845007353247,0.052798595384772634,0.01856700398734173,0.18333404944564685
Kyiv,50.4501,30.5234,2025-01-01 11:21:48.995285,0.10680513731398872,0.04898738003243141,0.006167956781969939,0.16196047412839007
Kyiv,50.4501,30.5234,2025-01-02 11:21:48.995285,0.10409837778539716,0.047540001491394375,0.002453737461825311,0.15409211673861684
Kyiv,50.4501,30.5234,2025-01-03 11:21:48.995285,0.09683513840867942,0.05447046724372783,0.0014361421961938275,0.1527417478486011
Kyiv,50.4501,30.5234,2025-01-04 11:21:48.995285,0.10726110079553845,0.054306846684463214,0.03064164607508018,0.19220959355508185
Kyiv,50.4501,30.5234,2025-01-05 11:21:48.995285,0.1091938715838503,0.05722254176595425,0.0007544103152392309,0.1671708236650438
Kyiv,50.4501,30.5234,2025-01-06 11:21:48.995285,0.09432683043351321,0.05121659024628924,0.0022201096784897427,0.14776353035829218
Kyiv,50.4501,30.5234,2025-01-07 11:21:48.995285,0.11021229184468564,0.055475528070302114,0.004274382809073824,0.1699622027240616
Kyiv,50.4501,30.5234,2025-01-08 11:21:48.995285,0.10544199278226898,0.056251279496626554,0.009682022408988973,0.1713752946878845
Kyiv,50.4501,30.5234,2025-01-09 11:21:48.995285,0.08803849064404384,0.055782152150566845,0.007870207803470636,0.15169085059808132
Kyiv,50.4501,30.5234,2025-01-10 11:21:48.995285,0.0986325902751641,0.04948995177746885,0.001342670830781798,0.14946521288341474
Kyiv,50.4501,30.5234,2025-01-11 11:21:48.995285,0.10321811489542342,0.05442390252617588,0.00342107260823604,0.16106309002983532
Kyiv,50.4501,30.5234,2025-01-12 11:21:48.995285,0.12634659745036747,0.05555556191875609,0.00272795786510522,0.18463011723422879
Kyiv,50.4501,30.5234,2025-01-13 11:21:48.995285,0.11314858933012321,0.05382742137693253,0.0024021704555933256,0.16937818116264908
Kyiv,50.4501,30.5234,2025-01-14 11:21:48.995285,0.09433933257784047,0.04341468584256427,0.005295741788075499,0.14304976020848023
Kyiv,50.4501,30.5234,2025-01-15 11:21:48.995285,0.11266332140488412,0.05470392737522128,0.012175020890595358,0.17954226967070075
Kyiv,50.4501,30.5234,2025-01-16 11:21:48.995285,0.09243641667818413,0.0650173834807701,0.002452012078556946,0.15990581223751116
Kyiv,50.4501,30.5234,2025-01-17 11:21:48.995285,0.1188405214206175,0.05220660909708847,0.004567776864231982,0.17561490738193797
Kyiv,50.4501,30.5234,2025-01-18 11:21:48.995285,0.10340414407189484,0.0504173098057602,0.00495801432353727,0.15877946820119232
Kyiv,50.4501,30.5234,2025-01-19 11:21:48.995285,0.10727840364563243,0.05597412556506906,0.037489067553667564,0.20074159676436906
Kyiv,50.4501,30.5234,2025-01-20 11:21:48.995285,0.12156967273908,0.0557177441841619,0.03093705848387592,0.20822447540711783
Kyiv,50.4501,30.5234,2025-01-21 11:21:48.995285,0.09553454837050229,0.06016676785525447,0.016101260629157194,0.17180257685491396
Kyiv,50.4501,30.5234,2025-01-22 11:21:48.995285,0.09452698906414536,0.0479597446780932,0.002766220220129904,0.14525295396236845
Kyiv,50.4501,30.5234,2025-01-23 11:21:48.995285,0.10275164631929799,0.05795072105425398,0.0007046250167707582,0.16140699239032275
Kyiv,50.4501,30.5234,2025-01-24 11:21:48.995285,0.11905835205748914,0.057289392079905306,0.0038112007453192888,0.18015894488271375
Kyiv,50.4501,30.5234,2025-01-25 11:21:48.995285,0.09356545629667401,0.053668725841018484,0.0031032932910236228,0.15033747542871612
Kyiv,50.4501,30.5234,2025-01-26 11:21:48.995285,0.08051911911832796,0.05611377413932527,0.007050695709406195,0.14368358896705943
Kyiv,50.4501,30.5234,2025-01-27 11:21:48.995285,0.10440822488050551,0.05960719414028953,0.015038530172563102,0.17905394919335813
Kyiv,50.4501,30.5234,2025-01-28 11:21:48.995285,0.11451371669563164,0.05885973124840347,0.019542050287976433,0.19291549823201154
Kyiv,50.4501,30.5234,2025-01-29 11:21:48.995285,0.12107275562541465,0.04881997250364454,0.01863453677968022,0.18852726490873942
Kyiv,50.4501,30.5234,2025-01-30 11:21:48.995285,0.10450966626099936,0.0586714308747041,0.004457802954879003,0.16763890009058244
Kyiv,50.4501,30.5234,2025-01-31 11:21:48.995285,0.10509544680600633,0.05428141341342058,0.011623010700110075,0.17099987091953697
Kyiv,50.4501,30.5234,2025-02-01 11:21:48.995285,0.12081442417834945,0.05500207890797357,0.0037517967311876156,0.17956829981751063
Kyiv,50.4501,30.5234,2025-02-02 11:21:48.995285,0.09064095529127505,0.055035171099123106,0.0006283921189922632,0.14630451850939044
Kyiv,50.4501,30.5234,2025-02-03 11:21:48.995285,0.10551335282758886,0.05394806534571818,0.012092040152918222,0.1715534583262253
Kyiv,50.4501,30.5234,2025-02-04 11:21:48.995285,0.11136020277352202,0.060686519422671045,9.876161699253505e-05,0.1721454838131856
Kyiv,50.4501,30.5234,2025-02-05 11:21:48.995285,0.11400275237580189,0.05433669278222971,0.00526248255940149,0.17360192771743307
Kyiv,50.4501,30.5234,2025-02-06 11:21:48.995285,0.10446428133401024,0.04918344349104369,0.00399551531771512,0.15764324014276904
Kyiv,50.4501,30.5234,2025-02-07 11:21:48.995285,0.10995570795578143,0.05283799963951286,0.011821380553414716,0.17461508814870902
Kyiv,50.4501,30.5234,2025-02-08 11:21:48.995285,0.08477412584241867,0.055722173272326654,0.014534837431308588,0.1550311365460539
Kyiv,50.4501,30.5234,2025-02-09 11:21:48.995285,0.1031181550951766,0.06099639353074279,0.003625415991157512,0.1677399646170769
Kyiv,50.4501,30.5234,2025-02-10 11:21:48.995285,0.11427609167726889,0.057885975700606274,0.01669331315894135,0.1888553805368165
Kyiv,50.4501,30.5234,2025-02-11 11:21:48.995285,0.09995554307250977,0.05063656531379306,0.0034802214547138767,0.1540723298410167
Kyiv,50.4501,30.5234,2025-02-12 11:21:48.995285,0.11040290691861207,0.06733248193475251,0.005911798632695978,0.18364718748606057
Kyiv,50.4501,30.5234,2025-02-13 11:21:48.995285,0.1143134631755479,0.05624624563865036,0.012983513506207151,0.18354322232040543
Kyiv,50.4501,30.5234,2025-02-14 11:21:48.995285,0.10644800241536222,0.06131370090196501,0.011806477254887482,0.17956818057221471
Kyiv,50.4501,30.5234,2025-02-15 11:21:48.995285,0.11160396266083925,0.05419109030755062,0.0437155939286399,0.20951064689702975
Kyiv,50.4501,30.5234,2025-02-16 11:21:48.995285,0.10029489644133321,0.05762790727061691,0.002551000443984755,0.16047380415593487
Kyiv,50.4501,30.5234,2025-02-17 11:21:48.995285,0.10787606627197906,0.059168432057061786,0.010856503987174065,0.1779010023162149
Kyiv,50.4501,30.5234,2025-02-18 11:21:48.995285,0.11606135165736403,0.06107056853950718,0.009407932524898304,0.1865398527217695
Kyiv,50.4501,30.5234,2025-02-19 11:21:48.995285,0.1115429793407659,0.060273466392431904,0.024662629819439508,0.19647907555263733
Kyiv,50.4501,30.5234,2025-02-20 11:21:48.995285,0.1041190415159163,0.059353162106142714,0.0017003195424467848,0.1651725231645058
Kyiv,50.4501,30.5234,2025-02-21 11:21:48.995285,0.11223466415530477,0.053420816400227875,0.013935130073144775,0.17959061062867743
Kyiv,50.4501,30.5234,2025-02-22 11:21:48.995285,0.11714378292616509,0.05214011230011915,0.008399516810523486,0.1776834120368077
Kyiv,50.4501,30.5234,2025-02-23 11:21:48.995285,0.08950049461158713,0.05666299125030194,0.0032112286103701893,0.14937471447225925
Kyiv,50.4501,30.5234,2025-02-24 11:21:48.995285,0.12158990723610637,0.05966522365497904,0.006432812412387728,0.18768794330347313
Kyiv,50.4501,30.5234,2025-02-25 11:21:48.995285,0.10663291542006287,0.053884127899553755,0.004061302248539729,0.16457834556815637
Kyiv,50.4501,30.5234,2025-02-26 11:21:48.995285,0.11424369648825265,0.06032025840649711,0.008658671471970726,0.1832226263667205
Kyiv,50.4501,30.5234,2025-02-27 11:21:48.995285,0.12195164084510621,0.062252669531757863,0.02198230580519771,0.2061866161820618
Kyiv,50.4501,30.5234,2025-02-28 11:21:48.995285,0.09624985204523705,0.050401689913403755,0.008423550598058523,0.15507509255669932
Kyiv,50.4501,30.5234,2025-03-01 11:21:48.995285,0.10285664308673151,0.050790923036522086,0.009989183271273993,0.16363674939452758
Kyiv,50.4501,30.5234,2025-03-02 11:21:48.995285,0.1070470815339171,0.05426440895181039,0.007313639198622728,0.16862512968435023
Kyiv,50.4501,30.5234,2025-03-03 11:21:48.995285,0.10207360542869028,0.056493633660913256,0.000525208964727254,0.15909244805433076
Kyiv,50.4501,30.5234,2025-03-04 11:21:48.995285,0.1272361416606915,0.052320552882326454,0.0026508408376392212,0.18220753538065718
Kyiv,50.4501,30.5234,2025-03-05 11:21:48.995285,0.10129176056137039,0.061690754144154876,0.006772772358033138,0.1697552870635584
Kyiv,50.4501,30.5234,2025-03-06 11:21:48.995285,0.10427379772493116,0.05703496706749217,0.0037140473047581495,0.1650228120971815
Kyiv,50.4501,30.5234,2025-03-07 11:21:48.995285,0.11184002723248467,0.05509530369943115,0.002006039838399916,0.16894137077031574
Kyiv,50.4501,30.5234,2025-03-08 11:21:48.995285,0.0977386102455628,0.04770050513381921,0.007014472145775823,0.15245358752515784
Kyiv,50.4501,30.5234,2025-03-09 11:21:48.995285,0.10576437484872799,0.048281511901007775,0.003898030905050024,0.1579439176547858
Kyiv,50.4501,30.5234,2025-03-10 11:21:48.995285,0.1128539104427424,0.05624473516652936,0.0029855111800095205,0.1720841567892813
Kyiv,50.4501,30.5234,2025-03-11 11:21:48.995285,0.10630610144181639,0.04415437461204657,0.006235939120134726,0.15669641517399768
Kyiv,50.4501,30.5234,2025-03-12 11:21:48.995285,0.10865330958087349,0.05985677613315685,0.0014304421995402431,0.1699405279135706
Kyiv,50.4501,30.5234,2025-03-13 11:21:48.995285,0.10424348884182076,0.05397763576129063,0.02627563895953608,0.18449676356264746
Kyiv,50.4501,30.5234,2025-03-14 11:21:48.995285,0.09433891270831406,0.07095727274803453,0.02022699065275232,0.1855231761091009
Kyiv,50.4501,30.5234,2025-03-15 11:21:48.995285,0.1126435435472966,0.06625338697003266,0.012297029562543074,0.19119396007987233
Kyiv,50.4501,30.5234,2025-03-16 11:21:48.995285,0.12691814417942673,0.05377716138523958,0.0011228871316461362,0.18181819269631244
Kyiv,50.4501,30.5234,2025-03-17 11:21:48.995285,0.10949125561821418,0.05412193464253333,0.014955614060910038,0.17856880432165753
Kyiv,50.4501,30.5234,2025-03-18 11:21:48.995285,0.11149554839440644,0.05959936118097562,0.01650037682215909,0.18759528639754117
Kyiv,50.4501,30.5234,2025-03-19 11:21:48.995285,0.11610306381176254,0.06310378117988716,0.014600038428355446,0.19380688342000513
Kyiv,50.4501,30.5234,2025-03-20 11:21:48.995285,0.09641274133547519,0.046362877863291005,0.0012099982699549116,0.1439856174687211
Kyiv,50.4501,30.5234,2025-03-21 11:21:48.995285,0.1260587046045429,0.04558490168484999,0.01032566033985309,0.181969266629246
Kyiv,50.4501,30.5234,2025-03-22 11:21:48.995285,0.11098168087157712,0.05136902242590264,0.017977260081696058,0.1803279633791758
Kyiv,50.4501,30.5234,2025-03-23 11:21:48.995285,0.12519914221718603,0.05735397452901679,0.008612189130065928,0.19116530587626876
Kyiv,50.4501,30.5234,2025-03-24 11:21:48.995285,0.10146979208449547,0.05688442897240567,0.01039609805981671,0.16875031911671784
Kyiv,50.4501,30.5234,2025-03-25 11:21:48.995285,0.12689768241267146,0.05970738886846586,0.006131601287606567,0.19273667256874388
Kyiv,50.4501,30.5234,2025-03-26 11:21:48.995285,0.11638297622084695,0.04831722299842302,0.007522759764356404,0.17222295898362638
Kyiv,50.4501,30.5234,2025-03-27 11:21:48.995285,0.11407362255602187,0.042690891533904755,0.00034981643404519635,0.1571143305239718
Kyiv,50.4501,30.5234,2025-03-28 11:21:48.995285,0.11079273511706211,0.058516316263276046,0.010187748936881085,0.17949680031721926
Kyiv,50.4501,30.5234,2025-03-29 11:21:48.995285,0.10587396861344188,0.050038646032267015,0.0008495590498342367,0.15676217369554313
Kyiv,50.4501,30.5234,2025-03-30 11:21:48.995285,0.12026885857197783,0.04403933167167636,0.005709553788599751,0.17001774403225395
Kyiv,50.4501,30.5234,2025-03-31 11:21:48.995285,0.10956897921293964,0.05480800898702649,0.0034623689281470223,0.16783935712811315
Kyiv,50.4501,30.5234,2025-04-01 11:21:48.995285,0.08839410242733794,0.05799827817269812,0.00788398852541655,0.15427636912545262
Kyiv,50.4501,30.5234,2025-04-02 11:21:48.995285,0.09678996402075614,0.0533706286583067,0.0014319661998462758,0.15159255887890913
Kyiv,50.4501,30.5234,2025-04-03 11:21:48.995285,0.10599804102885968,0.051639007344481125,0.01176498379924752,0.1694020321725883
Kyiv,50.4501,30.5234,2025-04-04 11:21:48.995285,0.11084883024532596,0.05307760904610567,0.015848015791272336,0.17977445508270398
Kyiv,50.4501,30.5234,2025-04-05 11:21:48.995285,0.10707300123890648,0.051966529251948806,0.0017835477457975987,0.16082307823665287
Kyiv,50.4501,30.5234,2025-04-06 11:21:48.995285,0.11971637617325673,0.04702309857795921,0.0011016435491942528,0.16784111830041018
Kyiv,50.4501,30.5234,2025-04-07 11:21:48.995285,0.08790120146809971,0.05013270666929082,0.0015725689570984791,0.139606477094489
Kyiv,50.4501,30.5234,2025-04-08 11:21:48.995285,0.10873145490591649,0.056254187295501516,0.020966085503639164,0.18595172770505716
Kyiv,50.4501,30.5234,2025-04-09 11:21:48.995285,0.08899697688288807,0.055196777275262315,0.007511773521072406,0.1517055276792228
Kyiv,50.4501,30.5234,2025-04-10 11:21:48.995285,0.11465295905591348,0.05436821708037,0.00629723648305585,0.17531841261933934
Kyiv,50.4501,30.5234,2025-04-11 11:21:48.995285,0.10598822512444975,0.04849066372516799,0.0011284603919401593,0.15560734924155792
Kyiv,50.4501,30.5234,2025-04-12 11:21:48.995285,0.11100383381501135,0.05249635123670675,0.010485543763081409,0.1739857288147995
Kyiv,50.4501,30.5234,2025-04-13 11:21:48.995285,0.09804180903623767,0.04245499408885339,0.020249502646966813,0.16074630577205787
Kyiv,50.4501,30.5234,2025-04-14 11:21:48.995285,0.11934621288866837,0.05416816510547238,0.017613420220777935,0.19112779821491868
Kyiv,50.4501,30.5234,2025-04-15 11:21:48.995285,0.11683779377295415,0.060354562105250656,0.009836457729649995,0.1870288136078548
Kyiv,50.4501,30.5234,2025-04-16 11:21:48.995285,0.11212307117607723,0.04577315341276865,0.0007826290217339419,0.15867885361057985
Kyiv,50.4501,30.5234,2025-04-17 11:21:48.995285,0.10485767353099888,0.050146784633227866,0.0011923073864586063,0.15619676555068537
Kyiv,50.4501,30.5234,2025-04-18 11:21:48.995285,0.11181481348520056,0.054653654209675266,0.0005056617681195949,0.16697412946299542
Kyiv,50.4501,30.5234,2025-04-19 11:21:48.995285,0.09880892684305125,0.05920313943359979,0.0029770441744109664,0.160989110451062
Kyiv,50.4501,30.5234,2025-04-20 11:21:48.995285,0.11429327926925037,0.050627738258020874,0.0014579076650342597,0.1663789251923055
Kyiv,50.4501,30.5234,2025-04-21 11:21:48.995285,0.12209070156734098,0.0493366946657214,0.003011700141513138,0.17443909637457553
Kyiv,50.4501,30.5234,2025-04-22 11:21:48.995285,0.11615850998519837,0.04288158648062284,0.004862274151745636,0.16390237061756685
Kyiv,50.4501,30.5234,2025-04-23 11:21:48.995285,0.09801127578354524,0.0531708408873502,0.028644020229109002,0.17982613690000443
Kyiv,50.4501,30.5234,2025-04-24 11:21:48.995285,0.10877479708288956,0.062790692155798,0.00942573260902678,0.18099122184771432
Kyiv,50.4501,30.5234,2025-04-25 11:21:48.995285,0.09208100269687128,0.05389300137705226,0.018016509430520838,0.16399051350444435
Kyiv,50.4501,30.5234,2025-04-26 11:21:48.995285,0.11058663018284366,0.05231996863962488,0.012390871625761168,0.17529747044822971
Kyiv,50.4501,30.5234,2025-04-27 11:21:48.995285,0.10921762920536404,0.05396620909220425,0.001193502849927386,0.1643773411474957
Kyiv,50.4501,30.5234,2025-04-28 11:21:48.995285,0.08586090353976296,0.05222407344779929,0.013315047302673324,0.15140002429023558
Kyiv,50.4501,30.5234,2025-04-29 11:21:48.995285,0.09278734940438133,0.048137522060451826,0.003217200217866131,0.14414207168269927
Kyiv,50.4501,30.5234,2025-04-30 11:21:48.995285,0.10141861443225787,0.0562414012782363,0.010191761104201651,0.16785177681469582
Kyiv,50.4501,30.5234,2025-05-01 11:21:48.995285,0.10108496211674796,0.05317558740963688,0.0041697404302297745,0.15843028995661462
Kyiv,50.4501,30.5234,2025-05-02 11:21:48.995285,0.09184113341237661,0.05205601764295062,0.0606285884170148,0.20452573947234204
Kyiv,50.4501,30.5234,2025-05-03 11:21:48.995285,0.10766686694556149,0.047011709689628575,0.0030591594300613954,0.1577377360652515
Kyiv,50.4501,30.5234,2025-05-04 11:21:48.995285,0.10613187339670281,0.05832610831332264,0.003272971161501204,0.16773095287152667
Kyiv,50.4501,30.5234,2025-05-05 11:21:48.995285,0.10151343180692214,0.055051575290019215,0.02668910100271067,0.183254108099652
Kyiv,50.4501,30.5234,2025-05-06 11:21:48.995285,0.09573616982066167,0.048882438224286145,0.00024953161282464985,0.14486813965777245
Kyiv,50.4501,30.5234,2025-05-07 11:21:48.995285,0.11361814167352391,0.056574659473088824,0.011929965572421174,0.1821227667190339
Kyiv,50.4501,30.5234,2025-05-08 11:21:48.995285,0.11952119932361788,0.04899570990444142,0.012921717616131733,0.18143862684419101
Kyiv,50.4501,30.5234,2025-05-09 11:21:48.995285,0.09796669191352679,0.047491135913440896,0.018101999184618193,0.1635598270115859
Kyiv,50.4501,30.5234,2025-05-10 11:21:48.995285,0.09651498575573188,0.047519811876238605,0.03666699679510804,0.1807017944270785
Kyiv,50.4501,30.5234,2025-05-11 11:21:48.995285,0.10738229845892933,0.04237976813696422,0.0371325080373753,0.18689457463326886
Kyiv,50.4501,30.5234,2025-05-12 11:21:48.995285,0.09872276290483627,0.05350924025324409,0.0006750479090661372,0.1529070510671465
Kyiv,50.4501,30.5234,2025-05-13 11:21:48.995285,0.10074123714776563,0.04191188018550723,0.01725069454698212,0.15990381188025496
Kyiv,50.4501,30.5234,2025-05-14 11:21:48.995285,0.10936326041518249,0.04484114529263907,0.010393342681449662,0.16459774838927124
Kyiv,50.4501,30.5234,2025-05-15 11:21:48.995285,0.0827041049821827,0.04052089288323515,0.01042256911232695,0.1336475669777448
Kyiv,50.4501,30.5234,2025-05-16 11:21:48.995285,0.11481109337791187,0.05038368660073813,0.0013736722760166386,0.16656845225466665
Kyiv,50.4501,30.5234,2025-05-17 11:21:48.995285,0.10218479721249217,0.04997739368324002,0.010503570288077782,0.16266576118380996
Kyiv,50.4501,30.5234,2025-05-18 11:21:48.995285,0.09717255032890401,0.04901025982133109,0.04044559498914576,0.18662840513938087
Kyiv,50.4501,30.5234,2025-05-19 11:21:48.995285,0.10022424852900247,0.045345406562255594,0.024283588771318344,0.16985324386257641
Kyiv,50.4501,30.5234,2025-05-20 11:21:48.995285,0.10056966104837718,0.0446115149819028,0.005782673075469968,0.15096384910574995
Kyiv,50.4501,30.5234,2025-05-21 11:21:48.995285,0.08346185175788538,0.052708781713900185,0.00040767801495071923,0.1365783114867363
Kyiv,50.4501,30.5234,2025-05-22 11:21:48.995285,0.1155515150481903,0.047548306728286534,0.0044987711715131955,0.16759859294799004
Kyiv,50.4501,30.5234,2025-05-23 11:21:48.995285,0.10084347865275149,0.05179690277270338,0.017509456695605757,0.17014983812106063
Kyiv,50.4501,30.5234,2025-05-24 11:21:48.995285,0.1046882057067451,0.04570284877051456,0.01208982335987063,0.16248087783713028
Kyiv,50.4501,30.5234,2025-05-25 11:21:48.995285,0.10960156767462731,0.050948348698298854,0.006149714248845542,0.16669963062177168
Kyiv,50.4501,30.5234,2025-05-26 11:21:48.995285,0.08970230545551013,0.05647335520213688,0.0005667780187349985,0.146742438676382
Kyiv,50.4501,30.5234,2025-05-27 11:21:48.995285,0.10447653458808097,0.05280173680082826,0.00556685858065787,0.1628451299695671
Kyiv,50.4501,30.5234,2025-05-28 11:21:48.995285,0.09689336676096677,0.047722819743894945,0.006330402262968449,0.15094658876783015
Kyiv,50.4501,30.5234,2025-05-29 11:21:48.995285,0.107865574978507,0.050984928464950674,0.026388348148913995,0.1852388515923717
Kyiv,50.4501,30.5234,2025-05-30 11:21:48.995285,0.07795386100415042,0.04840974173118162,0.010246727621079945,0.13661033035641199
Kyiv,50.4501,30.5234,2025-05-31 11:21:48.995285,0.09806368949941532,0.049566717174387646,0.0037346208665024316,0.1513650275403054
Kyiv,50.4501,30.5234,2025-06-01 11:21:48.995285,0.09285520337094344,0.04781364970364901,0.007451107299407692,0.14811996037400016
Kyiv,50.4501,30.5234,2025-06-02 11:21:48.995285,0.10303514773181575,0.04853458308331014,0.0006833805859031909,0.1522531114010291
Kyiv,50.4501,30.5234,2025-06-03 11:21:48.995285,0.10324244990448328,0.050331470780771506,0.0359605365418128,0.18953445722706758
Kyiv,50.4501,30.5234,2025-06-04 11:21:48.995285,0.09129567092239457,0.04421917143739767,0.0044638070377562965,0.13997864939754853
Kyiv,50.4501,30.5234,2025-06-05 11:21:48.995285,0.09108059550098395,0.0440217729364223,0.006498336140180051,0.1416007045775863
Kyiv,50.4501,30.5234,2025-06-06 11:21:48.995285,0.09692661741649095,0.042073922781876064,0.004389453292684805,0.1433899934910518
Kyiv,50.4501,30.5234,2025-06-07 11:21:48.995285,0.08889836857244995,0.04093103990028247,0.011473144065797577,0.14130255253853
Kyiv,50.4501,30.5234,2025-06-08 11:21:48.995285,0.10611678025221516,0.04276205818774455,0.01085396478458099,0.15973280322454067
Kyiv,50.4501,30.5234,2025-06-09 11:21:48.995285,0.09383770619071619,0.049562201631615975,0.012563976528167407,0.15596388435049957
Kyiv,50.4501,30.5234,2025-06-10 11:21:48.995285,0.06829346287950352,0.044217734958900544,0.003121704530352204,0.11563290236875629
Kyiv,50.4501,30.5234,2025-06-11 11:21:48.995285,0.09344947268178978,0.1535007568354782,0.0037931280211665882,0.2507433575384346
Kyiv,50.4501,30.5234,2025-06-12 11:21:48.995285,0.08664743359882539,0.04869000464739536,0.001338185551045303,0.13667562379726605
Kyiv,50.4501,30.5234,2025-06-13 11:21:48.995285,0.08055617143603228,0.0385919437281306,0.010656901347996493,0.12980501651215937
Kyiv,50.4501,30.5234,2025-06-14 11:21:48.995285,0.08433164879552899,0.0516278355099858,0.00040610691154355254,0.13636559121705835
Kyiv,50.4501,30.5234,2025-06-15 11:21:48.995285,0.48818980795811184,0.052325931664604884,0.009105132922741201,0.5496208725454579
Kyiv,50.4501,30.5234,2025-06-16 11:21:48.995285,0.10966927097518464,0.0432221179721769,0.02037884213244392,0.17327023107980546
Kyiv,50.4501,30.5234,2025-06-17 11:21:48.995285,0.09935476508661016,0.05021241788845514,0.022148686572717232,0.17171586954778253
Kyiv,50.4501,30.5234,2025-06-18 11:21:48.995285,0.08999906335127794,0.043749557429671675,0.005960890027945429,0.13970951080889504
Kyiv,50.4501,30.5234,2025-06-19 11:21:48.995285,0.10046548236355082,0.04844157208966357,0.0061489750379938,0.1550560294912082
Kyiv,50.4501,30.5234,2025-06-20 11:21:48.995285,0.09115909349811455,0.041552506265377404,0.0008009265717967771,0.13351252633528873
Kyiv,50.4501,30.5234,2025-06-21 11:21:48.995285,0.08864880846486362,0.038831873815574645,0.011109835747623668,0.13859051802806194
Kyiv,50.4501,30.5234,2025-06-22 11:21:48.995285,0.08389730638258557,0.04580638058439286,0.017218198001833353,0.14692188496881178
Kyiv,50.4501,30.5234,2025-06-23 11:21:48.995285,0.07777011685574417,0.047025557730256504,0.0028058075275334197,0.1276014821135341
Kyiv,50.4501,30.5234,2025-06-24 11:21:48.995285,0.09123803586331866,0.045580237996383534,0.0054697259387570885,0.14228799979845927
Kyiv,50.4501,30.5234,2025-06-25 11:21:48.995285,0.09656811676474357,0.04157363814165833,0.018253535032869073,0.156395289939271
Kyiv,50.4501,30.5234,2025-06-26 11:21:48.995285,0.09387313938969259,0.04542019273426506,0.020965508154354603,0.16025884027831225
Kyiv,50.4501,30.5234,2025-06-27 11:21:48.995285,0.09053303023890709,0.04869282352209401,0.002786298084551103,0.14201215184555221
Kyiv,50.4501,30.5234,2025-06-28 11:21:48.995285,0.08509013500762569,0.04704933265668407,0.007997765776660358,0.14013723344097012
Kyiv,50.4501,30.5234,2025-06-29 11:21:48.995285,0.10048656929274793,0.04811455884094519,0.002138037417365647,0.1507391655510588
Kyiv,50.4501,30.5234,2025-06-30 11:21:48.995285,0.08109095812149092,0.04378056265820722,0.0010745021326639204,0.12594602291236207
Kyiv,50.4501,30.5234,2025-07-01 11:21:48.995285,0.10188242661551003,0.052919663312118434,0.02420473774890319,0.17900682767653164
Kyiv,50.4501,30.5234,2025-07-02 11:21:48.995285,0.08396158917848352,0.04111101300110148,0.017176218782347263,0.14224882096193225
Kyiv,50.4501,30.5234,2025-07-03 11:21:48.995285,0.08632280162683638,0.049361378485616954,0.014272617903951583,0.14995679801640494
Kyiv,50.4501,30.5234,2025-07-04 11:21:48.995285,0.07904451994788489,0.05276564139182064,0.0004999552507890129,0.13231011659049455
Kyiv,50.4501,30.5234,2025-07-05 11:21:48.995285,0.08856543139877801,0.049194266897561664,0.01856162272921303,0.15632132102555268
Kyiv,50.4501,30.5234,2025-07-06 11:21:48.995285,0.10320156101268893,0.04571159707863042,0.005763318590419015,0.15467647668173837
Kyiv,50.4501,30.5234,2025-07-07 11:21:48.995285,0.09847564224230423,0.04401819544561744,0.004191510193550425,0.1466853478814721
Kyiv,50.4501,30.5234,2025-07-08 11:21:48.995285,0.1029764870255102,0.051776571207846206,0.007907078851523114,0.1626601370848795
Kyiv,50.4501,30.5234,2025-07-09 11:21:48.995285,0.0982886131904696,0.03941871923925675,0.0009579886618797855,0.13866532109160615
Kyiv,50.4501,30.5234,2025-07-10 11:21:48.995285,0.08190746561362454,0.041621460647565896,0.014132403630308566,0.137661329891499
Kyiv,50.4501,30.5234,2025-07-11 11:21:48.995285,0.08951533861996482,0.04442382660416159,0.008733152423216204,0.14267231764734262
Kyiv,50.4501,30.5234,2025-07-12 11:21:48.995285,0.0849024331679605,0.052540481017127556,0.0020652011060546265,0.13950811529114268
Kyiv,50.4501,30.5234,2025-07-13 11:21:48.995285,0.10589352893190446,0.04819272812596151,0.002085409400216103,0.15617166645808206
Kyiv,50.4501,30.5234,2025-07-14 11:21:48.995285,0.08050544526041681,0.04139643706978873,0.0020364569051917435,0.1239383392353973
Kyiv,50.4501,30.5234,2025-07-15 11:21:48.995285,0.10129809076598568,0.04462901840912277,0.0005869152822031951,0.14651402445731165
Kyiv,50.4501,30.5234,2025-07-16 11:21:48.995285,0.10118069828741728,0.043053964072683325,0.008862428486980283,0.1530970908470809
Kyiv,50.4501,30.5234,2025-07-17 11:21:48.995285,0.11043970346637373,0.042522805763438754,0.01834759944844268,0.17131010867825516
Kyiv,50.4501,30.5234,2025-07-18 11:21:48.995285,0.08794130543587887,0.05091353347387082,0.0001765311741583213,0.13903137008390803
Kyiv,50.4501,30.5234,2025-07-19 11:21:48.995285,0.09905842213259217,0.03910888462207775,0.0005024610075075023,0.13866976776217743
Kyiv,50.4501,30.5234,2025-07-20 11:21:48.995285,0.11465113785092929,0.05396121402144229,0.00850433416712856,0.17711668603950015
Kyiv,50.4501,30.5234,2025-07-21 11:21:48.995285,0.08556004124342395,0.05000937745730357,0.017120005978165095,0.15268942467889263
Kyiv,50.4501,30.5234,2025-07-22 11:21:48.995285,0.07629034273049004,0.05127468095592531,0.0039562204622885,0.13152124414870384
Kyiv,50.4501,30.5234,2025-07-23 11:21:48.995285,0.07274740908739173,0.043459057153108396,0.004301898593818507,0.12050836483431863
Kyiv,50.4501,30.5234,2025-07-24 11:21:48.995285,0.09858389859111505,0.04497868555585532,0.009071984360990505,0.15263456850796087
Kyiv,50.4501,30.5234,2025-07-25 11:21:48.995285,0.07253707663891505,0.03851853028712689,0.0032049854286752937,0.11426059235471724
Kyiv,50.4501,30.5234,2025-07-26 11:21:48.995285,0.08755974628352757,0.04301815637111938,0.00026968776316331803,0.13084759041781027
Kyiv,50.4501,30.5234,2025-07-27 11:21:48.995285,0.09557300983065425,0.048068213218348074,0.013288881574772895,0.15693010462377524
Kyiv,50.4501,30.5234,2025-07-28 11:21:48.995285,0.09297118214200421,0.05204002869575952,0.009825638577462423,0.15483684941522619
Kyiv,50.4501,30.5234,2025-07-29 11:21:48.995285,0.09529605573449264,0.0399850194623132,0.008693021873988661,0.14397409707079448
Kyiv,50.4501,30.5234,2025-07-30 11:21:48.995285,0.0931893405347617,0.04365569130345025,0.013535721366789988,0.15038075320500194
Kyiv,50.4501,30.5234,2025-07-31 11:21:48.995285,0.10368261183219177,0.04469048074836631,0.011246406184348823,0.15961949876490691
Kyiv,50.4501,30.5234,2025-08-01 11:21:48.995285,0.08130099993201811,0.038433135858740614,0.0023052319928093482,0.12203936778356808
Kyiv,50.4501,30.5234,2025-08-02 11:21:48.995285,0.08398714139348375,0.04833529259782653,0.0043460721470687585,0.13666850613837903
Kyiv,50.4501,30.5234,2025-08-03 11:21:48.995285,0.08296616623691197,0.04172642868609706,0.0013480093149507732,0.1260406042379598
Kyiv,50.4501,30.5234,2025-08-04 11:21:48.995285,0.09893310465567179,0.04433864151263772,0.0013909772844464242,0.14466272345275594
Kyiv,50.4501,30.5234,2025-08-05 11:21:48.995285,0.09957637445004644,0.04302644742348851,0.011276161011866513,0.15387898288540147
Kyiv,50.4501,30.5234,2025-08-06 11:21:48.995285,0.09502863739306337,0.04131149957134077,0.019561632821147052,0.1559017697855512
Kyiv,50.4501,30.5234,2025-08-07 11:21:48.995285,0.10229812670259482,0.045196370089445,0.03289635896070803,0.18039085575274785
Kyiv,50.4501,30.5234,2025-08-08 11:21:48.995285,0.07863241315636324,0.04412836302222341,0.009897949720207693,0.13265872589879435
Kyiv,50.4501,30.5234,2025-08-09 11:21:48.995285,0.10703753562986988,0.04332335784578593,0.0020346510251334675,0.1523955445007893
Kyiv,50.4501,30.5234,2025-08-10 11:21:48.995285,0.10555300838688195,0.041518002976477966,0.0011165846779993755,0.1481875960413593
Kyiv,50.4501,30.5234,2025-08-11 11:21:48.995285,0.09763503800616687,0.046737032370769475,0.01675850035864825,0.1611305707355846
Kyiv,50.4501,30.5234,2025-08-12 11:21:48.995285,0.10805788358138692,0.05338803358929958,0.008645441715821153,0.17009135888650767
Kyiv,50.4501,30.5234,2025-08-13 11:21:48.995285,0.07363763100676737,0.04580136770596819,0.00963081077175991,0.12906980948449548
Kyiv,50.4501,30.5234,2025-08-14 11:21:48.995285,0.08492625311757367,0.05006595831465574,0.015207957726536277,0.15020016915876566
Kyiv,50.4501,30.5234,2025-08-15 11:21:48.995285,0.08278748389354218,0.03811914962441354,0.012149570028020225,0.13305620354597594
Kyiv,50.4501,30.5234,2025-08-16 11:21:48.995285,0.09732801733525004,0.045845419245307155,0.017985318673707038,0.16115875525426424
Kyiv,50.4501,30.5234,2025-08-17 11:21:48.995285,0.079587451964044,0.0395575880851774,0.000578557332799298,0.1197235973820207
Kyiv,50.4501,30.5234,2025-08-18 11:21:48.995285,0.09764238300070072,0.037649091116003425,0.013764257632959036,0.1490557317496632
Kyiv,50.4501,30.5234,2025-08-19 11:21:48.995285,0.10375430832896017,0.04132761640720134,0.01902821255098704,0.16411013728714854
Kyiv,50.4501,30.5234,2025-08-20 11:21:48.995285,0.0969854399832983,0.05097620216329701,0.0033706146962652877,0.15133225684286059
Kyiv,50.4501,30.5234,2025-08-21 11:21:48.995285,0.09285833862796108,0.049760493339021265,0.010228944477442633,0.152847776444425
Kyiv,50.4501,30.5234,2025-08-22 11:21:48.995285,0.08013246943514217,0.04622062503234683,0.003771139238267266,0.13012423370575626
Kyiv,50.4501,30.5234,2025-08-23 11:21:48.995285,0.08153602753187278,0.03733876579711356,0.031693970046019156,0.1505687633750055
Kyiv,50.4501,30.5234,2025-08-24 11:21:48.995285,0.10249702246641929,0.04401901344978663,0.00033994906828486743,0.14685598498449076
Kyiv,50.4501,30.5234,2025-08-25 11:21:48.995285,0.09779358264169144,0.04650854634582773,0.008670074603329945,0.15297220359084912
Kyiv,50.4501,30.5234,2025-08-26 11:21:48.995285,0.08961211978642566,0.04587883863799354,0.0018212583240863995,0.1373122167485056
Kyiv,50.4501,30.5234,2025-08-27 11:21:48.995285,0.08582840442994427,0.03578478202639786,0.012455596926124357,0.13406878338246647
Kyiv,50.4501,30.5234,2025-08-28 11:21:48.995285,0.06975756705733059,0.04055623365412282,0.001934516067455543,0.11224831677890895
Kyiv,50.4501,30.5234,2025-08-29 11:21:48.995285,0.07931822608207406,0.04469298631371564,0.002683805666415673,0.12669501806220537
Kyiv,50.4501,30.5234,2025-08-30 11:21:48.995285,0.10915500090992544,0.04770185956685005,0.006819517064981525,0.163676377541757
Kyiv,50.4501,30.5234,2025-08-31 11:21:48.995285,0.07725326522103582,0.03404827136003051,0.024631641405374737,0.13593317798644106
Kyiv,50.4501,30.5234,2025-09-01 11:21:48.995285,0.09197257611803149,0.04422826907551105,0.0023789478290788643,0.13857979302262138
Kyiv,50.4501,30.5234,2025-09-02 11:21:48.995285,0.10017511478107846,0.045765581373957996,0.001557653406618626,0.14749834956165508
Kyiv,50.4501,30.5234,2025-09-03 11:21:48.995285,0.07757727889603722,0.04931131273061114,0.014228622167262348,0.14111721379391068
Kyiv,50.4501,30.5234,2025-09-04 11:21:48.995285,0.09200236658028992,0.04854191883742673,0.00694387013503127,0.1474881555527479
Kyiv,50.4501,30.5234,2025-09-05 11:21:48.995285,0.09956609067239047,0.048006324242685985,0.024279795363560047,0.17185221027863648
Kyiv,50.4501,30.5234,2025-09-06 11:21:48.995285,0.09034650980401594,0.04111105575896205,0.0015854396621277056,0.1330430052251057
Kyiv,50.4501,30.5234,2025-09-07 11:21:48.995285,0.11894302600494348,0.03558948703852136,0.010382546945654538,0.1649150599891194
Kyiv,50.4501,30.5234,2025-09-08 11:21:48.995285,0.07361336819270298,0.04318441660543546,0.0026511092308046224,0.11944889402894306
Kyiv,50.4501,30.5234,2025-09-09 11:21:48.995285,0.10092988592229024,0.050179459437768525,0.001705041723289947,0.1528143870833487
Kyiv,50.4501,30.5234,2025-09-10 11:21:48.995285,0.08866068478731234,0.052161623718260657,0.011502090453818122,0.15232439895939112
Kyiv,50.4501,30.5234,2025-09-11 11:21:48.995285,0.09815685328244769,0.048771571378529395,0.009006256226776636,0.15593468088775372
Kyiv,50.4501,30.5234,2025-09-12 11:21:48.995285,0.09490250635404092,0.0473914215325329,0.014057930647238663,0.1563518585338125
Kyiv,50.4501,30.5234,2025-09-13 11:21:48.995285,0.08321247415462861,0.047170216304794114,0.003702851098406572,0.13408554155782929
Kyiv,50.4501,30.5234,2025-09-14 11:21:48.995285,0.09289140334517446,0.04252012597648662,0.005941558868895468,0.14135308819055653
Kyiv,50.4501,30.5234,2025-09-15 11:21:48.995285,0.07208261319778787,0.04468051238811727,0.005199869211441636,0.12196299479734679
Kyiv,50.4501,30.5234,2025-09-16 11:21:48.995285,0.09675705816992197,0.05370763921123567,0.04140773745591833,0.19187243483707597
Kyiv,50.4501,30.5234,2025-09-17 11:21:48.995285,0.09377187178273891,0.040682353532457444,0.0034566288093877775,0.13791085412458412
Kyiv,50.4501,30.5234,2025-09-18 11:21:48.995285,0.09724532180457769,0.05350325401262259,0.003492982733782499,0.1542415585509828
Kyiv,50.4501,30.5234,2025-09-19 11:21:48.995285,0.10151104512284514,0.04385479016352653,0.004378047559594562,0.14974388284596624
Kyiv,50.4501,30.5234,2025-09-20 11:21:48.995285,0.09467988970557469,0.05212900619721418,0.008314765365449188,0.15512366126823807
Kyiv,50.4501,30.5234,2025-09-21 11:21:48.995285,0.09256108073338729,0.03850601822021457,0.002907838704087679,0.13397493765768953
Kyiv,50.4501,30.5234,2025-09-22 11:21:48.995285,0.08234864153395345,0.04850918345610643,0.024685209167173445,0.15554303415723333
Kyiv,50.4501,30.5234,2025-09-23 11:21:48.995285,0.08411887531206706,0.12581007238362202,0.0030881795635781095,0.2130171272592672
Kyiv,50.4501,30.5234,2025-09-24 11:21:48.995285,0.10319278265447734,0.038586382266731084,0.022615941357266682,0.16439510627847512
Kyiv,50.4501,30.5234,2025-09-25 11:21:48.995285,0.10577571447430176,0.04679885042067572,0.0010922917109409775,0.15366685660591844
Kyiv,50.4501,30.5234,2025-09-26 11:21:48.995285,0.08912072472160419,0.05079827348534221,0.010687507237191177,0.15060650544413756
Kyiv,50.4501,30.5234,2025-09-27 11:21:48.995285,0.09205384341618796,0.041572200778860126,0.023750000822335054,0.15737604501738314
Kyiv,50.4501,30.5234,2025-09-28 11:21:48.995285,0.08264214998640426,0.038349067065878956,0.0018482401140114894,0.12283945716629471
Kyiv,50.4501,30.5234,2025-09-29 11:21:48.995285,0.1035128029196503,0.04543339341181315,0.03452289436276262,0.18346909069422607
Kyiv,50.4501,30.5234,2025-09-30 11:21:48.995285,0.09853877764684418,0.04550512806107729,0.006030932642193319,0.1500748383501148
Kyiv,50.4501,30.5234,2025-10-01 11:21:48.995285,0.11139856348289073,0.048734792696899114,0.029135093309244207,0.18926844948903407
Kyiv,50.4501,30.5234,2025-10-02 11:21:48.995285,0.08330731266063483,0.050793244573038555,0.011295459704403559,0.14539601693807697
Kyiv,50.4501,30.5234,2025-10-03 11:21:48.995285,0.08841696249911006,0.04580144483828365,0.003589444743378659,0.13780785208077237
Kyiv,50.4501,30.5234,2025-10-04 11:21:48.995285,0.09462031095641635,0.05543044243955163,0.0020862757587292685,0.15213702915469723
Kyiv,50.4501,30.5234,2025-10-05 11:21:48.995285,0.09888183729247209,0.047329644680283646,0.003620250103771713,0.14983173207652745
Kyiv,50.4501,30.5234,2025-10-06 11:21:48.995285,0.09037360274755812,0.044533007031482726,0.0009763202338712916,0.13588293001291213
Kyiv,50.4501,30.5234,2025-10-07 11:21:48.995285,0.08391621886582315,0.038265078089665935,0.0015533066980890384,0.12373460365357812
Kyiv,50.4501,30.5234,2025-10-08 11:21:48.995285,0.1015776349062766,0.045068482206939604,0.001105522363989297,0.14775163947720552
Kyiv,50.4501,30.5234,2025-10-09 11:21:48.995285,0.10009478740263807,0.04475978216153544,0.005498151727917912,0.1503527212920914
Kyiv,50.4501,30.5234,2025-10-10 11:21:48.995285,0.0838426757238463,0.05130423234614912,0.015875706349447,0.1510226144194424
Kyiv,50.4501,30.5234,2025-10-11 11:21:48.995285,0.10668390033881829,0.048877154284215935,0.0015243296918962812,0.1570853843149305
Kyiv,50.4501,30.5234,2025-10-12 11:21:48.995285,0.10495755090363659,0.04073093629767219,0.0013963044916895553,0.14708479169299835
Kyiv,50.4501,30.5234,2025-10-13 11:21:48.995285,0.09472661879005514,0.04755309884084379,0.010312217588937725,0.15259193521983666
Kyiv,50.4501,30.5234,2025-10-14 11:21:48.995285,0.09430968301341056,0.05011450805347036,0.0021962846393892856,0.1466204757062702
Kyiv,50.4501,30.5234,2025-10-15 11:21:48.995285,0.0991862547022573,0.05446299529248828,0.001027085220912049,0.15467633521565763
Kyiv,50.4501,30.5234,2025-10-16 11:21:48.995285,0.08516250181302873,0.051327286094865955,0.001825398744702175,0.13831518665259684
Kyiv,50.4501,30.5234,2025-10-17 11:21:48.995285,0.09421554609048956,0.05076184892098176,0.02573493904753673,0.17071233405900807
Kyiv,50.4501,30.5234,2025-10-18 11:21:48.995285,0.07252889768430056,0.047326796538272,0.0172300564185654,0.13708575064113795
Kyiv,50.4501,30.5234,2025-10-19 11:21:48.995285,0.10295655372049135,0.04903755865984825,0.004370557219201942,0.15636466959954154
Kyiv,50.4501,30.5234,2025-10-20 11:21:48.995285,0.07871805021267023,0.0534140157220752,0.010665927320841779,0.1427979932555872
Kyiv,50.4501,30.5234,2025-10-21 11:21:48.995285,0.10950984515261379,0.04057393644676365,0.007706238097116965,0.1577900196964944
Kyiv,50.4501,30.5234,2025-10-22 11:21:48.995285,0.09131874734495252,0.04556277750622373,0.01130487746446207,0.14818640231563832
Kyiv,50.4501,30.5234,2025-10-23 11:21:48.995285,0.09264917410703273,0.04352007821939105,0.011478166688708512,0.14764741901513231
Kyiv,50.4501,30.5234,2025-10-24 11:21:48.995285,0.0886359515006339,0.049352410874370096,0.00990836532714697,0.14789672770215098
Kyiv,50.4501,30.5234,2025-10-25 11:21:48.995285,0.09218185575917946,0.05368223312745405,0.0030938436417915728,0.1489579325284251
Kyiv,50.4501,30.5234,2025-10-26 11:21:48.995285,0.10939797505032249,0.04462145936581569,0.0003978755136904316,0.15441730992982863
Kyiv,50.4501,30.5234,2025-10-27 11:21:48.995285,0.0704864107256207,0.03573072680813855,0.0060800999241406575,0.1122972374578999
Kyiv,50.4501,30.5234,2025-10-28 11:21:48.995285,0.10828736044347778,0.045697749566175595,0.022161678354565492,0.17614678836421888
Kyiv,50.4501,30.5234,2025-10-29 11:21:48.995285,0.09905247888551277,0.05240349069733488,0.008428015870012387,0.15988398545286003
Kyiv,50.4501,30.5234,2025-10-30 11:21:48.995285,0.08375784749530468,0.05060218150168781,0.017861216418966364,0.15222124541595888
Kyiv,50.4501,30.5234,2025-10-31 11:21:48.995285,0.0852319961774479,0.05013349129302302,0.047824257519575655,0.1831897449900466
Kyiv,50.4501,30.5234,2025-11-01 11:21:48.995285,0.11290729620964596,0.04667171645940956,0.0017866768528615343,0.16136568952191707
Kyiv,50.4501,30.5234,2025-11-02 11:21:48.995285,0.08684768577166596,0.0417562236044477,0.011769338056519868,0.14037324743263352
Kyiv,50.4501,30.5234,2025-11-03 11:21:48.995285,0.08492973367227669,0.05080809099724048,0.01121758836160869,0.14695541303112586
Kyiv,50.4501,30.5234,2025-11-04 11:21:48.995285,0.10799791642770618,0.044140976451856315,0.0390979785083581,0.19123687138792062
Kyiv,50.4501,30.5234,2025-11-05 11:21:48.995285,0.1001728321459355,0.05931413535844046,0.04240578042643611,0.20189274793081208
Kyiv,50.4501,30.5234,2025-11-06 11:21:48.995285,0.08757153198807313,0.15398378975547342,0.011605258156366965,0.25316057989991353
Kyiv,50.4501,30.5234,2025-11-07 11:21:48.995285,0.0992814254252401,0.045654346322827194,0.00279204498156098,0.1477278167296283
Kyiv,50.4501,30.5234,2025-11-08 11:21:48.995285,0.08702289158825618,0.04558328297538634,0.016022430483087758,0.14862860504673028
Kyiv,50.4501,30.5234,2025-11-09 11:21:48.995285,0.10845468103306417,0.04825851249135112,0.001132013237341953,0.15784520676175726
Kyiv,50.4501,30.5234,2025-11-10 11:21:48.995285,0.10822698198867184,0.047609126559861506,0.015173114506113389,0.17100922305464675
Kyiv,50.4501,30.5234,2025-11-11 11:21:48.995285,0.10310084685817777,0.05447456131262894,0.02410127143633191,0.18167667960713862
Kyiv,50.4501,30.5234,2025-11-12 11:21:48.995285,0.10156556561378398,0.04990655834937714,0.004826162668403628,0.15629828663156475
Kyiv,50.4501,30.5234,2025-11-13 11:21:48.995285,0.1157296141502413,0.045400707756241145,0.009959707625687814,0.17109002953217026
Kyiv,50.4501,30.5234,2025-11-14 11:21:48.995285,0.09828393183206748,0.058595737704871524,0.005623693566980704,0.1625033631039197
Kyiv,50.4501,30.5234,2025-11-15 11:21:48.995285,0.08663817053914918,0.04947499755427971,0.00575835464825132,0.1418715227416802
Kyiv,50.4501,30.5234,2025-11-16 11:21:48.995285,0.10312195140719042,0.05315780451927816,0.003716013463532872,0.15999576939000146
Kyiv,50.4501,30.5234,2025-11-17 11:21:48.995285,0.11965839004637761,0.04635782723827944,0.014360293774129016,0.18037651105878605
Kyiv,50.4501,30.5234,2025-11-18 11:21:48.995285,0.08882138809366713,0.05130006965148544,0.027516348232681752,0.16763780597783431
Kyiv,50.4501,30.5234,2025-11-19 11:21:48.995285,0.09552572434568568,0.051125725962028745,0.028260040009194944,0.17491149031690936
Kyiv,50.4501,30.5234,2025-11-20 11:21:48.995285,0.10347643611299132,0.04020774140550763,0.0019210681854019722,0.1456052457039009
Kyiv,50.4501,30.5234,2025-11-21 11:21:48.995285,0.09894475483771006,0.05981827721618693,0.020773928389576507,0.1795369604434735
Kyiv,50.4501,30.5234,2025-11-22 11:21:48.995285,0.08983274807999941,0.05628111424649901,0.013372430555351212,0.15948629288184962
Kyiv,50.4501,30.5234,2025-11-23 11:21:48.995285,0.11104644500074637,0.04792795663849089,0.002914724477772956,0.16188912611701023
Kyiv,50.4501,30.5234,2025-11-24 11:21:48.995285,0.1232004072201726,0.04448865129772073,0.0006965517603524844,0.16838561027824583
London,51.5074,-0.1278,2024-11-24 11:21:48.995285,0.09073486745220252,0.05137698117071605,0.01760988926820258,0.15972173789112115
London,51.5074,-0.1278,2024-11-25 11:21:48.995285,0.09483669730332753,0.05465462504249213,0.010175625238545646,0.1596669475843653
London,51.5074,-0.1278,2024-11-26 11:21:48.995285,0.08520007549224626,0.051102573162493406,0.022853257330900822,0.1591559059856405
London,51.5074,-0.1278,2024-11-27 11:21:48.995285,0.10600320143618155,0.056739381884856284,0.009939380083281265,0.1726819634043191
London,51.5074,-0.1278,2024-11-28 11:21:48.995285,0.09986288907890925,0.05146163094671929,0.01350223441562712,0.16482675444125566
London,51.5074,-0.1278,2024-11-29 11:21:48.995285,0.0838075719096143,0.04300992869635015,0.01810611433656239,0.14492361494252684
London,51.5074,-0.1278,2024-11-30 11:21:48.995285,0.09268271786900761,0.057775141648810785,0.0005629487188076364,0.15102080823662603
London,51.5074,-0.1278,2024-12-01 11:21:48.995285,0.1045680947246152,0.04586338651963621,0.014963278173973717,0.16539475941822512
London,51.5074,-0.1278,2024-12-02 11:21:48.995285,0.09594256825727476,0.0569516849117859,0.009511577887661734,0.1624058310567224
London,51.5074,-0.1278,2024-12-03 11:21:48.995285,0.09457367360526185,0.0503203296961198,0.0007204158177984914,0.14561441911918013
London,51.5074,-0.1278,2024-12-04 11:21:48.995285,0.10096700467173403,0.056736520646895924,0.0071045189086224375,0.1648080442272524
London,51.5074,-0.1278,2024-12-05 11:21:48.995285,0.10531824245021461,0.05661497662355004,0.0008605700852661725,0.1627937891590308
London,51.5074,-0.1278,2024-12-06 11:21:48.995285,0.08768752042829459,0.053176237370919956,0.013316062023592068,0.1541798198228066
London,51.5074,-0.1278,2024-12-07 11:21:48.995285,0.10772049994222045,0.05365228415315648,0.007907637887017456,0.16928042198239437
London,51.5074,-0.1278,2024-12-08 11:21:48.995285,0.09438379484398574,0.053306506915992584,0.030698856679272288,0.17838915843925063
London,51.5074,-0.1278,2024-12-09 11:21:48.995285,0.10237425326866388,0.12362292808252665,0.0020228189132911354,0.22802000026448166
London,51.5074,-0.1278,2024-12-10 11:21:48.995285,0.10236538016842596,0.05195144188216154,0.009314892781628831,0.16363171483221634
London,51.5074,-0.1278,2024-12-11 11:21:48.995285,0.48807081573204175,0.045862091284043574,0.0023772704359817727,0.5363101774520671
London,51.5074,-0.1278,2024-12-12 11:21:48.995285,0.09281261478525575,0.05238054184200976,0.00952086277906526,0.15471401940633076
London,51.5074,-0.1278,2024-12-13 11:21:48.995285,0.10035583113600101,0.04589163557654574,0.01282473959327896,0.1590722063058257
London,51.5074,-0.1278,2024-12-14 11:21:48.995285,0.11962853208669308,0.045762854791840196,0.012812294747424331,0.1782036816259576
London,51.5074,-0.1278,2024-12-15 11:21:48.995285,0.08992001091712741,0.05979305311965137,0.016877994835407285,0.16659105887218606
London,51.5074,-0.1278,2024-12-16 11:21:48.995285,0.12062037561995549,0.057195859655074316,0.01921072762270321,0.19702696289773303
London,51.5074,-0.1278,2024-12-17 11:21:48.995285,0.10125942235167075,0.051907604106497265,0.0008042048247756141,0.15397123128294363
London,51.5074,-0.1278,2024-12-18 11:21:48.995285,0.10436859406294613,0.05293128319727499,0.004204779749639038,0.16150465700986016
London,51.5074,-0.1278,2024-12-19 11:21:48.995285,0.0933048279122759,0.05084638788434655,0.011619436039233882,0.1557706518358563
London,51.5074,-0.1278,2024-12-20 11:21:48.995285,0.09661506175872951,0.05501325984264978,0.006903237449905314,0.1585315590512846
London,51.5074,-0.1278,2024-12-21 11:21:48.995285,0.09945319691702392,0.048860874875958034,0.0021155588187283013,0.15042963061171025
London,51.5074,-0.1278,2024-12-22 11:21:48.995285,0.0941785530002494,0.05728645266885405,0.008045471641817837,0.1595104773109213
London,51.5074,-0.1278,2024-12-23 11:21:48.995285,0.10269815882744918,0.05112823499550839,0.005232958089433822,0.1590593519123914
London,51.5074,-0.1278,2024-12-24 11:21:48.995285,0.10086759658353207,0.05036964277164375,0.004943590740366188,0.156180830095542
London,51.5074,-0.1278,2024-12-25 11:21:48.995285,0.1235945208628784,0.05265191981168474,0.016594358221719223,0.19284079889628236
London,51.5074,-0.1278,2024-12-26 11:21:48.995285,0.09357441421685089,0.0496613438871997,0.005235703840201685,0.1484714619442523
London,51.5074,-0.1278,2024-12-27 11:21:48.995285,0.10640695688286887,0.054333437605173916,0.0002681072231927911,0.16100850171123557
London,51.5074,-0.1278,2024-12-28 11:21:48.995285,0.10800281595069444,0.050075363619271104,0.000598172454042881,0.15867635202400845
London,51.5074,-0.1278,2024-12-29 11:21:48.995285,0.0949638120763928,0.05517612679554977,0.019396381510618954,0.16953632038256153
London,51.5074,-0.1278,2024-12-30 11:21:48.995285,0.11267627768906639,0.05898403406182639,0.032340100215830156,0.20400041196672292
London,51.5074,-0.1278,2024-12-31 11:21:48.995285,0.10196399674079135,0.04937702500076295,0.011660649283860068,0.16300167102541435
London,51.5074,-0.1278,2025-01-01 11:21:48.995285,0.0811608721853206,0.05238950706409978,0.004531359621465951,0.13808173887088632
London,51.5074,-0.1278,2025-01-02 11:21:48.995285,0.11281896360545433,0.05541688730738145,0.027903505870788707,0.19613935678362449
London,51.5074,-0.1278,2025-01-03 11:21:48.995285,0.09518491416787814,0.050997874729543854,0.010870882058492784,0.15705367095591477
London,51.5074,-0.1278,2025-01-04 11:21:48.995285,0.09600854614895883,0.05556475060930824,0.01860039696701825,0.17017369372528535
London,51.5074,-0.1278,2025-01-05 11:21:48.995285,0.11349536701134677,0.056085167394470094,0.0145180318340531,0.18409856623986995
London,51.5074,-0.1278,2025-01-06 11:21:48.995285,0.10327282136414496,0.05878852697563625,0.004766485632355362,0.16682783397213657
London,51.5074,-0.1278,2025-01-07 11:21:48.995285,0.11604824917775168,0.05040531360569378,0.006514338090677188,0.17296790087412267
London,51.5074,-0.1278,2025-01-08 11:21:48.995285,0.11909624422416966,0.048783415434105866,0.0020595727796363945,0.16993923243791192
London,51.5074,-0.1278,2025-01-09 11:21:48.995285,0.10066728161959476,0.05202039616359015,0.00345331101363484,0.15614098879681976
London,51.5074,-0.1278,2025-01-10 11:21:48.995285,0.11516906534250942,0.048779458493744064,0.015056440992031935,0.17900496482828543
London,51.5074,-0.1278,2025-01-11 11:21:48.995285,0.09979956221571104,0.05649957613505742,0.02244112355485334,0.1787402619056218
London,51.5074,-0.1278,2025-01-12 11:21:48.995285,0.12980088004828733,0.047926103937600724,0.012890240064466048,0.19061722405035408
London,51.5074,-0.1278,2025-01-13 11:21:48.995285,0.10065348803947348,0.06545661113365625,0.00625813251449679,0.17236823168762652
London,51.5074,-0.1278,2025-01-14 11:21:48.995285,0.11795502267843942,0.060326713442288446,0.0009048204983815563,0.17918655661910943
London,51.5074,-0.1278,2025-01-15 11:21:48.995285,0.11624085876952352,0.05396435810335545,0.0005863380030938776,0.17079155487597286
London,51.5074,-0.1278,2025-01-16 11:21:48.995285,0.11107033478865712,0.058291700748773774,0.004689251144325462,0.17405128668175637
London,51.5074,-0.1278,2025-01-17 11:21:48.995285,0.10130817926757994,0.04582279611931943,0.006232885589757538,0.1533638609766569
London,51.5074,-0.1278,2025-01-18 11:21:48.995285,0.10660141567065953,0.0666745619520346,0.009393562633008692,0.18266954025570284
London,51.5074,-0.1278,2025-01-19 11:21:48.995285,0.08667888440357863,0.05115630970550963,6.510669876281292e-05,0.13790030080785107
London,51.5074,-0.1278,2025-01-20 11:21:48.995285,0.11055590664748059,0.05355336606233225,0.04577836232257081,0.20988763503238367
London,51.5074,-0.1278,2025-01-21 11:21:48.995285,0.11190233736662865,0.04492342559223021,0.004524606249822081,0.16135036920868095
London,51.5074,-0.1278,2025-01-22 11:21:48.995285,0.10983316510588899,0.05668052198134211,0.018844977403142393,0.1853586644903735
London,51.5074,-0.1278,2025-01-23 11:21:48.995285,0.07885457786983247,0.04876209900599347,0.007656462752384295,0.13527313962821025
London,51.5074,-0.1278,2025-01-24 11:21:48.995285,0.09601819909639786,0.05484556058147813,0.0013976731510294024,0.1522614328289054
London,51.5074,-0.1278,2025-01-25 11:21:48.995285,0.10127800722295581,0.051658086361098525,0.015973391610628104,0.16890948519468243
London,51.5074,-0.1278,2025-01-26 11:21:48.995285,0.1117572644313241,0.0490316178750651,0.012372782403341347,0.17316166470973057
London,51.5074,-0.1278,2025-01-27 11:21:48.995285,0.11181320252102533,0.05043809922348466,0.0074958227120544806,0.16974712445656448
London,51.5074,-0.1278,2025-01-28 11:21:48.995285,0.10729407077681065,0.05562709451868882,0.007226853511619104,0.17014801880711858
London,51.5074,-0.1278,2025-01-29 11:21:48.995285,0.11542259349406593,0.04812761419966906,0.0009154484391324829,0.16446565613286748
London,51.5074,-0.1278,2025-01-30 11:21:48.995285,0.09887885612882436,0.050826581585808786,0.010666746150033173,0.1603721838646663
London,51.5074,-0.1278,2025-01-31 11:21:48.995285,0.11531206293410631,0.05792122334490556,0.024218772690660688,0.19745205896967258
London,51.5074,-0.1278,2025-02-01 11:21:48.995285,0.11402283788419089,0.06765010779226756,0.0009788289754985905,0.18265177465195703
London,51.5074,-0.1278,2025-02-02 11:21:48.995285,0.11311391961660837,0.05705713024187965,0.003058615905851135,0.17322966576433915
London,51.5074,-0.1278,2025-02-03 11:21:48.995285,0.1075781562685624,0.050112972078823044,0.02325935334748945,0.18095048169487488
London,51.5074,-0.1278,2025-02-04 11:21:48.995285,0.12776340212258405,0.052892411086774165,0.0033455554838992835,0.1840013686932575
London,51.5074,-0.1278,2025-02-05 11:21:48.995285,0.11444252204785033,0.054913227612238664,0.010611537200065909,0.1799672868601549
London,51.5074,-0.1278,2025-02-06 11:21:48.995285,0.09987898963338349,0.053034049379781,0.007653269066991972,0.16056630808015648
London,51.5074,-0.1278,2025-02-07 11:21:48.995285,0.11209435259608286,0.05932093975304617,0.009071516334559646,0.18048680868368866
London,51.5074,-0.1278,2025-02-08 11:21:48.995285,0.11718223314729075,0.0559160671033454,0.005374928915664522,0.17847322916630068
London,51.5074,-0.1278,2025-02-09 11:21:48.995285,0.10381955322927199,0.05938958153380689,0.0035666275908969813,0.16677576235397587
London,51.5074,-0.1278,2025-02-10 11:21:48.995285,0.1206337270210352,0.05329828332437396,0.0004975074864916575,0.17442951783190083
London,51.5074,-0.1278,2025-02-11 11:21:48.995285,0.11359882047221667,0.06151674280613457,0.013636758562256775,0.188752321840608
London,51.5074,-0.1278,2025-02-12 11:21:48.995285,0.08638828132606263,0.054074104429950316,0.013707890410725993,0.15417027616673892
London,51.5074,-0.1278,2025-02-13 11:21:48.995285,0.11284145794090018,0.0500664197380705,0.011108642587002612,0.1740165202659733
London,51.5074,-0.1278,2025-02-14 11:21:48.995285,0.10581320287981272,0.06582334911718105,0.010317963918067653,0.18195451591506143
London,51.5074,-0.1278,2025-02-15 11:21:48.995285,0.1152711230962909,0.04582477374063119,0.0027933980898485413,0.16388929492677062
London,51.5074,-0.1278,2025-02-16 11:21:48.995285,0.11936437049669747,0.05126741742056503,0.00022598364170695946,0.17085777155896945
London,51.5074,-0.1278,2025-02-17 11:21:48.995285,0.1118937995403577,0.05183595027531779,0.016539928913236263,0.18026967872891178
London,51.5074,-0.1278,2025-02-18 11:21:48.995285,0.12661171230091875,0.06752112634601871,0.0067557947176764025,0.20088863336461388
London,51.5074,-0.1278,2025-02-19 11:21:48.995285,0.10818618088544661,0.06402091928627335,0.0036649172943754187,0.1758720174660954
London,51.5074,-0.1278,2025-02-20 11:21:48.995285,0.1162325324420944,0.06246181782398882,0.0010750938591614413,0.17976944412524465
London,51.5074,-0.1278,2025-02-21 11:21:48.995285,0.11804192584877031,0.05334295674431676,0.0006477491270400363,0.17203263172012712
London,51.5074,-0.1278,2025-02-22 11:21:48.995285,0.10902422533087158,0.06712973252910834,0.004290409293023451,0.18044436715300338
London,51.5074,-0.1278,2025-02-23 11:21:48.995285,0.11778765047713972,0.05684171371788581,0.016334082428636147,0.1909634466236617
London,51.5074,-0.1278,2025-02-24 11:21:48.995285,0.1040524367149257,0.059885900144789304,0.02509901424830963,0.18903735110802464
London,51.5074,-0.1278,2025-02-25 11:21:48.995285,0.1057697786166614,0.055896208308967826,0.022706152638197606,0.18437213956382684
London,51.5074,-0.1278,2025-02-26 11:21:48.995285,0.09686391025248722,0.05474706572130891,0.0252573907873338,0.17686836676112994
London,51.5074,-0.1278,2025-02-27 11:21:48.995285,0.1123932627723544,0.05373069243469507,0.023829857486245217,0.1899538126932947
London,51.5074,-0.1278,2025-02-28 11:21:48.995285,0.11321910577608515,0.05393509454167504,0.007491351653612833,0.17464555197137302
London,51.5074,-0.1278,2025-03-01 11:21:48.995285,0.12174368469679926,0.05801798479889388,0.0024771245845744863,0.18223879408026764
London,51.5074,-0.1278,2025-03-02 11:21:48.995285,0.11784396853623298,0.05680228324021401,0.01599718216278141,0.1906434339392284
London,51.5074,-0.1278,2025-03-03 11:21:48.995285,0.10706318507346023,0.05479821346894886,0.0024043338126869336,0.164265732355096
London,51.5074,-0.1278,2025-03-04 11:21:48.995285,0.09810497902898065,0.06249100791465598,0.0031089239574325733,0.1637049109010692
London,51.5074,-0.1278,2025-03-05 11:21:48.995285,0.11418798552483805,0.0400959754061155,0.0026560011255083917,0.15693996205646196
London,51.5074,-0.1278,2025-03-06 11:21:48.995285,0.12093679724394624,0.05746406899950589,0.0072357010766321925,0.18563656732008432
London,51.5074,-0.1278,2025-03-07 11:21:48.995285,0.11734798665449434,0.05848676199152235,0.0038835361066920145,0.17971828475270868
London,51.5074,-0.1278,2025-03-08 11:21:48.995285,0.12060488075489656,0.06061486709443769,0.0016742039221189777,0.18289395177145323
London,51.5074,-0.1278,2025-03-09 11:21:48.995285,0.1076022866543082,0.0545362337778785,0.006036235503947487,0.16817475593613418
London,51.5074,-0.1278,2025-03-10 11:21:48.995285,0.10501318814848419,0.05587928925204011,0.02070737442775312,0.18159985182827743
London,51.5074,-0.1278,2025-03-11 11:21:48.995285,0.10226569196332351,0.05974709465939436,0.008452566067136966,0.17046535268985483
London,51.5074,-0.1278,2025-03-12 11:21:48.995285,0.10902821350373701,0.06224942110633738,0.021064888927703144,0.19234252353777753
London,51.5074,-0.1278,2025-03-13 11:21:48.995285,0.10875090200661627,0.05326572505725839,0.002179970486559959,0.16419659755043461
London,51.5074,-0.1278,2025-03-14 11:21:48.995285,0.11155039208551289,0.05607668681569866,0.0018269027316854805,0.16945398163289702
London,51.5074,-0.1278,2025-03-15 11:21:48.995285,0.10813463686354913,0.0631066755386959,0.008570249757174207,0.17981156215941924
London,51.5074,-0.1278,2025-03-16 11:21:48.995285,0.10803253616568662,0.04406427135208291,0.00622369851717524,0.15832050603494477
London,51.5074,-0.1278,2025-03-17 11:21:48.995285,0.10154029878065837,0.05120355665611698,0.01079317559880417,0.1635370310355795
London,51.5074,-0.1278,2025-03-18 11:21:48.995285,0.11865909735744586,0.061950633503980286,0.015829264234261228,0.19643899509568738
London,51.5074,-0.1278,2025-03-19 11:21:48.995285,0.10994101688303107,0.06005060729833849,0.013915372637545559,0.18390699681891512
London,51.5074,-0.1278,2025-03-20 11:21:48.995285,0.10736160695808936,0.05716524920510456,0.028518254315656633,0.19304511047885053
London,51.5074,-0.1278,2025-03-21 11:21:48.995285,0.10155926549075481,0.05227379464607783,0.005079238532390111,0.15891229866922274
London,51.5074,-0.1278,2025-03-22 11:21:48.995285,0.09563926180343824,0.050070103958747454,0.002311590173145492,0.14802095593533118
London,51.5074,-0.1278,2025-03-23 11:21:48.995285,0.12196021515178837,0.0514842085169356,0.008005378443477302,0.18144980211220127
London,51.5074,-0.1278,2025-03-24 11:21:48.995285,0.11434650912105344,0.06214010212396115,0.001173691315415947,0.17766030256043053
London,51.5074,-0.1278,2025-03-25 11:21:48.995285,0.09247788476139354,0.051216318147769876,0.0034087348056586995,0.1471029377148221
London,51.5074,-0.1278,2025-03-26 11:21:48.995285,0.11626284428759569,0.054822825461447844,0.0023305255279116818,0.17341619527695523
London,51.5074,-0.1278,2025-03-27 11:21:48.995285,0.11776803339982937,0.050503072624440405,0.005051148228039356,0.17332225425230913
London,51.5074,-0.1278,2025-03-28 11:21:48.995285,0.10969625179653994,0.05844011543726045,0.0011790168957297332,0.16931538412953012
London,51.5074,-0.1278,2025-03-29 11:21:48.995285,0.12434036375170396,0.05148599599536098,0.00032359718031020303,0.17614995692737515
London,51.5074,-0.1278,2025-03-30 11:21:48.995285,0.11043073840846793,0.16093140462854244,0.010694244424941976,0.28205638746195233
London,51.5074,-0.1278,2025-03-31 11:21:48.995285,0.09399714523496726,0.045665779592015454,0.009422471495975393,0.1490853963229581
London,51.5074,-0.1278,2025-04-01 11:21:48.995285,0.11171648947369267,0.04596555855058003,0.01232231465849565,0.17000436268276836
London,51.5074,-0.1278,2025-04-02 11:21:48.995285,0.11041080165495346,0.05401928028552061,0.01079946896812456,0.17522955090859862
London,51.5074,-0.1278,2025-04-03 11:21:48.995285,0.1018235300630056,0.047302463499404764,0.0012137098092594714,0.15033970337166983
London,51.5074,-0.1278,2025-04-04 11:21:48.995285,0.11348442878244466,0.06439985340350772,0.003440110158689566,0.18132439234464193
London,51.5074,-0.1278,2025-04-05 11:21:48.995285,0.09096223346599681,0.04351182750339147,0.0013871808876536186,0.1358612418570419
London,51.5074,-0.1278,2025-04-06 11:21:48.995285,0.11743233654974798,0.04976245764433952,0.01851333705951702,0.18570813125360452
London,51.5074,-0.1278,2025-04-07 11:21:48.995285,0.09863100307243143,0.053789614390580734,0.013739850538724632,0.16616046800173678
London,51.5074,-0.1278,2025-04-08 11:21:48.995285,0.09744611428969456,0.05182212308145352,0.0022505412895366017,0.1515187786606847
London,51.5074,-0.1278,2025-04-09 11:21:48.995285,0.10603852141368485,0.04806765728506022,0.004175011118077967,0.15828118981682304
London,51.5074,-0.1278,2025-04-10 11:21:48.995285,0.11138556538150815,0.048738278853059556,0.03399648349957916,0.19412032773414686
London,51.5074,-0.1278,2025-04-11 11:21:48.995285,0.10857205290480407,0.0485131357469387,0.009017947035242137,0.1661031356869849
London,51.5074,-0.1278,2025-04-12 11:21:48.995285,0.09938114243704638,0.051970258573284765,0.016152326560834596,0.16750372757116574
London,51.5074,-0.1278,2025-04-13 11:21:48.995285,0.10161974573021645,0.06309996476865479,0.003073285192302443,0.16779299569117367
London,51.5074,-0.1278,2025-04-14 11:21:48.995285,0.09522114009831624,0.05366546826883648,0.0023578932333357806,0.1512445016004885
London,51.5074,-0.1278,2025-04-15 11:21:48.995285,0.10417374811606693,0.05912477601312044,0.01532092356559853,0.1786194476947859
London,51.5074,-0.1278,2025-04-16 11:21:48.995285,0.11703784029106745,0.055678695802119885,0.011579561820176974,0.1842960979133643
London,51.5074,-0.1278,2025-04-17 11:21:48.995285,0.10611021662319453,0.05864573498972775,0.011424949911666938,0.1761809015245892
London,51.5074,-0.1278,2025-04-18 11:21:48.995285,0.11461038317984376,0.03900829880315669,0.008043795280167779,0.1616624772631682
London,51.5074,-0.1278,2025-04-19 11:21:48.995285,0.12043186590018666,0.05141663615572122,0.00829146399253108,0.18013996604843896
London,51.5074,-0.1278,2025-04-20 11:21:48.995285,0.09985753748867357,0.05940453845527519,0.013306610185449062,0.17256868612939782
London,51.5074,-0.1278,2025-04-21 11:21:48.995285,0.10373016009354812,0.049939267198304216,0.003147141436416341,0.15681656872826868
London,51.5074,-0.1278,2025-04-22 11:21:48.995285,0.12716433299603147,0.06153856801705132,0.004350511904708045,0.19305341291779082
London,51.5074,-0.1278,2025-04-23 11:21:48.995285,0.11975073460141879,0.06007310100964847,0.02052891303506144,0.2003527486461287
London,51.5074,-0.1278,2025-04-24 11:21:48.995285,0.08843657865203501,0.05023465837444196,0.003694203961097136,0.1423654409875741
London,51.5074,-0.1278,2025-04-25 11:21:48.995285,0.10888390129506682,0.049990391471997096,0.007903401888082749,0.16677769465514666
London,51.5074,-0.1278,2025-04-26 11:21:48.995285,0.10486832699448385,0.04736333432377111,0.012128099504883218,0.1643597608231382
London,51.5074,-0.1278,2025-04-27 11:21:48.995285,0.11297612618532626,0.049207826379050336,0.09495716214841173,0.25714111471278833
London,51.5074,-0.1278,2025-04-28 11:21:48.995285,0.09710927926023405,0.04611658814669772,0.005714453117842471,0.14894032052477424
London,51.5074,-0.1278,2025-04-29 11:21:48.995285,0.09600910412309824,0.05434664982391751,0.00558778672507984,0.1559435406720956
London,51.5074,-0.1278,2025-04-30 11:21:48.995285,0.09748929624675945,0.04484476923311561,0.01848891117475387,0.16082297665462894
London,51.5074,-0.1278,2025-05-01 11:21:48.995285,0.09837427412617189,0.05506544487502922,0.016373391122462465,0.1698131101236636
London,51.5074,-0.1278,2025-05-02 11:21:48.995285,0.11208914443465481,0.05510834486778358,0.013133260274071896,0.18033074957651027
London,51.5074,-0.1278,2025-05-03 11:21:48.995285,0.09196506792055086,0.04358251780010021,0.0062218490611754594,0.14176943478182652
London,51.5074,-0.1278,2025-05-04 11:21:48.995285,0.0973909983077045,0.05955766168529054,0.00391472148060383,0.16086338147359885
London,51.5074,-0.1278,2025-05-05 11:21:48.995285,0.08556599922169292,0.05429610803542978,0.009383586536048176,0.14924569379317087
London,51.5074,-0.1278,2025-05-06 11:21:48.995285,0.11336526305636904,0.055395532518347,0.020892760877399805,0.18965355645211585
London,51.5074,-0.1278,2025-05-07 11:21:48.995285,0.11584137140366968,0.04777220919696527,0.021522484620579558,0.18513606522121454
London,51.5074,-0.1278,2025-05-08 11:21:48.995285,0.09969639388409705,0.05459545968873305,0.00114847985337915,0.15544033342620925
London,51.5074,-0.1278,2025-05-09 11:21:48.995285,0.09982281310385993,0.05703312062460641,0.005592288594749088,0.16244822232321543
London,51.5074,-0.1278,2025-05-10 11:21:48.995285,0.10716887395010906,0.05082528546861665,0.00624968959047861,0.16424384900920433
London,51.5074,-0.1278,2025-05-11 11:21:48.995285,0.11721504187859191,0.06124472319864649,0.03799380605728802,0.21645357113452643
London,51.5074,-0.1278,2025-05-12 11:21:48.995285,0.1063891641779453,0.05137185152571776,0.011331975696138199,0.16909299139980127
London,51.5074,-0.1278,2025-05-13 11:21:48.995285,0.09515978972964682,0.05677153357946136,0.005229765097901406,0.1571610884070096
London,51.5074,-0.1278,2025-05-14 11:21:48.995285,0.08577850317807137,0.05244840848526116,0.0002640340830241289,0.13849094574635668
London,51.5074,-0.1278,2025-05-15 11:21:48.995285,0.09064640323062075,0.16147932177873647,0.008332950656295562,0.2604586756656528
London,51.5074,-0.1278,2025-05-16 11:21:48.995285,0.10236026463250983,0.04245737372651873,0.001010099659695817,0.14582773801872437
London,51.5074,-0.1278,2025-05-17 11:21:48.995285,0.09490471673719082,0.052584264675676194,0.01798481757349308,0.16547379898636008
London,51.5074,-0.1278,2025-05-18 11:21:48.995285,0.1032371588344334,0.04696886538097658,0.013964200960597192,0.16417022517600718
London,51.5074,-0.1278,2025-05-19 11:21:48.995285,0.09558734990885462,0.04632630350672004,0.00617129472941854,0.1480849481449932
London,51.5074,-0.1278,2025-05-20 11:21:48.995285,0.09036390318522788,0.05919319967141589,0.005607352785292221,0.155164455641936
London,51.5074,-0.1278,2025-05-21 11:21:48.995285,0.08900354847780392,0.04931808115585557,0.022763226456175647,0.16108485608983514
London,51.5074,-0.1278,2025-05-22 11:21:48.995285,0.11622567786739024,0.04528455723195149,0.0034032132545379914,0.16491344835387972
London,51.5074,-0.1278,2025-05-23 11:21:48.995285,0.10932009982188175,0.04841945302447828,0.002863762082727012,0.16060331492908705
London,51.5074,-0.1278,2025-05-24 11:21:48.995285,0.11756336392055093,0.0436268410565261,0.028001232676409003,0.18919143765348603
London,51.5074,-0.1278,2025-05-25 11:21:48.995285,0.10548557897643791,0.05721245732542479,0.01656769783385931,0.179265734135722
London,51.5074,-0.1278,2025-05-26 11:21:48.995285,0.09561401594496473,0.04647856129472399,0.017182799987716664,0.15927537722740537
London,51.5074,-0.1278,2025-05-27 11:21:48.995285,0.11297522482262806,0.05251740746858269,0.002171537936273398,0.16766417022748414
London,51.5074,-0.1278,2025-05-28 11:21:48.995285,0.09923909765633702,0.05656542240602898,0.0015466280094165038,0.15735114807178252
London,51.5074,-0.1278,2025-05-29 11:21:48.995285,0.10160628492924559,0.04719817020709739,0.0002637431442111563,0.14906819828055415
London,51.5074,-0.1278,2025-05-30 11:21:48.995285,0.09879789141691019,0.05227317976519662,0.002705516514300658,0.15377658769640745
London,51.5074,-0.1278,2025-05-31 11:21:48.995285,0.06958559030898787,0.044376885976391854,0.014880635188277485,0.1288431114736572
London,51.5074,-0.1278,2025-06-01 11:21:48.995285,0.11493076005173158,0.06167055280995995,0.0027448739798496564,0.1793461868415412
London,51.5074,-0.1278,2025-06-02 11:21:48.995285,0.10362255768505173,0.05403815978582021,0.013060176510235229,0.17072089398110715
London,51.5074,-0.1278,2025-06-03 11:21:48.995285,0.10184023863948637,0.0483079718215966,0.0029022966864418916,0.15305050714752486
London,51.5074,-0.1278,2025-06-04 11:21:48.995285,0.09775416924790924,0.0453217962808626,0.005030104055465409,0.14810606958423725
London,51.5074,-0.1278,2025-06-05 11:21:48.995285,0.0998366123466057,0.04853118430717406,0.04084134259901576,0.1892091392527955
London,51.5074,-0.1278,2025-06-06 11:21:48.995285,0.09206048174360176,0.04731671693927452,0.0028078819828121354,0.1421850806656884
London,51.5074,-0.1278,2025-06-07 11:21:48.995285,0.10403058436867475,0.058697118192798554,0.0047219904107689906,0.1674496929722423
London,51.5074,-0.1278,2025-06-08 11:21:48.995285,0.08462595985370257,0.042720798037772435,0.003582292662223089,0.1309290505536981
London,51.5074,-0.1278,2025-06-09 11:21:48.995285,0.09939046251989613,0.049438896214046346,0.001161125413305403,0.1499904841472479
London,51.5074,-0.1278,2025-06-10 11:21:48.995285,0.10297907977843097,0.04858998220319142,0.006731370103529227,0.15830043208515163
London,51.5074,-0.1278,2025-06-11 11:21:48.995285,0.09521100190977881,0.04801179512227957,0.004759261943946321,0.1479820589760047
London,51.5074,-0.1278,2025-06-12 11:21:48.995285,0.10074154973197536,0.04797335262894084,0.011870733604177782,0.16058563596509398
London,51.5074,-0.1278,2025-06-13 11:21:48.995285,0.08695558566829924,0.04785411074471845,0.017015233056898064,0.15182492946991574
London,51.5074,-0.1278,2025-06-14 11:21:48.995285,0.08704764746879506,0.05271828792053785,0.007858102389740568,0.14762403777907349
London,51.5074,-0.1278,2025-06-15 11:21:48.995285,0.09891104808355661,0.05131686066910851,0.00032726127675151295,0.15055517002941662
London,51.5074,-0.1278,2025-06-16 11:21:48.995285,0.10316835923891285,0.050285989403215096,0.009647521352074978,0.16310186999420292
London,51.5074,-0.1278,2025-06-17 11:21:48.995285,0.07747426379294325,0.032941513363253835,0.0005698390791269399,0.11098561623532403
London,51.5074,-0.1278,2025-06-18 11:21:48.995285,0.101284303584543,0.04953102298753349,0.009580410832234194,0.16039573740431068
London,51.5074,-0.1278,2025-06-19 11:21:48.995285,0.09047442540808041,0.03967502340507148,0.011552777217216554,0.14170222603036844
London,51.5074,-0.1278,2025-06-20 11:21:48.995285,0.09382193572723034,0.05110659911583136,0.002203569719571875,0.14713210456263356
London,51.5074,-0.1278,2025-06-21 11:21:48.995285,0.08219963292084469,0.0551698929161001,0.01711172502610869,0.15448125086305348
London,51.5074,-0.1278,2025-06-22 11:21:48.995285,0.08692476066304833,0.04308927096951495,0.02420075901560971,0.154214790648173
London,51.5074,-0.1278,2025-06-23 11:21:48.995285,0.10494965817856447,0.04633529884991715,0.01677111819033255,0.16805607521881416
London,51.5074,-0.1278,2025-06-24 11:21:48.995285,0.09546590666871524,0.04457185793919157,0.0036400055397895715,0.1436777701476964
London,51.5074,-0.1278,2025-06-25 11:21:48.995285,0.09115979784844666,0.05367094981155513,0.008834436827345108,0.1536651844873469
London,51.5074,-0.1278,2025-06-26 11:21:48.995285,0.09367449256353114,0.047894827471281105,0.02462931668365255,0.1661986367184648
London,51.5074,-0.1278,2025-06-27 11:21:48.995285,0.09958481776502369,0.055987996662022005,0.003866404974774215,0.1594392194018199
London,51.5074,-0.1278,2025-06-28 11:21:48.995285,0.09895254057622688,0.04934256882203369,0.017149530081800632,0.16544463948006122
London,51.5074,-0.1278,2025-06-29 11:21:48.995285,0.09365383737193024,0.04841430459112822,9.520305901466013e-05,0.14216334502207312
London,51.5074,-0.1278,2025-06-30 11:21:48.995285,0.10519186842992345,0.047472172573492566,3.653368214771848e-05,0.15270057468556372
London,51.5074,-0.1278,2025-07-01 11:21:48.995285,0.10382677384614193,0.05115103423482432,0.014259156615076301,0.16923696469604255
London,51.5074,-0.1278,2025-07-02 11:21:48.995285,0.09811747965905473,0.03830344869264867,0.014331662113644962,0.15075259046534836
London,51.5074,-0.1278,2025-07-03 11:21:48.995285,0.09439327182946743,0.04735029677778591,0.015557890369059104,0.15730145897631245
London,51.5074,-0.1278,2025-07-04 11:21:48.995285,0.10028558280523706,0.046505953708381,0.026596435088510555,0.17338797160212863
London,51.5074,-0.1278,2025-07-05 11:21:48.995285,0.0967221270856462,0.050416820569606016,0.0012545700619056655,0.14839351771715786
London,51.5074,-0.1278,2025-07-06 11:21:48.995285,0.10405643714596863,0.04578571018458439,0.002639459952230902,0.15248160728278393
London,51.5074,-0.1278,2025-07-07 11:21:48.995285,0.10231497512524775,0.04146600850811898,0.02340545772211214,0.16718644135547886
London,51.5074,-0.1278,2025-07-08 11:21:48.995285,0.08300972689105256,0.04663288632721342,0.0019508611557451678,0.13159347437401114
London,51.5074,-0.1278,2025-07-09 11:21:48.995285,0.08220755602371317,0.0411193912212234,0.011464251234457757,0.13479119847939433
London,51.5074,-0.1278,2025-07-10 11:21:48.995285,0.08593166845488748,0.036845770886526685,0.007560081762841273,0.13033752110425545
London,51.5074,-0.1278,2025-07-11 11:21:48.995285,0.1025846177639096,0.05004722783904766,0.000868590360684687,0.15350043596364193
London,51.5074,-0.1278,2025-07-12 11:21:48.995285,0.07694133449142267,0.04924752009304092,0.003358415622562513,0.12954727020702608
London,51.5074,-0.1278,2025-07-13 11:21:48.995285,0.09653535378259398,0.0486293446657249,0.007347449268164701,0.15251214771648355
London,51.5074,-0.1278,2025-07-14 11:21:48.995285,0.09609876263560953,0.05275130797206901,0.019129114610656913,0.16797918521833546
London,51.5074,-0.1278,2025-07-15 11:21:48.995285,0.1039875944589565,0.04285539748452766,0.012294222093949772,0.15913721403743392
London,51.5074,-0.1278,2025-07-16 11:21:48.995285,0.09405454649296847,0.038970009079308525,0.009725520344430154,0.14275007591670716
London,51.5074,-0.1278,2025-07-17 11:21:48.995285,0.07871140754337386,0.04572160184056621,0.006852442708604201,0.13128545209254425
London,51.5074,-0.1278,2025-07-18 11:21:48.995285,0.08244462175569262,0.04428158418255737,0.0035479668584768405,0.13027417279672682
London,51.5074,-0.1278,2025-07-19 11:21:48.995285,0.0801152453178123,0.041756121684544935,0.0012697568410988055,0.12314112384345605
London,51.5074,-0.1278,2025-07-20 11:21:48.995285,0.08645517982220945,0.045518063975331445,0.00526067923940834,0.13723392303694923
London,51.5074,-0.1278,2025-07-21 11:21:48.995285,0.08990744233852165,0.04281020327535753,0.00028933046795958815,0.13300697608183876
London,51.5074,-0.1278,2025-07-22 11:21:48.995285,0.07998632994360307,0.03664034618612266,0.002370597962179082,0.11899727409190482
London,51.5074,-0.1278,2025-07-23 11:21:48.995285,0.10625412933299226,0.04356787125926589,0.005664852364391705,0.15548685295664985
London,51.5074,-0.1278,2025-07-24 11:21:48.995285,0.07820396458297732,0.04004651331773158,0.005423252101814781,0.12367373000252369
London,51.5074,-0.1278,2025-07-25 11:21:48.995285,0.1048296129581257,0.04684252971780506,0.000453064419293335,0.1521252070952241
London,51.5074,-0.1278,2025-07-26 11:21:48.995285,0.1031345671273002,0.04236129461525012,0.008893084341397321,0.15438894608394763
London,51.5074,-0.1278,2025-07-27 11:21:48.995285,0.100182903457155,0.15347428905251276,0.007978062886021405,0.2616352553956892
London,51.5074,-0.1278,2025-07-28 11:21:48.995285,0.08418176069873758,0.05357904372319187,0.0008132318983032712,0.1385740363202327
London,51.5074,-0.1278,2025-07-29 11:21:48.995285,0.09446611588441993,0.048917710411384985,0.028675686798771798,0.17205951309457673
London,51.5074,-0.1278,2025-07-30 11:21:48.995285,0.07819273064124697,0.03772809007845998,0.0010467494954627397,0.1169675702151697
London,51.5074,-0.1278,2025-07-31 11:21:48.995285,0.10000302404939533,0.05297295684392412,0.019298784056146826,0.17227476494946628
London,51.5074,-0.1278,2025-08-01 11:21:48.995285,0.0900843159240434,0.05329068412157186,3.0977989184242033e-06,0.14337809784453368
London,51.5074,-0.1278,2025-08-02 11:21:48.995285,0.08666389063220221,0.04547249894557424,0.021394556577785728,0.15353094615556218
London,51.5074,-0.1278,2025-08-03 11:21:48.995285,0.07845531222305752,0.05196101114648776,0.00019916760657542824,0.1306154909761207
London,51.5074,-0.1278,2025-08-04 11:21:48.995285,0.06585612535075552,0.04255721757828945,0.014180411266037855,0.12259375419508284
London,51.5074,-0.1278,2025-08-05 11:21:48.995285,0.08018697999573823,0.035954964608799954,0.004489324912421224,0.12063126951695942
London,51.5074,-0.1278,2025-08-06 11:21:48.995285,0.10164436615600735,0.04145676990683118,0.013402385992091224,0.15650352205492976
London,51.5074,-0.1278,2025-08-07 11:21:48.995285,0.0864348557489475,0.05387809934707155,0.005137385378922603,0.14545034047494165
London,51.5074,-0.1278,2025-08-08 11:21:48.995285,0.08871953325897657,0.03775101129700615,0.0007354743025944063,0.12720601885857713
London,51.5074,-0.1278,2025-08-09 11:21:48.995285,0.09692083809724304,0.04518025366683673,0.014588938517687946,0.1566900302817677
London,51.5074,-0.1278,2025-08-10 11:21:48.995285,0.10837731095092201,0.04533103055158074,0.0007391857428287021,0.15444752724533145
London,51.5074,-0.1278,2025-08-11 11:21:48.995285,0.10352886458316578,0.04257453779701564,0.025525916963522802,0.1716293193437042
London,51.5074,-0.1278,2025-08-12 11:21:48.995285,0.08051654445551444,0.042902339247652584,0.0005231912120133392,0.12394207491518038
London,51.5074,-0.1278,2025-08-13 11:21:48.995285,0.07077815736917105,0.04546317721295357,0.006526297657406881,0.12276763223953151
London,51.5074,-0.1278,2025-08-14 11:21:48.995285,0.11376687707120123,0.04227455553042646,0.012838620796209173,0.16888005339783685
London,51.5074,-0.1278,2025-08-15 11:21:48.995285,0.11283043461695624,0.03795996676434119,0.004996326079268669,0.1557867274605661
London,51.5074,-0.1278,2025-08-16 11:21:48.995285,0.09199776006196944,0.04613177176355558,0.0024492080701180763,0.1405787398956431
London,51.5074,-0.1278,2025-08-17 11:21:48.995285,0.07738397690424724,0.05041126259225759,0.014233358499158473,0.1420285979956633
London,51.5074,-0.1278,2025-08-18 11:21:48.995285,0.09969969684626526,0.049381578346930036,0.015338421769255584,0.1644196969624509
London,51.5074,-0.1278,2025-08-19 11:21:48.995285,0.08896911002886694,0.04097579610754746,0.02559996434864923,0.15554487048506363
London,51.5074,-0.1278,2025-08-20 11:21:48.995285,0.0889035997513922,0.038760565914340774,0.004718695456752829,0.1323828611224858
London,51.5074,-0.1278,2025-08-21 11:21:48.995285,0.09896541682239737,0.13076842435469743,0.007057294756789542,0.23679113593388434
London,51.5074,-0.1278,2025-08-22 11:21:48.995285,0.09335495031288266,0.052844558971053154,0.004511872808624633,0.15071138209256046
London,51.5074,-0.1278,2025-08-23 11:21:48.995285,0.07814638808297697,0.04823025899136094,0.0029716936395072823,0.12934834071384518
London,51.5074,-0.1278,2025-08-24 11:21:48.995285,0.08675341406263289,0.048520240090697477,0.01390434766932906,0.14917800182265942
London,51.5074,-0.1278,2025-08-25 11:21:48.995285,0.09661162188925157,0.04944933106024653,0.004149880754947965,0.15021083370444607
London,51.5074,-0.1278,2025-08-26 11:21:48.995285,0.09510483720425128,0.04710499030269348,0.005588775839616513,0.14779860334656128
London,51.5074,-0.1278,2025-08-27 11:21:48.995285,0.09262766563118793,0.045606792681869485,0.0051696720744785485,0.14340413038753597
London,51.5074,-0.1278,2025-08-28 11:21:48.995285,0.099349875333203,0.04831935737746202,0.012470933609016169,0.16014016631968117
London,51.5074,-0.1278,2025-08-29 11:21:48.995285,0.0864095803907458,0.042282544613369125,0.024985467680032594,0.15367759268414752
London,51.5074,-0.1278,2025-08-30 11:21:48.995285,0.09182750779071892,0.0379480899624325,0.010988805085579804,0.14076440283873123
London,51.5074,-0.1278,2025-08-31 11:21:48.995285,0.056302029929284486,0.04864389513865186,0.0063786876988590185,0.11132461276679537
London,51.5074,-0.1278,2025-09-01 11:21:48.995285,0.08558127596739254,0.05122757948165647,0.01510521129425776,0.15191406674330676
London,51.5074,-0.1278,2025-09-02 11:21:48.995285,0.09773970413488292,0.039459177827783076,0.010243530165867536,0.14744241212853354
London,51.5074,-0.1278,2025-09-03 11:21:48.995285,0.08622256090488871,0.049172860200109574,0.0006252493069785293,0.1360206704119768
London,51.5074,-0.1278,2025-09-04 11:21:48.995285,0.08549298791530796,0.05348145948318049,0.001005538488992628,0.1399799858874811
London,51.5074,-0.1278,2025-09-05 11:21:48.995285,0.07977240577953573,0.04508223663985635,0.00038654495321435945,0.12524118737260645
London,51.5074,-0.1278,2025-09-06 11:21:48.995285,0.1002551755122349,0.04102074736876299,0.0061030775879742935,0.14737900046897218
London,51.5074,-0.1278,2025-09-07 11:21:48.995285,0.09574362818368151,0.045744591091771675,0.017478580029443382,0.15896679930489657
London,51.5074,-0.1278,2025-09-08 11:21:48.995285,0.09855350675971578,0.042397010549738955,0.00375542055735141,0.14470593786680613
London,51.5074,-0.1278,2025-09-09 11:21:48.995285,0.07308046100387255,0.04208764976194372,0.004847683867520221,0.1200157946333365
London,51.5074,-0.1278,2025-09-10 11:21:48.995285,0.08878420172862066,0.04736027141699621,0.024021525140506025,0.16016599828612288
London,51.5074,-0.1278,2025-09-11 11:21:48.995285,0.08763654165658089,0.037200178491890994,0.018134128935307955,0.14297084908377983
London,51.5074,-0.1278,2025-09-12 11:21:48.995285,0.08768371777106294,0.0380250728060631,0.010937683765236923,0.13664647434236296
London,51.5074,-0.1278,2025-09-13 11:21:48.995285,0.08438376068854901,0.045368472464734,0.0031034192136629524,0.13285565236694596
London,51.5074,-0.1278,2025-09-14 11:21:48.995285,0.0871403967027809,0.04518917701572837,0.0012447705874384755,0.13357434430594772
London,51.5074,-0.1278,2025-09-15 11:21:48.995285,0.09915807553883726,0.04704858674108505,0.00016189162863185046,0.14636855390855416
London,51.5074,-0.1278,2025-09-16 11:21:48.995285,0.07159606963072974,0.05473841852452096,0.0011318064958178325,0.12746629465106854
London,51.5074,-0.1278,2025-09-17 11:21:48.995285,0.10856323480313819,0.045917713741795936,0.0034615397483286933,0.15794248829326282
London,51.5074,-0.1278,2025-09-18 11:21:48.995285,0.09569713136841128,0.0484202208107473,0.00802493548248147,0.15214228766164006
London,51.5074,-0.1278,2025-09-19 11:21:48.995285,0.09050654291537152,0.040587266257913666,0.0006613989091521867,0.13175520808243738
London,51.5074,-0.1278,2025-09-20 11:21:48.995285,0.10007203276720683,0.04934153396932147,0.0014644617724820822,0.1508780285090104
London,51.5074,-0.1278,2025-09-21 11:21:48.995285,0.07656183908372016,0.04290813894214887,0.0019976973760075117,0.12146767540187654
London,51.5074,-0.1278,2025-09-22 11:21:48.995285,0.08451231584905623,0.04593676661318865,0.00999623681625633,0.1404453192785012
London,51.5074,-0.1278,2025-09-23 11:21:48.995285,0.09003032862465203,0.045076298348932974,0.009565654776730513,0.14467228175031552
London,51.5074,-0.1278,2025-09-24 11:21:48.995285,0.1049810401570258,0.05082758940092218,0.008002107597679217,0.16381073715562722
London,51.5074,-0.1278,2025-09-25 11:21:48.995285,0.0909473946059764,0.03915629743674599,0.002883508623031187,0.13298720066575356
London,51.5074,-0.1278,2025-09-26 11:21:48.995285,0.0960023757965762,0.03433472136928717,0.004638143284948675,0.13497524045081205
London,51.5074,-0.1278,2025-09-27 11:21:48.995285,0.08569802598429394,0.04472974448638799,0.0010168917034308893,0.13144466217411283
London,51.5074,-0.1278,2025-09-28 11:21:48.995285,0.09655671442601683,0.04818680315269658,0.0025677867782653943,0.14731130435697878
London,51.5074,-0.1278,2025-09-29 11:21:48.995285,0.10855763039672042,0.046653964112525426,0.022798966969932204,0.17801056147917804
London,51.5074,-0.1278,2025-09-30 11:21:48.995285,0.10183987632666754,0.05210332589203275,0.03896727896049611,0.1929104811791964
London,51.5074,-0.1278,2025-10-01 11:21:48.995285,0.09117182924047444,0.048180057930024965,0.010431574844615113,0.1497834620151145
London,51.5074,-0.1278,2025-10-02 11:21:48.995285,0.09884545190508692,0.04322603005691681,0.024867879225534767,0.1669393611875385
London,51.5074,-0.1278,2025-10-03 11:21:48.995285,0.09797221103536435,0.03447141997394772,0.010292967903547804,0.14273659891285986
London,51.5074,-0.1278,2025-10-04 11:21:48.995285,0.09737172844813338,0.04496636469460422,0.0003375999559742598,0.14267569309871186
London,51.5074,-0.1278,2025-10-05 11:21:48.995285,0.10353647552381846,0.05134826596889618,0.057329801029293026,0.21221454252200767
London,51.5074,-0.1278,2025-10-06 11:21:48.995285,0.10357505616140912,0.044304900648181655,0.0010419708347041193,0.14892192764429488
London,51.5074,-0.1278,2025-10-07 11:21:48.995285,0.09137424380161131,0.046464516203568895,0.011477241791378394,0.1493160017965586
London,51.5074,-0.1278,2025-10-08 11:21:48.995285,0.09918235023181858,0.04848858108005399,0.002914708448938797,0.15058563976081135
London,51.5074,-0.1278,2025-10-09 11:21:48.995285,0.08905248456558432,0.04136525501734205,0.004975493332006925,0.13539323291493327
London,51.5074,-0.1278,2025-10-10 11:21:48.995285,0.08377469276632776,0.049618887847935854,0.01038272464487674,0.14377630525914037
London,51.5074,-0.1278,2025-10-11 11:21:48.995285,0.09043453477072347,0.054750345113890195,0.005735654955461574,0.15092053484007523
London,51.5074,-0.1278,2025-10-12 11:21:48.995285,0.09249278229427473,0.04576371514636824,0.0028841041620454554,0.14114060160268843
London,51.5074,-0.1278,2025-10-13 11:21:48.995285,0.07676784392579729,0.0410465047996271,0.004071357832264658,0.12188570655768904
London,51.5074,-0.1278,2025-10-14 11:21:48.995285,0.10211702998381739,0.04642384705971522,0.004178638309669498,0.1527195153532021
London,51.5074,-0.1278,2025-10-15 11:21:48.995285,0.06597242276507424,0.03570091795250477,0.0320211469343612,0.1336944876519402
London,51.5074,-0.1278,2025-10-16 11:21:48.995285,0.12092770191045453,0.04857428257767874,0.01602526928012773,0.185527253768261
London,51.5074,-0.1278,2025-10-17 11:21:48.995285,0.10893402263681193,0.049218987537667264,0.006135022839647139,0.16428803301412634
London,51.5074,-0.1278,2025-10-18 11:21:48.995285,0.09144264588866922,0.05540454803442399,0.0022291972679149234,0.14907639119100813
London,51.5074,-0.1278,2025-10-19 11:21:48.995285,0.09428626087109973,0.046126024669897875,0.016660935070405385,0.157073220611403
London,51.5074,-0.1278,2025-10-20 11:21:48.995285,0.09736270117296165,0.04920891790927676,0.0017100479946150868,0.1482816670768535
London,51.5074,-0.1278,2025-10-21 11:21:48.995285,0.08858404298843438,0.04293138292223239,0.0023630758973996256,0.1338785018080664
London,51.5074,-0.1278,2025-10-22 11:21:48.995285,0.09654613976048639,0.04552783853968312,0.0045572744754426376,0.14663125277561212
London,51.5074,-0.1278,2025-10-23 11:21:48.995285,0.09332584414932789,0.03975699477986126,0.021231693861955937,0.1543145327911451
London,51.5074,-0.1278,2025-10-24 11:21:48.995285,0.0939705633891693,0.0464826971743233,0.0014131782105613014,0.14186643877405392
London,51.5074,-0.1278,2025-10-25 11:21:48.995285,0.09687685513320661,0.04600457648160729,0.0013037545538544108,0.1441851861686683
London,51.5074,-0.1278,2025-10-26 11:21:48.995285,0.08207738361530217,0.04910232962986554,0.006811691806895578,0.1379914050520633
London,51.5074,-0.1278,2025-10-27 11:21:48.995285,0.09576019453230797,0.04456426424382255,0.003235310931371364,0.1435597697075019
London,51.5074,-0.1278,2025-10-28 11:21:48.995285,0.09715218404877067,0.04817558004617341,0.008410161621433057,0.15373792571637712
London,51.5074,-0.1278,2025-10-29 11:21:48.995285,0.09696074028805483,0.04616922175920952,0.006008172275563251,0.1491381343228276
London,51.5074,-0.1278,2025-10-30 11:21:48.995285,0.09366975641951529,0.04625653504544085,0.00570857172315428,0.14563486318811042
London,51.5074,-0.1278,2025-10-31 11:21:48.995285,0.107363697867634,0.04839437168378529,0.0011875309781243968,0.1569456005295437
London,51.5074,-0.1278,2025-11-01 11:21:48.995285,0.09260684038874842,0.04827429768036701,0.0015204420529485744,0.142401580122064
London,51.5074,-0.1278,2025-11-02 11:21:48.995285,0.09857601363932518,0.05195724748080483,0.01720808549671376,0.16774134661684378
London,51.5074,-0.1278,2025-11-03 11:21:48.995285,0.10943621411749174,0.04762840421846897,0.021705287414607085,0.1787699057505678
London,51.5074,-0.1278,2025-11-04 11:21:48.995285,0.09583100960385575,0.04656295875641442,0.0026746584819567604,0.14506862684222693
London,51.5074,-0.1278,2025-11-05 11:21:48.995285,0.09893193605775187,0.047489614466102045,0.0012042959893282723,0.1476258465131822
London,51.5074,-0.1278,2025-11-06 11:21:48.995285,0.09598694139028814,0.0449020732925136,0.0005489627410382955,0.14143797742384004
London,51.5074,-0.1278,2025-11-07 11:21:48.995285,0.10948887360682989,0.046758032367763595,0.009372529462735004,0.1656194354373285
London,51.5074,-0.1278,2025-11-08 11:21:48.995285,0.094703172808796,0.05879600277769563,0.012565062094390194,0.16606423768088183
London,51.5074,-0.1278,2025-11-09 11:21:48.995285,0.11028001282172017,0.044159839720939724,0.0046650573673604374,0.15910490991002035
London,51.5074,-0.1278,2025-11-10 11:21:48.995285,0.09657739339346987,0.047413354500573705,0.011384218817479402,0.15537496671152295
London,51.5074,-0.1278,2025-11-11 11:21:48.995285,0.08918618763547817,0.04695294911863072,0.012481295737250344,0.14862043249135923
London,51.5074,-0.1278,2025-11-12 11:21:48.995285,0.10474268670705503,0.04773861943943491,0.02738647790278316,0.17986778404927312
London,51.5074,-0.1278,2025-11-13 11:21:48.995285,0.095071054564011,0.04740266990639181,0.0006707361212452259,0.14314446059164804
London,51.5074,-0.1278,2025-11-14 11:21:48.995285,0.10449207754917686,0.05053973478519761,0.0021355432925579667,0.15716735562693243
London,51.5074,-0.1278,2025-11-15 11:21:48.995285,0.07116286794411986,0.04067758038971962,0.0007098698798451364,0.11255031821368462
London,51.5074,-0.1278,2025-11-16 11:21:48.995285,0.09867926489781681,0.0544994635020937,0.020249073978769547,0.17342780237868005
London,51.5074,-0.1278,2025-11-17 11:21:48.995285,0.09420186656343167,0.05256187377371423,0.015730440759109537,0.16249418109625544
London,51.5074,-0.1278,2025-11-18 11:21:48.995285,0.08833639616021287,0.04327013358244715,0.00854824277725867,0.14015477251991867
London,51.5074,-0.1278,2025-11-19 11:21:48.995285,0.09360794199422755,0.038224789641550766,0.0008737152552752934,0.1327064468910536
London,51.5074,-0.1278,2025-11-20 11:21:48.995285,0.09357494428905028,0.04477062713528139,0.003192585480456756,0.14153815690478844
London,51.5074,-0.1278,2025-11-21 11:21:48.995285,0.09900394537926165,0.04852856935674812,0.0035342287772658883,0.15106674351327565
London,51.5074,-0.1278,2025-11-22 11:21:48.995285,0.085982519270923,0.06272935143534016,0.008226710620301576,0.15693858132656474
London,51.5074,-0.1278,2025-11-23 11:21:48.995285,0.1029906042410388,0.052630218044092195,0.0029846519394827803,0.15860547422461377
London,51.5074,-0.1278,2025-11-24 11:21:48.995285,0.11366214785205789,0.04096205175409272,0.0007575841760378008,0.1553817837821884
New York,40.7128,-74.006,2024-11-24 11:21:48.995285,0.1215116404142577,0.04486343288474514,0.014245990758032756,0.1806210640570356
New York,40.7128,-74.006,2024-11-25 11:21:48.995285,0.11823495652538434,0.049391203123003644,0.008048987858742127,0.1756751475071301
New York,40.7128,-74.006,2024-11-26 11:21:48.995285,0.1078070000155814,0.04191684108280415,0.0029042841158320315,0.1526281252142176
New York,40.7128,-74.006,2024-11-27 11:21:48.995285,0.09091006490810428,0.052333460884611695,0.0011753602981453084,0.1444188860908613
New York,40.7128,-74.006,2024-11-28 11:21:48.995285,0.10961858353513357,0.049497943843183866,0.022902536979371137,0.18201906435768858
New York,40.7128,-74.006,2024-11-29 11:21:48.995285,0.09847347770226841,0.050227212076052574,0.022318099583625805,0.17101878936194678
New York,40.7128,-74.006,2024-11-30 11:21:48.995285,0.07950092258803314,0.05653551413766543,0.0011731569003701472,0.13720959362606872
New York,40.7128,-74.006,2024-12-01 11:21:48.995285,0.10407308682300613,0.048316070031714474,0.015956171906050656,0.16834532876077124
New York,40.7128,-74.006,2024-12-02 11:21:48.995285,0.0929536573127921,0.04942577806670595,0.005917556556937341,0.1482969919364354
New York,40.7128,-74.006,2024-12-03 11:21:48.995285,0.09346255391574244,0.05088141058313749,0.003915132882043645,0.14825909738092358
New York,40.7128,-74.006,2024-12-04 11:21:48.995285,0.0992088515061347,0.04165650447383923,0.013436354737621937,0.15430171071759588
New York,40.7128,-74.006,2024-12-05 11:21:48.995285,0.09689903736900832,0.04961081527040621,0.009527720074731006,0.15603757271414553
New York,40.7128,-74.006,2024-12-06 11:21:48.995285,0.10170847680764612,0.03859654793791218,0.015142645946919482,0.15544767069247778
New York,40.7128,-74.006,2024-12-07 11:21:48.995285,0.10139590962986961,0.04818199975554213,0.0007723624848576928,0.15035027187026942
New York,40.7128,-74.006,2024-12-08 11:21:48.995285,0.08362863673158319,0.055469309096993887,0.003835867248575365,0.14293381307715244
New York,40.7128,-74.006,2024-12-09 11:21:48.995285,0.1177563128399902,0.053513099266836284,0.003846583533766247,0.17511599564059274
New York,40.7128,-74.006,2024-12-10 11:21:48.995285,0.09288581434585426,0.048385689235400146,0.004001091155100801,0.1452725947363552
New York,40.7128,-74.006,2024-12-11 11:21:48.995285,0.09336084047750136,0.05164640325552211,0.006981192662044758,0.15198843639506823
New York,40.7128,-74.006,2024-12-12 11:21:48.995285,0.09976367972865992,0.04614965828762942,0.0033269868972674505,0.1492403249135568
New York,40.7128,-74.006,2024-12-13 11:21:48.995285,0.1021293481432307,0.05159463129271422,0.005876771690545436,0.15960075112649036
New York,40.7128,-74.006,2024-12-14 11:21:48.995285,0.11796502716425952,0.06633921592543313,0.004585140371134429,0.18888938346082706
New York,40.7128,-74.006,2024-12-15 11:21:48.995285,0.10623099574231273,0.06099738721274152,0.013291432398284642,0.1805198153533389
New York,40.7128,-74.006,2024-12-16 11:21:48.995285,0.10936190027000207,0.05211173336453968,0.009250812446559065,0.17072444608110082
New York,40.7128,-74.006,2024-12-17 11:21:48.995285,0.10660199593826888,0.05272903785579491,0.010602460721777006,0.1699334945158408
New York,40.7128,-74.006,2024-12-18 11:21:48.995285,0.10632949571704746,0.047109613372857115,0.002364617132286178,0.15580372622219074
New York,40.7128,-74.006,2024-12-19 11:21:48.995285,0.10726923105699326,0.048077022473306336,0.003937868136091449,0.15928412166639105
New York,40.7128,-74.006,2024-12-20 11:21:48.995285,0.08500041449981494,0.05397479957327563,0.00021392647272552596,0.1391891405458161
New York,40.7128,-74.006,2024-12-21 11:21:48.995285,0.10198310856900883,0.04961668388051963,0.0011470931009930616,0.15274688555052152
New York,40.7128,-74.006,2024-12-22 11:21:48.995285,0.11625811381474009,0.05683849932877217,0.0030795856751044317,0.1761761988186167
New York,40.7128,-74.006,2024-12-23 11:21:48.995285,0.14421064850922474,0.1807262928164032,0.0006770483133338917,0.3256139896389618
New York,40.7128,-74.006,2024-12-24 11:21:48.995285,0.09289466617620468,0.054131981674705086,0.009228934830254379,0.15625558268116416
New York,40.7128,-74.006,2024-12-25 11:21:48.995285,0.10931750904176459,0.05305204074846016,0.06281878841387602,0.22518833820410078
New York,40.7128,-74.006,2024-12-26 11:21:48.995285,0.09952369029491209,0.0442131799122745,0.0010626671954255204,0.14479953740261212
New York,40.7128,-74.006,2024-12-27 11:21:48.995285,0.1258565707543515,0.05642807708405175,0.01721656405180869,0.19950121189021194
New York,40.7128,-74.006,2024-12-28 11:21:48.995285,0.09198652552376138,0.04704382005814281,0.00126489101882966,0.14029523660073384
New York,40.7128,-74.006,2024-12-29 11:21:48.995285,0.11191641246606998,0.05074346313828849,0.011084021093569247,0.1737438966979277
New York,40.7128,-74.006,2024-12-30 11:21:48.995285,0.09173589173949612,0.05770188082919468,0.010304610598282351,0.15974238316697315
New York,40.7128,-74.006,2024-12-31 11:21:48.995285,0.10276160018899931,0.058122424256348976,0.02330130352329748,0.18418532796864576
New York,40.7128,-74.006,2025-01-01 11:21:48.995285,0.10574163539365318,0.05070984671382505,0.001209769461532095,0.1576612515690103
New York,40.7128,-74.006,2025-01-02 11:21:48.995285,0.11691738430180476,0.05106565606760441,0.0037898550691181743,0.17177289543852733
New York,40.7128,-74.006,2025-01-03 11:21:48.995285,0.0955826547473165,0.049680567138167535,0.0009516792631298684,0.1462149011486139
New York,40.7128,-74.006,2025-01-04 11:21:48.995285,0.11312012609882367,0.047253879078545356,0.005232075068852191,0.16560608024622123
New York,40.7128,-74.006,2025-01-05 11:21:48.995285,0.10680412341630226,0.050134195680690184,0.024258060901191703,0.18119637999818414
New York,40.7128,-74.006,2025-01-06 11:21:48.995285,0.10947237005118926,0.04530656799959129,0.015210752245765725,0.1699896902965463
New York,40.7128,-74.006,2025-01-07 11:21:48.995285,0.11645385481908808,0.05685057674365966,0.012833771896008888,0.18613820345875665
New York,40.7128,-74.006,2025-01-08 11:21:48.995285,0.0941690163404636,0.055469909661067615,0.007614849199700057,0.1572537752012313
New York,40.7128,-74.006,2025-01-09 11:21:48.995285,0.11522251595430368,0.05636092953576144,0.02149741630078548,0.19308086179085057
New York,40.7128,-74.006,2025-01-10 11:21:48.995285,0.10154739185206488,0.04884619993860385,0.005968226031423991,0.1563618178220927
New York,40.7128,-74.006,2025-01-11 11:21:48.995285,0.11831290477940812,0.04770173229724465,0.0016214919444718973,0.16763612902112465
New York,40.7128,-74.006,2025-01-12 11:21:48.995285,0.11081529722234436,0.05400243181005058,0.018176018647583603,0.18299374767997856
New York,40.7128,-74.006,2025-01-13 11:21:48.995285,0.10548777426961507,0.05411204186714394,0.0032800187094319407,0.16287983484619095
New York,40.7128,-74.006,2025-01-14 11:21:48.995285,0.10179388857793117,0.053110724996854965,0.0005512540758890238,0.15545586765067515
New York,40.7128,-74.006,2025-01-15 11:21:48.995285,0.11603590845426107,0.05245406290941463,0.001347184176243548,0.16983715553991924
New York,40.7128,-74.006,2025-01-16 11:21:48.995285,0.12051897342237707,0.06250860717225583,0.009391984111537122,0.19241956470617003
New York,40.7128,-74.006,2025-01-17 11:21:48.995285,0.10268509547314492,0.056136930499838276,0.009341542484603116,0.16816356845758632
New York,40.7128,-74.006,2025-01-18 11:21:48.995285,0.09678532493225965,0.06391108725236927,0.0030135265191339024,0.16370993870376283
New York,40.7128,-74.006,2025-01-19 11:21:48.995285,0.1151568759624764,0.060452207893670236,0.01298943584201523,0.18859851969816185
New York,40.7128,-74.006,2025-01-20 11:21:48.995285,0.09382639684332109,0.06267220776191577,0.01485629313223045,0.1713548977374673
New York,40.7128,-74.006,2025-01-21 11:21:48.995285,0.09535105968051508,0.04883077819639239,0.025320312909947296,0.16950215078685477
New York,40.7128,-74.006,2025-01-22 11:21:48.995285,0.09787116815999629,0.057214940412627785,0.00879326164496713,0.1638793702175912
New York,40.7128,-74.006,2025-01-23 11:21:48.995285,0.10443313475237054,0.052134992346412154,0.015115100895921543,0.17168322799470426
New York,40.7128,-74.006,2025-01-24 11:21:48.995285,0.09531124465514153,0.046020348216850325,0.013987705856356262,0.1553192987283481
New York,40.7128,-74.006,2025-01-25 11:21:48.995285,0.08937091795762665,0.06185947437349884,0.0029814872184358125,0.1542118795495613
New York,40.7128,-74.006,2025-01-26 11:21:48.995285,0.0974862331560624,0.05295187492118868,0.0037139116680203533,0.15415201974527143
New York,40.7128,-74.006,2025-01-27 11:21:48.995285,0.11534455793032168,0.04918439858096432,0.006510122481654663,0.17103907899294069
New York,40.7128,-74.006,2025-01-28 11:21:48.995285,0.09628086797525476,0.05242533503201775,0.00019222542457760717,0.1488984284318501
New York,40.7128,-74.006,2025-01-29 11:21:48.995285,0.10566744134848466,0.05055394845014408,0.0035296436972435353,0.15975103349587227
New York,40.7128,-74.006,2025-01-30 11:21:48.995285,0.12860826450550897,0.05110215010284334,0.006422314167821602,0.1861327287761739
New York,40.7128,-74.006,2025-01-31 11:21:48.995285,0.10871797157689544,0.05349683948766993,0.0011436683471254833,0.16335847941169085
New York,40.7128,-74.006,2025-02-01 11:21:48.995285,0.11270072673308791,0.0632917843831197,0.0013499061422798154,0.17734241725848743
New York,40.7128,-74.006,2025-02-02 11:21:48.995285,0.09987797210571372,0.0513376000613915,0.006221981303485058,0.1574375534705903
New York,40.7128,-74.006,2025-02-03 11:21:48.995285,0.1310333091164204,0.06299563361080543,0.013129139137244544,0.20715808186447035
New York,40.7128,-74.006,2025-02-04 11:21:48.995285,0.10404301898288715,0.058972165917033324,0.017942561689145677,0.18095774658906616
New York,40.7128,-74.006,2025-02-05 11:21:48.995285,0.10722951831843638,0.0567366403994062,0.007903497242663813,0.1718696559605064
New York,40.7128,-74.006,2025-02-06 11:21:48.995285,0.12273293504559271,0.05852177429421891,0.006438790116943559,0.1876934994567552
New York,40.7128,-74.006,2025-02-07 11:21:48.995285,0.10779395539018682,0.054873927238548795,0.004849638874846238,0.16751752150358185
New York,40.7128,-74.006,2025-02-08 11:21:48.995285,0.11013628720330071,0.06125895020759141,0.002143684063126101,0.17353892147401823
New York,40.7128,-74.006,2025-02-09 11:21:48.995285,0.10688375601062379,0.05768522092559305,0.0015848238474598054,0.16615380078367664
New York,40.7128,-74.006,2025-02-10 11:21:48.995285,0.10699268077115194,0.046547172350734536,0.015697194946073408,0.1692370480679599
New York,40.7128,-74.006,2025-02-11 11:21:48.995285,0.11348350352333748,0.05637050136697811,0.00625500928821542,0.17610901417853103
New York,40.7128,-74.006,2025-02-12 11:21:48.995285,0.11534249659469716,0.058826398066321124,0.015621738907028615,0.1897906335680469
New York,40.7128,-74.006,2025-02-13 11:21:48.995285,0.10341225385539525,0.053477362990754375,0.012176763907043657,0.1690663807531933
New York,40.7128,-74.006,2025-02-14 11:21:48.995285,0.10221268986247058,0.0555680265755396,0.002155424063310045,0.1599361405013202
New York,40.7128,-74.006,2025-02-15 11:21:48.995285,0.1038079640622979,0.051885372502064736,0.007139771543868018,0.16283310810823065
New York,40.7128,-74.006,2025-02-16 11:21:48.995285,0.09590968195218165,0.04807298276677186,0.00587016896011052,0.14985283367906405
New York,40.7128,-74.006,2025-02-17 11:21:48.995285,0.09403787648374655,0.04721920517981356,0.005514280349150097,0.1467713620127102
New York,40.7128,-74.006,2025-02-18 11:21:48.995285,0.11293086143372089,0.04729425504539159,0.007821337051328198,0.16804645353044068
New York,40.7128,-74.006,2025-02-19 11:21:48.995285,0.11935920776283268,0.05833184857789345,0.04021943963861946,0.2179104959793456
New York,40.7128,-74.006,2025-02-20 11:21:48.995285,0.11869480714300783,0.042540768563896186,0.016761152400992064,0.17799672810789607
New York,40.7128,-74.006,2025-02-21 11:21:48.995285,0.08617258738103026,0.05166385042138101,0.023404160612463566,0.16124059841487484
New York,40.7128,-74.006,2025-02-22 11:21:48.995285,0.1075470341493663,0.051170576083672564,0.00030087712761375194,0.15901848736065263
New York,40.7128,-74.006,2025-02-23 11:21:48.995285,0.09897898784143631,0.05358915601874363,0.001512140904209275,0.15408028476438923
New York,40.7128,-74.006,2025-02-24 11:21:48.995285,0.11143654096475596,0.04571742554359268,0.0008857295222244137,0.15803969603057302
New York,40.7128,-74.006,2025-02-25 11:21:48.995285,0.10581722761877978,0.05701717187713989,0.0030548087563394507,0.1658892082522591
New York,40.7128,-74.006,2025-02-26 11:21:48.995285,0.11590791621829623,0.04862859160712568,0.005832036684322433,0.17036854450974434
New York,40.7128,-74.006,2025-02-27 11:21:48.995285,0.10978764070464052,0.06065161350787331,0.010273710401127676,0.1807129646136415
New York,40.7128,-74.006,2025-02-28 11:21:48.995285,0.09100657006836281,0.05187446607082669,0.006948110966740951,0.14982914710593045
New York,40.7128,-74.006,2025-03-01 11:21:48.995285,0.10028019438301157,0.05449746143844388,0.023349421302513322,0.17812707712396877
New York,40.7128,-74.006,2025-03-02 11:21:48.995285,0.10999041964094068,0.0549851535291131,0.028110129086985864,0.19308570225703967
New York,40.7128,-74.006,2025-03-03 11:21:48.995285,0.11081224493224542,0.05617677558427014,0.0017855380513007951,0.16877455856781637
New York,40.7128,-74.006,2025-03-04 11:21:48.995285,0.09583000782528339,0.05512845983864242,0.019167304884395477,0.17012577254832129
New York,40.7128,-74.006,2025-03-05 11:21:48.995285,0.09449488446417709,0.052794188006156,0.006572438947838242,0.1538615114181713
New York,40.7128,-74.006,2025-03-06 11:21:48.995285,0.11039171889553161,0.1698896262401104,0.0060390898219363585,0.28632043495757836
New York,40.7128,-74.006,2025-03-07 11:21:48.995285,0.09575946385594963,0.05722880411070222,0.015368351905654418,0.16835661987230627
New York,40.7128,-74.006,2025-03-08 11:21:48.995285,0.09307381124131583,0.05105437941761374,0.0009776775712451796,0.14510586823017474
New York,40.7128,-74.006,2025-03-09 11:21:48.995285,0.10526977683997721,0.05699243007801309,0.02141258457058583,0.18367479148857616
New York,40.7128,-74.006,2025-03-10 11:21:48.995285,0.10479491691685414,0.0607982904271288,0.011112822787232354,0.1767060301312153
New York,40.7128,-74.006,2025-03-11 11:21:48.995285,0.10085070071224848,0.05834682372334351,0.020815365960383834,0.18001289039597582
New York,40.7128,-74.006,2025-03-12 11:21:48.995285,0.10254980860262335,0.05945546529317242,0.0519893869386412,0.21399466083443697
New York,40.7128,-74.006,2025-03-13 11:21:48.995285,0.1096751671985284,0.05562800922768946,0.007298204022299128,0.172601380448517
New York,40.7128,-74.006,2025-03-14 11:21:48.995285,0.10228198676332353,0.050061055669686466,0.0009790195324920518,0.15332206196550205
New York,40.7128,-74.006,2025-03-15 11:21:48.995285,0.11013458165055261,0.05066558341843388,0.0018215020699223422,0.16262166713890883
New York,40.7128,-74.006,2025-03-16 11:21:48.995285,0.10556412810178098,0.05628384657074922,0.003909976323898759,0.16575795099642895
New York,40.7128,-74.006,2025-03-17 11:21:48.995285,0.11098374086424637,0.05936743828095145,0.0010931604193025694,0.1714443395645004
New York,40.7128,-74.006,2025-03-18 11:21:48.995285,0.11802496287629739,0.06855101318093575,0.016892488718762526,0.20346846477599567
New York,40.7128,-74.006,2025-03-19 11:21:48.995285,0.1175683147144999,0.05949702785248999,0.0035221042622097737,0.18058744682919967
New York,40.7128,-74.006,2025-03-20 11:21:48.995285,0.12198815101160301,0.048700844362983574,0.03724970491442126,0.20793870028900785
New York,40.7128,-74.006,2025-03-21 11:21:48.995285,0.11741502699221845,0.050680416149823514,0.012126484354580191,0.18022192749662216
New York,40.7128,-74.006,2025-03-22 11:21:48.995285,0.11134396822276714,0.06587178303345455,0.0019047111875484472,0.17912046244377014
New York,40.7128,-74.006,2025-03-23 11:21:48.995285,0.10454625684989349,0.05336834195326358,0.006463449852708167,0.16437804865586522
New York,40.7128,-74.006,2025-03-24 11:21:48.995285,0.10492251281157312,0.05463763419367412,0.006290166582050363,0.1658503135872976
New York,40.7128,-74.006,2025-03-25 11:21:48.995285,0.09993929012273511,0.04955644699150046,0.006782815404160352,0.15627855251839592
New York,40.7128,-74.006,2025-03-26 11:21:48.995285,0.1086767141910147,0.062141227668120774,0.007672053676454409,0.17848999553558986
New York,40.7128,-74.006,2025-03-27 11:21:48.995285,0.11551709648461762,0.05677327688535227,0.0003166930256867974,0.17260706639565668
New York,40.7128,-74.006,2025-03-28 11:21:48.995285,0.10119581454470043,0.05035323854733876,0.011593217523913171,0.16314227061595238
New York,40.7128,-74.006,2025-03-29 11:21:48.995285,0.10798707620754863,0.04921050095280683,0.006678533346752086,0.16387611050710754
New York,40.7128,-74.006,2025-03-30 11:21:48.995285,0.10148991970002141,0.05566779072310891,0.01565255485067993,0.17281026527381024
New York,40.7128,-74.006,2025-03-31 11:21:48.995285,0.11025892381633531,0.054303721131631844,0.016892908266135605,0.18145555321410275
New York,40.7128,-74.006,2025-04-01 11:21:48.995285,0.10257096562370996,0.058192950817710365,0.0026205996935917664,0.1633845161350121
New York,40.7128,-74.006,2025-04-02 11:21:48.995285,0.10056672292488564,0.05671575668454908,0.0004963461436527414,0.15777882575308746
New York,40.7128,-74.006,2025-04-03 11:21:48.995285,0.10105683160146689,0.05260584753155046,0.012148108446547493,0.16581078757956483
New York,40.7128,-74.006,2025-04-04 11:21:48.995285,0.11278212815212608,0.05115541222952837,0.038059881980304446,0.2019974223619589
New York,40.7128,-74.006,2025-04-05 11:21:48.995285,0.10667139207460188,0.05301973232245855,0.005917789995207099,0.16560891439226752
New York,40.7128,-74.006,2025-04-06 11:21:48.995285,0.10324245097531973,0.051009929904376236,0.003005819993422299,0.15725820087311826
New York,40.7128,-74.006,2025-04-07 11:21:48.995285,0.11002626513395806,0.05305513239021917,0.0017039918505874238,0.16478538937476464
New York,40.7128,-74.006,2025-04-08 11:21:48.995285,0.10315041336618838,0.053729992413529354,0.0033889901521466123,0.16026939593186434
New York,40.7128,-74.006,2025-04-09 11:21:48.995285,0.11844194807361666,0.049098730101479526,0.003973772304032259,0.17151445047912844
New York,40.7128,-74.006,2025-04-10 11:21:48.995285,0.09731717456413923,0.056681317361025295,0.005514301826119296,0.1595127937512838
New York,40.7128,-74.006,2025-04-11 11:21:48.995285,0.10506309714069696,0.051614267562086535,0.01065391626067093,0.16733128096345443
New York,40.7128,-74.006,2025-04-12 11:21:48.995285,0.09276008187810016,0.049194445295958365,0.003190531128221767,0.14514505830228028
New York,40.7128,-74.006,2025-04-13 11:21:48.995285,0.1032118947232344,0.05158228217965833,0.0005232199539133228,0.15531739685680607
New York,40.7128,-74.006,2025-04-14 11:21:48.995285,0.08975520859502456,0.054487072569146866,0.004672531936801659,0.1489148131009731
New York,40.7128,-74.006,2025-04-15 11:21:48.995285,0.1138837123579569,0.05362546456524934,0.019353731716134345,0.18686290863934057
New York,40.7128,-74.006,2025-04-16 11:21:48.995285,0.11395266581601414,0.05525440464750149,0.0068985562537999395,0.17610562671731556
New York,40.7128,-74.006,2025-04-17 11:21:48.995285,0.11399454773687805,0.05756815362519429,0.033462478751158826,0.20502518011323115
New York,40.7128,-74.006,2025-04-18 11:21:48.995285,0.10630496543399391,0.05953282133616478,0.007004166010660585,0.1728419527808193
New York,40.7128,-74.006,2025-04-19 11:21:48.995285,0.09707914847582381,0.05436635707490264,0.0032282414072852244,0.15467374695801167
New York,40.7128,-74.006,2025-04-20 11:21:48.995285,0.09773431635868375,0.04752184940334414,0.002148207784296271,0.14740437354632416
New York,40.7128,-74.006,2025-04-21 11:21:48.995285,0.12089761317630698,0.05145239229939938,0.011858856894630468,0.18420886237033685
New York,40.7128,-74.006,2025-04-22 11:21:48.995285,0.11980917542340448,0.04770461027078821,0.00768692801155769,0.17520071370575038
New York,40.7128,-74.006,2025-04-23 11:21:48.995285,0.10653285205112704,0.06113792060937108,0.009263383631743479,0.1769341562922416
New York,40.7128,-74.006,2025-04-24 11:21:48.995285,0.10000428356935527,0.06251731636771508,0.014070147098768753,0.1765917470358391
New York,40.7128,-74.006,2025-04-25 11:21:48.995285,0.11869865236144286,0.0557577650547106,0.012942749144431344,0.1873991665605848
New York,40.7128,-74.006,2025-04-26 11:21:48.995285,0.0979176954572388,0.0567236577487386,0.0004433158360485237,0.15508466904202595
New York,40.7128,-74.006,2025-04-27 11:21:48.995285,0.10700008715769772,0.05361051350455262,0.016223808383764245,0.1768344090460146
New York,40.7128,-74.006,2025-04-28 11:21:48.995285,0.11807863998906919,0.05410981304484626,0.007607909062357681,0.17979636209627312
New York,40.7128,-74.006,2025-04-29 11:21:48.995285,0.09604180284685868,0.04421532283010687,0.0049710112177941525,0.1452281368947597
New York,40.7128,-74.006,2025-04-30 11:21:48.995285,0.11254223925606667,0.051755339873563226,0.007711507256535708,0.1720090863861656
New York,40.7128,-74.006,2025-05-01 11:21:48.995285,0.10929916754659492,0.04764101448234681,0.009479141437337338,0.16641932346627905
New York,40.7128,-74.006,2025-05-02 11:21:48.995285,0.10354073734424905,0.053374734070974185,0.0016193828619055174,0.15853485427712877
New York,40.7128,-74.006,2025-05-03 11:21:48.995285,0.0938427436607085,0.05159049059907716,0.005402808600144083,0.15083604285992974
New York,40.7128,-74.006,2025-05-04 11:21:48.995285,0.09637273970626492,0.06154267846537941,0.004088501461726896,0.16200391963337124
New York,40.7128,-74.006,2025-05-05 11:21:48.995285,0.10635063385521393,0.056311200006967876,0.004314122599616745,0.16697595646179855
New York,40.7128,-74.006,2025-05-06 11:21:48.995285,0.08906071687343144,0.053069602323730876,0.0009577872180102395,0.14308810641517256
New York,40.7128,-74.006,2025-05-07 11:21:48.995285,0.10443850899954077,0.050230836768981005,0.0017416708069165332,0.1564110165754383
New York,40.7128,-74.006,2025-05-08 11:21:48.995285,0.10837763803335154,0.05986367139016711,0.0017653680190163207,0.17000667744253498
New York,40.7128,-74.006,2025-05-09 11:21:48.995285,0.11265450848008317,0.05125138014536343,0.004671672447447444,0.16857756107289404
New York,40.7128,-74.006,2025-05-10 11:21:48.995285,0.08865308418267785,0.05297669727181643,0.022489641859104192,0.16411942331359847
New York,40.7128,-74.006,2025-05-11 11:21:48.995285,0.1156326947764221,0.05144635892453885,0.0023070629178129328,0.1693861166187739
New York,40.7128,-74.006,2025-05-12 11:21:48.995285,0.11925669164410549,0.04913075882261645,0.005381839869254001,0.17376929033597593
New York,40.7128,-74.006,2025-05-13 11:21:48.995285,0.10623672483153392,0.051250135689126584,0.0037339889181431307,0.16122084943880363
New York,40.7128,-74.006,2025-05-14 11:21:48.995285,0.09158624308368916,0.041173530195576305,0.015482643239219912,0.14824241651848538
New York,40.7128,-74.006,2025-05-15 11:21:48.995285,0.09851657297365321,0.043160300922421874,0.0005142638989785571,0.14219113779505363
New York,40.7128,-74.006,2025-05-16 11:21:48.995285,0.10115209767820012,0.05256218777304073,0.002188321033973371,0.15590260648521423
New York,40.7128,-74.006,2025-05-17 11:21:48.995285,0.10416262705650432,0.05856999443723681,0.00236534742365907,0.1650979689174002
New York,40.7128,-74.006,2025-05-18 11:21:48.995285,0.10150729730096184,0.05238484640798375,0.04956544959710163,0.2034575933060472
New York,40.7128,-74.006,2025-05-19 11:21:48.995285,0.10392824150016312,0.04695645076112521,0.008457740638764045,0.15934243290005237
New York,40.7128,-74.006,2025-05-20 11:21:48.995285,0.10003789992478077,0.04325841497874932,0.0014961230230704226,0.14479243792660051
New York,40.7128,-74.006,2025-05-21 11:21:48.995285,0.10342493573745706,0.05430956869854551,0.003177278111674665,0.16091178254767724
New York,40.7128,-74.006,2025-05-22 11:21:48.995285,0.0959968985620448,0.047465090631753463,0.0018370903183995138,0.14529907951219778
New York,40.7128,-74.006,2025-05-23 11:21:48.995285,0.09704835516022063,0.05343128825778545,0.0013307957427489067,0.15181043916075498
New York,40.7128,-74.006,2025-05-24 11:21:48.995285,0.09449793269750466,0.05207841799146426,0.015954463938733076,0.16253081462770197
New York,40.7128,-74.006,2025-05-25 11:21:48.995285,0.1192586653139276,0.05243453694571689,0.006846883151715274,0.17854008541135977
New York,40.7128,-74.006,2025-05-26 11:21:48.995285,0.11455293789285635,0.05012497355232434,0.009975282737099337,0.17465319418228
New York,40.7128,-74.006,2025-05-27 11:21:48.995285,0.10529475749786484,0.05178912972371255,0.004023468454345879,0.16110735567592327
New York,40.7128,-74.006,2025-05-28 11:21:48.995285,0.11282286764263208,0.04918761682869568,0.008067528970273552,0.1700780134416013
New York,40.7128,-74.006,2025-05-29 11:21:48.995285,0.10738248061612089,0.04652240094133002,0.002978253857234369,0.1568831354146853
New York,40.7128,-74.006,2025-05-30 11:21:48.995285,0.10103884680280593,0.04479557230125243,0.0036822174515498984,0.14951663655560826
New York,40.7128,-74.006,2025-05-31 11:21:48.995285,0.08399891909163118,0.03760227226105911,0.01056236781250325,0.13216355916519354
New York,40.7128,-74.006,2025-06-01 11:21:48.995285,0.09626177072753166,0.04853615715236898,0.0016293092720332848,0.14642723715193393
New York,40.7128,-74.006,2025-06-02 11:21:48.995285,0.09536213930529068,0.05695315002749686,0.009602997243970724,0.16191828657675827
New York,40.7128,-74.006,2025-06-03 11:21:48.995285,0.08721125629987969,0.05292140447808862,0.0191213086265022,0.1592539694044705
New York,40.7128,-74.006,2025-06-04 11:21:48.995285,0.08351030712454868,0.05032451052768721,0.0012831442603984681,0.13511796191263437
New York,40.7128,-74.006,2025-06-05 11:21:48.995285,0.10312952760841464,0.045431142099926436,0.022775148011966555,0.17133581772030765
New York,40.7128,-74.006,2025-06-06 11:21:48.995285,0.10127831432577236,0.0540033316798275,0.0008277926896795519,0.1561094386952794
New York,40.7128,-74.006,2025-06-07 11:21:48.995285,0.08619082104492592,0.0483358488637859,0.004291062101742044,0.13881773201045386
New York,40.7128,-74.006,2025-06-08 11:21:48.995285,0.090238158233332,0.05672314321779224,0.009429153298443443,0.15639045474956767
New York,40.7128,-74.006,2025-06-09 11:21:48.995285,0.10914200092673229,0.04385945278112192,0.008196513452171051,0.16119796716002524
New York,40.7128,-74.006,2025-06-10 11:21:48.995285,0.08858637993755433,0.044931824896496685,0.0010135861450618917,0.13453179097911291
New York,40.7128,-74.006,2025-06-11 11:21:48.995285,0.09890568228734586,0.04436249690290578,0.016040184631432485,0.15930836382168412
New York,40.7128,-74.006,2025-06-12 11:21:48.995285,0.09513508881158529,0.04110584405146249,0.03617612115279442,0.1724170540158422
New York,40.7128,-74.006,2025-06-13 11:21:48.995285,0.10193256430126237,0.043749241369362056,0.0019994997535678917,0.1476813054241923
New York,40.7128,-74.006,2025-06-14 11:21:48.995285,0.0881448386511904,0.04886903888770694,0.022550430389659672,0.159564307928557
New York,40.7128,-74.006,2025-06-15 11:21:48.995285,0.09744471164869374,0.0447109333123932,0.008137554481797742,0.1502931994428847
New York,40.7128,-74.006,2025-06-16 11:21:48.995285,0.0980700884661611,0.02890955470014818,0.027478379063922653,0.15445802223023192
New York,40.7128,-74.006,2025-06-17 11:21:48.995285,0.09852472841025256,0.053482826661080785,0.0019368907298115817,0.1539444458011449
New York,40.7128,-74.006,2025-06-18 11:21:48.995285,0.09685483581306148,0.039611579969980645,0.015703200563945873,0.152169616346988
New York,40.7128,-74.006,2025-06-19 11:21:48.995285,0.09935253361778489,0.05089936163035508,0.0006164306416349219,0.1508683258897749
New York,40.7128,-74.006,2025-06-20 11:21:48.995285,0.11766769992081258,0.048031071248500055,0.021472617878411922,0.18717138904772457
New York,40.7128,-74.006,2025-06-21 11:21:48.995285,0.12120778992420611,0.058384270160349236,0.011213470423794766,0.19080553050835014
New York,40.7128,-74.006,2025-06-22 11:21:48.995285,0.08904877165704819,0.052705253940070806,0.00462439960320439,0.14637842520032338
New York,40.7128,-74.006,2025-06-23 11:21:48.995285,0.07210597511973638,0.04512117948420581,0.002112975227609062,0.11934012983155125
New York,40.7128,-74.006,2025-06-24 11:21:48.995285,0.10109222593613285,0.04405831865267999,0.01695721001420039,0.16210775460301322
New York,40.7128,-74.006,2025-06-25 11:21:48.995285,0.09685010646455491,0.055007429336767555,0.009244270455736756,0.16110180625705922
New York,40.7128,-74.006,2025-06-26 11:21:48.995285,0.10544979468167728,0.04004033255941368,0.004469370840518376,0.14995949808160933
New York,40.7128,-74.006,2025-06-27 11:21:48.995285,0.09754155851553385,0.04830074943878388,0.005866917491856928,0.15170922544617466
New York,40.7128,-74.006,2025-06-28 11:21:48.995285,0.09513363500985068,0.04661819549104839,0.017518235661477807,0.15927006616237688
New York,40.7128,-74.006,2025-06-29 11:21:48.995285,0.10569317333467047,0.04548592334442574,0.004138912989886371,0.15531800966898257
New York,40.7128,-74.006,2025-06-30 11:21:48.995285,0.10695008320509519,0.04889870858272051,0.0009390711048750971,0.15678786289269078
New York,40.7128,-74.006,2025-07-01 11:21:48.995285,0.08025654688926528,0.048008873041081014,0.02422294420048063,0.15248836413082692
New York,40.7128,-74.006,2025-07-02 11:21:48.995285,0.08581769749635494,0.04927888339783411,0.004899512501748965,0.13999609339593802
New York,40.7128,-74.006,2025-07-03 11:21:48.995285,0.09279122440747994,0.04761845526199978,0.004283052359480714,0.14469273202896044
New York,40.7128,-74.006,2025-07-04 11:21:48.995285,0.0946967480932875,0.04894459295210707,0.0022865825296264,0.14592792357502096
New York,40.7128,-74.006,2025-07-05 11:21:48.995285,0.09131962083411188,0.04725655239847516,0.022771373629263642,0.16134754686185068
New York,40.7128,-74.006,2025-07-06 11:21:48.995285,0.097790508206528,0.043427083777873,0.0024526817280554345,0.14367027371245644
New York,40.7128,-74.006,2025-07-07 11:21:48.995285,0.10328040925103568,0.04667968698011531,0.01012451660466432,0.16008461283581532
New York,40.7128,-74.006,2025-07-08 11:21:48.995285,0.11041936301243713,0.043024200154094826,0.021266590406437844,0.17471015357296982
New York,40.7128,-74.006,2025-07-09 11:21:48.995285,0.09885631796885923,0.042631710841910864,0.00035537663103808346,0.14184340544180818
New York,40.7128,-74.006,2025-07-10 11:21:48.995285,0.08442082711439713,0.04479133193587536,0.01764874366098852,0.146860902711261
New York,40.7128,-74.006,2025-07-11 11:21:48.995285,0.09134946861126221,0.045814499627940986,0.005286492274943862,0.14245046051414703
New York,40.7128,-74.006,2025-07-12 11:21:48.995285,0.09195090204653955,0.04652833876130662,0.010728702033529219,0.1492079428413754
New York,40.7128,-74.006,2025-07-13 11:21:48.995285,0.09773418229132565,0.05087578408257368,0.004658595290635773,0.15326856166453512
New York,40.7128,-74.006,2025-07-14 11:21:48.995285,0.09635501205901933,0.04374434544963574,0.011891375802770075,0.15199073331142515
New York,40.7128,-74.006,2025-07-15 11:21:48.995285,0.11286508038320966,0.04716481656842139,0.0029342508476635555,0.1629641477992946
New York,40.7128,-74.006,2025-07-16 11:21:48.995285,0.08763602823378051,0.04671571836288389,0.00022174591464413563,0.13457349251130854
New York,40.7128,-74.006,2025-07-17 11:21:48.995285,0.0959910067868809,0.04302860928727611,0.029524336323851902,0.1685439523980089
New York,40.7128,-74.006,2025-07-18 11:21:48.995285,0.11558528533961476,0.046387789612119645,0.00016503195732731676,0.16213810690906172
New York,40.7128,-74.006,2025-07-19 11:21:48.995285,0.08608313156775454,0.05098120734428185,0.017378355887789403,0.1544426947998258
New York,40.7128,-74.006,2025-07-20 11:21:48.995285,0.0932861064472444,0.046849840827187426,0.0018529107343448635,0.1419888580087767
New York,40.7128,-74.006,2025-07-21 11:21:48.995285,0.08228765300152076,0.04700114865151699,0.004979426807282305,0.13426822846032005
New York,40.7128,-74.006,2025-07-22 11:21:48.995285,0.09246161420208796,0.042293730948193484,0.017287417217273022,0.15204276236755446
New York,40.7128,-74.006,2025-07-23 11:21:48.995285,0.08374533794509295,0.1668541469077772,0.0023058636837877985,0.25290534853665797
New York,40.7128,-74.006,2025-07-24 11:21:48.995285,0.1019247873374152,0.042486607299638365,0.020077358079205375,0.16448875271625893
New York,40.7128,-74.006,2025-07-25 11:21:48.995285,0.09284176730981485,0.03734537205701306,0.00688675073557779,0.1370738901024057
New York,40.7128,-74.006,2025-07-26 11:21:48.995285,0.08192896421308386,0.049942389007543775,0.004559484086040039,0.1364308373066677
New York,40.7128,-74.006,2025-07-27 11:21:48.995285,0.09960555493818136,0.04502585378189019,0.010860053315645615,0.15549146203571718
New York,40.7128,-74.006,2025-07-28 11:21:48.995285,0.09291608716242095,0.04404450428211716,0.004176233033021801,0.1411368244775599
New York,40.7128,-74.006,2025-07-29 11:21:48.995285,0.10056979486488546,0.04279303464426782,0.00426619838348113,0.1476290278926344
New York,40.7128,-74.006,2025-07-30 11:21:48.995285,0.07948981569727567,0.054841794109955766,0.013224800681909066,0.1475564104891405
New York,40.7128,-74.006,2025-07-31 11:21:48.995285,0.09458219782154445,0.047219928242552334,0.003708205581058204,0.14551033164515498
New York,40.7128,-74.006,2025-08-01 11:21:48.995285,0.09855758068585316,0.048160837977928465,0.0022410982845266414,0.14895951694830828
New York,40.7128,-74.006,2025-08-02 11:21:48.995285,0.0865233178757117,0.04619162450694587,0.01648418519997211,0.14919912758262968
New York,40.7128,-74.006,2025-08-03 11:21:48.995285,0.07810273341993869,0.04669662841203608,0.016366602699847924,0.14116596453182267
New York,40.7128,-74.006,2025-08-04 11:21:48.995285,0.09021511158334175,0.05230871632131991,0.006883302082355388,0.14940712998701705
New York,40.7128,-74.006,2025-08-05 11:21:48.995285,0.10285354150390508,0.044031920976909424,0.007479320711928552,0.15436478319274305
New York,40.7128,-74.006,2025-08-06 11:21:48.995285,0.10177568750621885,0.037973504372335494,0.011909796677941642,0.15165898855649598
New York,40.7128,-74.006,2025-08-07 11:21:48.995285,0.08617890568613978,0.04957186828798665,0.007118699463118945,0.14286947343724538
New York,40.7128,-74.006,2025-08-08 11:21:48.995285,0.07758196746636262,0.04768991897627548,0.005396366352366087,0.13066825279500419
New York,40.7128,-74.006,2025-08-09 11:21:48.995285,0.08605349731086279,0.04572254632160447,0.05277376817664738,0.18454981180911464
New York,40.7128,-74.006,2025-08-10 11:21:48.995285,0.08563584566244024,0.04751407729261861,0.0015974680814681234,0.13474739103652697
New York,40.7128,-74.006,2025-08-11 11:21:48.995285,0.09474328586675716,0.04328568791538383,0.008982739611137108,0.1470117133932781
New York,40.7128,-74.006,2025-08-12 11:21:48.995285,0.08918987946463511,0.04522341016110946,0.02170356026189806,0.15611684988764263
New York,40.7128,-74.006,2025-08-13 11:21:48.995285,0.08267122096617369,0.04444343027247301,0.01162239357084506,0.13873704480949173
New York,40.7128,-74.006,2025-08-14 11:21:48.995285,0.10121336515280686,0.04212792595474551,0.021279874480238423,0.16462116558779077
New York,40.7128,-74.006,2025-08-15 11:21:48.995285,0.09154477717481004,0.05101612316570586,0.004099773535249585,0.14666067387576548
New York,40.7128,-74.006,2025-08-16 11:21:48.995285,0.09446738062498601,0.0379953189117493,0.003174445828378158,0.13563714536511348
New York,40.7128,-74.006,2025-08-17 11:21:48.995285,0.07283900501875279,0.1705465216172927,0.019056387460649034,0.26244191409669454
New York,40.7128,-74.006,2025-08-18 11:21:48.995285,0.065824782800353,0.04942052679969531,0.005010643804017063,0.12025595340406536
New York,40.7128,-74.006,2025-08-19 11:21:48.995285,0.07567348907454896,0.03613459577098477,0.012367795178223123,0.12417588002375685
New York,40.7128,-74.006,2025-08-20 11:21:48.995285,0.08522797672639054,0.043895873843774504,0.0015987369992692879,0.13072258756943433
New York,40.7128,-74.006,2025-08-21 11:21:48.995285,0.09578438856748417,0.04416768461615525,0.01409923853067693,0.15405131171431635
New York,40.7128,-74.006,2025-08-22 11:21:48.995285,0.06658873414007668,0.04696503456678539,0.007962494679908248,0.12151626338677032
New York,40.7128,-74.006,2025-08-23 11:21:48.995285,0.1059330578368463,0.040055377242864613,0.0031281068795524004,0.1491165419592633
New York,40.7128,-74.006,2025-08-24 11:21:48.995285,0.09170649368115388,0.0451605434235674,0.00682215082211912,0.1436891879268404
New York,40.7128,-74.006,2025-08-25 11:21:48.995285,0.10360304253213722,0.04439444931070582,0.011938364374442312,0.15993585621728534
New York,40.7128,-74.006,2025-08-26 11:21:48.995285,0.08114261415545981,0.041313065677233356,0.00011957617040662153,0.12257525600309979
New York,40.7128,-74.006,2025-08-27 11:21:48.995285,0.09504609922932808,0.040619988786445425,0.01014639936579155,0.14581248738156505
New York,40.7128,-74.006,2025-08-28 11:21:48.995285,0.09086760508815223,0.04960184612773397,0.007799929965790568,0.14826938118167676
New York,40.7128,-74.006,2025-08-29 11:21:48.995285,0.09820361339946398,0.03653046243424626,0.002488283083426461,0.13722235891713672
New York,40.7128,-74.006,2025-08-30 11:21:48.995285,0.08770289636253104,0.04740979969974436,0.013982903217114453,0.14909559927938984
New York,40.7128,-74.006,2025-08-31 11:21:48.995285,0.09478997302113637,0.049016461999920866,0.0036163147101124864,0.1474227497311697
New York,40.7128,-74.006,2025-09-01 11:21:48.995285,0.10109973109353268,0.04394609726121826,0.0032415372614522722,0.1482873656162032
New York,40.7128,-74.006,2025-09-02 11:21:48.995285,0.08358891211020872,0.045312201723188214,0.006371796903646283,0.1352729107370432
New York,40.7128,-74.006,2025-09-03 11:21:48.995285,0.09254894790095664,0.05088072778651698,0.01127473840370424,0.15470441409117786
New York,40.7128,-74.006,2025-09-04 11:21:48.995285,0.0712766394602556,0.04155337336261926,0.0264290839773579,0.13925909680023277
New York,40.7128,-74.006,2025-09-05 11:21:48.995285,0.0972119654879175,0.04208520550419634,0.0015240232607623247,0.14082119425287615
New York,40.7128,-74.006,2025-09-06 11:21:48.995285,0.10976814201956833,0.04263333988697518,0.005049564158988968,0.15745104606553248
New York,40.7128,-74.006,2025-09-07 11:21:48.995285,0.07781463497078885,0.050956125720254306,0.0006933892333380345,0.12946414992438118
New York,40.7128,-74.006,2025-09-08 11:21:48.995285,0.0893855481772055,0.051611149125166005,0.014210959624294093,0.15520765692666558
New York,40.7128,-74.006,2025-09-09 11:21:48.995285,0.0991474136325926,0.03819184913940763,0.0059372345423993516,0.1432764973143996
New York,40.7128,-74.006,2025-09-10 11:21:48.995285,0.0907028768959425,0.05022555481719668,0.012273408397823562,0.15320184011096274
New York,40.7128,-74.006,2025-09-11 11:21:48.995285,0.0920886472490132,0.04931336739877689,0.0038889479319251918,0.14529096257971527
New York,40.7128,-74.006,2025-09-12 11:21:48.995285,0.08657944042181208,0.05301269147077337,0.01859934941060654,0.158191481303192
New York,40.7128,-74.006,2025-09-13 11:21:48.995285,0.08626251359484943,0.04719755822349619,0.007653482175111292,0.14111355399345693
New York,40.7128,-74.006,2025-09-14 11:21:48.995285,0.08973449788472727,0.04507941910889764,0.02875424814912332,0.16356816514274825
New York,40.7128,-74.006,2025-09-15 11:21:48.995285,0.0910783419331643,0.05105689728874367,0.0008209400254706325,0.1429561792473786
New York,40.7128,-74.006,2025-09-16 11:21:48.995285,0.07891017054843494,0.04885681053961284,0.007221164151873084,0.13498814523992086
New York,40.7128,-74.006,2025-09-17 11:21:48.995285,0.09013006726337337,0.1698589068964814,0.014543815542760123,0.2745327897026149
New York,40.7128,-74.006,2025-09-18 11:21:48.995285,0.10654405950523993,0.050222899283882474,0.009166724248937051,0.16593368303805944
New York,40.7128,-74.006,2025-09-19 11:21:48.995285,0.0867385239360846,0.0462326708181064,0.00023467357459616052,0.13320586832878717
New York,40.7128,-74.006,2025-09-20 11:21:48.995285,0.0786311414747313,0.03963132374985793,0.03587720171670167,0.1541396669412909
New York,40.7128,-74.006,2025-09-21 11:21:48.995285,0.08956602585554026,0.04263550738173167,0.003541975766856314,0.13574350900412824
New York,40.7128,-74.006,2025-09-22 11:21:48.995285,0.08401319677932341,0.038399887560143106,0.0028671969084472773,0.1252802812479138
New York,40.7128,-74.006,2025-09-23 11:21:48.995285,0.07785766469533817,0.04454523129397447,0.006648705117577517,0.12905160110689015
New York,40.7128,-74.006,2025-09-24 11:21:48.995285,0.09271712107003025,0.05029305619251624,0.0078123136740072974,0.1508224909365538
New York,40.7128,-74.006,2025-09-25 11:21:48.995285,0.0843095400457312,0.04568782476621841,0.014536662795891352,0.14453402760784098
New York,40.7128,-74.006,2025-09-26 11:21:48.995285,0.08525468741619198,0.05085954088616273,0.004996774259209006,0.1411110025615637
New York,40.7128,-74.006,2025-09-27 11:21:48.995285,0.09312808974750911,0.047484776639022674,0.0057974774143857415,0.14641034380091753
New York,40.7128,-74.006,2025-09-28 11:21:48.995285,0.07635654778271858,0.04382868541940091,0.007656316748171482,0.12784154995029098
New York,40.7128,-74.006,2025-09-29 11:21:48.995285,0.0743695379644646,0.046330743009337746,0.005015142754702535,0.1257154237285049
New York,40.7128,-74.006,2025-09-30 11:21:48.995285,0.0985933313549457,0.048302788160238676,0.024598013898739765,0.17149413341392417
New York,40.7128,-74.006,2025-10-01 11:21:48.995285,0.07267805311101241,0.0466893115514447,0.019055014557144,0.13842237921960113
New York,40.7128,-74.006,2025-10-02 11:21:48.995285,0.08232376647935868,0.04679869286047568,0.006069212195715048,0.1351916715355494
New York,40.7128,-74.006,2025-10-03 11:21:48.995285,0.07419864613540786,0.04225327020671259,1.9488132544914344e-06,0.11645386515537494
New York,40.7128,-74.006,2025-10-04 11:21:48.995285,0.0874444870626723,0.043988044539369234,0.023119739863284913,0.15455227146532646
New York,40.7128,-74.006,2025-10-05 11:21:48.995285,0.09669752939172603,0.05750077493838041,0.0013277347813082,0.15552603911141466
New York,40.7128,-74.006,2025-10-06 11:21:48.995285,0.09365365861035822,0.05240747201363494,0.0028039193048715523,0.14886504992886473
New York,40.7128,-74.006,2025-10-07 11:21:48.995285,0.116564563664933,0.03895371040113149,0.0016530077685601328,0.15717128183462464
New York,40.7128,-74.006,2025-10-08 11:21:48.995285,0.1036327157949309,0.034546935020988635,0.001982260493560598,0.14016191130948014
New York,40.7128,-74.006,2025-10-09 11:21:48.995285,0.08357185527561624,0.046822678995834734,0.016239301083022163,0.14663383535447314
New York,40.7128,-74.006,2025-10-10 11:21:48.995285,0.08103486668121943,0.050970072836871716,0.008663142280314305,0.14066808179840545
New York,40.7128,-74.006,2025-10-11 11:21:48.995285,0.12019635173751834,0.043965026976770634,0.03125730785593286,0.19541868657022185
New York,40.7128,-74.006,2025-10-12 11:21:48.995285,0.10388128386900418,0.05173607554682497,0.002632542263869779,0.15824990167969893
New York,40.7128,-74.006,2025-10-13 11:21:48.995285,0.09927734989027293,0.04699009973382402,0.0066482197020288104,0.15291566932612574
New York,40.7128,-74.006,2025-10-14 11:21:48.995285,0.09426222251180637,0.04594154579619022,0.0379106143034997,0.17811438261149629
New York,40.7128,-74.006,2025-10-15 11:21:48.995285,0.0963808926658484,0.05060341437642502,0.01751252166440723,0.16449682870668064
New York,40.7128,-74.006,2025-10-16 11:21:48.995285,0.07895879976076706,0.044230387293284316,0.01304219304512134,0.1362313800991727
New York,40.7128,-74.006,2025-10-17 11:21:48.995285,0.09548562300081642,0.0455240840404061,0.0020945664749302314,0.14310427351615274
New York,40.7128,-74.006,2025-10-18 11:21:48.995285,0.09476504710498251,0.050377202875848494,0.014670940925390464,0.15981319090622145
New York,40.7128,-74.006,2025-10-19 11:21:48.995285,0.0851506088344472,0.04693901894740088,0.004270439495108151,0.13636006727695624
New York,40.7128,-74.006,2025-10-20 11:21:48.995285,0.08894771790140403,0.056710372585433086,0.007561655713810301,0.1532197462006474
New York,40.7128,-74.006,2025-10-21 11:21:48.995285,0.10962741080275935,0.05070695049844199,0.009394601135837724,0.16972896243703908
New York,40.7128,-74.006,2025-10-22 11:21:48.995285,0.0933681990816684,0.05045404328397232,0.00939978360411115,0.15322202596975187
New York,40.7128,-74.006,2025-10-23 11:21:48.995285,0.11547755695167561,0.04713539873284691,0.012965394813276332,0.17557835049779885
New York,40.7128,-74.006,2025-10-24 11:21:48.995285,0.07750649619660513,0.05183041866428751,0.010838283889734165,0.14017519875062678
New York,40.7128,-74.006,2025-10-25 11:21:48.995285,0.08984094263614276,0.045918083385191884,0.0007082048266980333,0.13646723084803267
New York,40.7128,-74.006,2025-10-26 11:21:48.995285,0.07973987608637292,0.049018219555418636,0.006112852534990453,0.134870948176782
New York,40.7128,-74.006,2025-10-27 11:21:48.995285,0.08327027275205315,0.043100783410462945,0.010907084268008578,0.13727814043052466
New York,40.7128,-74.006,2025-10-28 11:21:48.995285,0.08723564952600292,0.05295606025245091,0.0035096695435919,0.1437013793220457
New York,40.7128,-74.006,2025-10-29 11:21:48.995285,0.0988253403422016,0.0492891455235568,0.0037550350430748335,0.15186952090883324
New York,40.7128,-74.006,2025-10-30 11:21:48.995285,0.0984963256846807,0.0578265973054278,0.0013303728357892295,0.15765329582589774
New York,40.7128,-74.006,2025-10-31 11:21:48.995285,0.08919221691166422,0.05995405197231893,0.0054234206686010564,0.15456968955258418
New York,40.7128,-74.006,2025-11-01 11:21:48.995285,0.0738653703641981,0.0518882802259477,0.04329846740701197,0.1690521179971578
New York,40.7128,-74.006,2025-11-02 11:21:48.995285,0.11107968330141481,0.048493503841586155,0.0033591949521414657,0.1629323820951424
New York,40.7128,-74.006,2025-11-03 11:21:48.995285,0.09360559161787273,0.0435012968284903,0.0075808448559825685,0.1446877333023456
New York,40.7128,-74.006,2025-11-04 11:21:48.995285,0.08546186930104749,0.05283613451832356,0.013596027830284385,0.15189403164965543
New York,40.7128,-74.006,2025-11-05 11:21:48.995285,0.09953661119377723,0.04944507451101432,0.00013589187060314106,0.14911757757539468
New York,40.7128,-74.006,2025-11-06 11:21:48.995285,0.09899523945866885,0.05116556807249087,0.02306990378012205,0.1732307113112818
New York,40.7128,-74.006,2025-11-07 11:21:48.995285,0.09388841102119425,0.05720652477287817,0.004886568188696764,0.15598150398276917
New York,40.7128,-74.006,2025-11-08 11:21:48.995285,0.098765728581074,0.044518092769012745,0.020334437427147453,0.16361825877723418
New York,40.7128,-74.006,2025-11-09 11:21:48.995285,0.08589616864475794,0.04410171268201238,0.0003972640624994209,0.13039514538926975
New York,40.7128,-74.006,2025-11-10 11:21:48.995285,0.10521240077170535,0.047624506478116856,0.001574301954055911,0.15441120920387813
New York,40.7128,-74.006,2025-11-11 11:21:48.995285,0.08781211392238963,0.05299639818373829,0.0038938920241698674,0.1447024041302978
New York,40.7128,-74.006,2025-11-12 11:21:48.995285,0.0918932584482795,0.051748813701729346,0.004238252890173354,0.1478803250401822
New York,40.7128,-74.006,2025-11-13 11:21:48.995285,0.10460575106308333,0.044580423892304925,0.018825218778229513,0.16801139373361776
New York,40.7128,-74.006,2025-11-14 11:21:48.995285,0.11032665820828756,0.052926298782605026,0.00011264320301429475,0.1633656001939069
New York,40.7128,-74.006,2025-11-15 11:21:48.995285,0.11431465747382058,0.04322239180221228,0.010247442940436564,0.1677844922164694
New York,40.7128,-74.006,2025-11-16 11:21:48.995285,0.10918519466353308,0.04512489776768939,0.0014077175366833813,0.15571780996790585
New York,40.7128,-74.006,2025-11-17 11:21:48.995285,0.09555719771298865,0.04882167318955729,0.017328246548182286,0.16170711745072824
New York,40.7128,-74.006,2025-11-18 11:21:48.995285,0.08355865233452102,0.04671733528288673,0.015076635160330283,0.14535262277773803
New York,40.7128,-74.006,2025-11-19 11:21:48.995285,0.11319090786865448,0.054019473449567444,0.006929892478543728,0.17414027379676564
New York,40.7128,-74.006,2025-11-20 11:21:48.995285,0.11301893562102655,0.05108788028099387,0.0023912968323095284,0.16649811273432996
New York,40.7128,-74.006,2025-11-21 11:21:48.995285,0.0927640417942325,0.05856970755202003,0.010064763896544558,0.1613985132427971
New York,40.7128,-74.006,2025-11-22 11:21:48.995285,0.10886767426201815,0.048591965115114204,0.0016990889480860457,0.1591587283252184
New York,40.7128,-74.006,2025-11-23 11:21:48.995285,0.09650608849913428,0.049302922464017115,0.002107504053182415,0.14791651501633382
New York,40.7128,-74.006,2025-11-24 11:21:48.995285,0.1150127688351173,0.05605191304530882,0.009853458434016143,0.18091814031444226
Tokyo,35.6762,139.6503,2024-11-24 11:21:48.995285,0.10216740087864976,0.050889874170936274,0.007911311973793996,0.16096858702338002
Tokyo,35.6762,139.6503,2024-11-25 11:21:48.995285,0.0864743686689672,0.047929482527871714,0.025101867329408025,0.15950571852624693
Tokyo,35.6762,139.6503,2024-11-26 11:21:48.995285,0.5301839733423473,0.048138454605506684,0.006648484583013491,0.5849709125308675
Tokyo,35.6762,139.6503,2024-11-27 11:21:48.995285,0.10540314812970733,0.04924911282110823,0.015637891592935275,0.17029015254375082
Tokyo,35.6762,139.6503,2024-11-28 11:21:48.995285,0.08827182365144148,0.04418485242837277,0.005231687437579443,0.1376883635173937
Tokyo,35.6762,139.6503,2024-11-29 11:21:48.995285,0.11117587911609088,0.050233481750702455,0.0057132590031356975,0.16712261986992902
Tokyo,35.6762,139.6503,2024-11-30 11:21:48.995285,0.10657847505690217,0.05497601868947217,0.018904227630111868,0.18045872137648622
Tokyo,35.6762,139.6503,2024-12-01 11:21:48.995285,0.10860232297679451,0.05498289617366689,0.0011390786860185382,0.16472429783647993
Tokyo,35.6762,139.6503,2024-12-02 11:21:48.995285,0.09758600079363135,0.04878213500418407,0.008322201967606252,0.15469033776542165
Tokyo,35.6762,139.6503,2024-12-03 11:21:48.995285,0.10333265231950724,0.056091960466949094,0.012958559117790704,0.17238317190424704
Tokyo,35.6762,139.6503,2024-12-04 11:21:48.995285,0.10234672013046803,0.060385988493554615,0.013879782397162454,0.1766124910211851
Tokyo,35.6762,139.6503,2024-12-05 11:21:48.995285,0.10040056305089014,0.049360095872902084,0.008952475194464786,0.15871313411825702
Tokyo,35.6762,139.6503,2024-12-06 11:21:48.995285,0.10375607778034465,0.05448309603150394,0.005943240586584817,0.16418241439843342
Tokyo,35.6762,139.6503,2024-12-07 11:21:48.995285,0.11478364486800549,0.03979555775156687,0.0030216300875644175,0.1576008327071368
Tokyo,35.6762,139.6503,2024-12-08 11:21:48.995285,0.11313623404709877,0.044902630189119795,0.02401590681312747,0.18205477104934603
Tokyo,35.6762,139.6503,2024-12-09 11:21:48.995285,0.4536746308823665,0.05173237162224854,0.004616989249946893,0.5100239917545619
Tokyo,35.6762,139.6503,2024-12-10 11:21:48.995285,0.11257359974441046,0.04632612547507859,0.016044110111670486,0.17494383533115954
Tokyo,35.6762,139.6503,2024-12-11 11:21:48.995285,0.11479625805628645,0.061638422388015285,0.00032177810202317305,0.17675645854632488
Tokyo,35.6762,139.6503,2024-12-12 11:21:48.995285,0.10153743551303923,0.05451400455976421,0.002641859017342319,0.15869329909014576
Tokyo,35.6762,139.6503,2024-12-13 11:21:48.995285,0.10829716765490141,0.05643550654275247,0.0042401325570584495,0.16897280675471235
Tokyo,35.6762,139.6503,2024-12-14 11:21:48.995285,0.10831524566897131,0.05154248246716763,0.011134439255645723,0.17099216739178466
Tokyo,35.6762,139.6503,2024-12-15 11:21:48.995285,0.09503709505502071,0.0467523405115636,0.0038467885761306786,0.145636224142715
Tokyo,35.6762,139.6503,2024-12-16 11:21:48.995285,0.09987768255362346,0.049254571303578965,0.0004224363041931907,0.1495546901613956
Tokyo,35.6762,139.6503,2024-12-17 11:21:48.995285,0.11136473645095214,0.05320021942934983,0.0019100012613618928,0.16647495714166388
Tokyo,35.6762,139.6503,2024-12-18 11:21:48.995285,0.09905665752374522,0.048817863253984815,0.002999778261841109,0.15087429903957114
Tokyo,35.6762,139.6503,2024-12-19 11:21:48.995285,0.11392693161874626,0.055441927971697585,0.0019364237201416896,0.17130528331058553
Tokyo,35.6762,139.6503,2024-12-20 11:21:48.995285,0.11737748033400193,0.05572095280877535,0.0022781012301886752,0.17537653437296596
Tokyo,35.6762,139.6503,2024-12-21 11:21:48.995285,0.11591901183720882,0.0522660532284,0.014651511818199599,0.18283657688380842
Tokyo,35.6762,139.6503,2024-12-22 11:21:48.995285,0.12443354874072309,0.04318957591942926,0.005310855503233231,0.17293398016338557
Tokyo,35.6762,139.6503,2024-12-23 11:21:48.995285,0.10388001557824676,0.060967593868908744,0.005194951703645999,0.17004256115080152
Tokyo,35.6762,139.6503,2024-12-24 11:21:48.995285,0.10670976624129042,0.0514055134673523,0.0339938911734256,0.19210917088206833
Tokyo,35.6762,139.6503,2024-12-25 11:21:48.995285,0.10829333991614745,0.06608973796161571,0.005918582508696019,0.18030166038645917
Tokyo,35.6762,139.6503,2024-12-26 11:21:48.995285,0.10463017682374812,0.05587975651858873,0.026263522376461724,0.18677345571879858
Tokyo,35.6762,139.6503,2024-12-27 11:21:48.995285,0.11080184145639944,0.051640250474031216,0.00355337407720215,0.16599546600763282
Tokyo,35.6762,139.6503,2024-12-28 11:21:48.995285,0.0884123128415563,0.05500128594832812,0.0051186993537654666,0.14853229814364988
Tokyo,35.6762,139.6503,2024-12-29 11:21:48.995285,0.10771607144983637,0.04273708119606253,0.0050465032368645435,0.15549965588276343
Tokyo,35.6762,139.6503,2024-12-30 11:21:48.995285,0.09203363623570905,0.05803471338344884,0.007898317354774346,0.15796666697393222
Tokyo,35.6762,139.6503,2024-12-31 11:21:48.995285,0.09632103409353185,0.0658083396224512,0.008776646446439863,0.1709060201624229
Tokyo,35.6762,139.6503,2025-01-01 11:21:48.995285,0.1134136668114504,0.042596216981358744,0.002851852308796535,0.15886173610160567
Tokyo,35.6762,139.6503,2025-01-02 11:21:48.995285,0.10422930509991848,0.0516731886930758,0.01577862942167282,0.1716811232146671
Tokyo,35.6762,139.6503,2025-01-03 11:21:48.995285,0.11333046775605984,0.05265047089049326,0.006862231166661775,0.17284316981321488
Tokyo,35.6762,139.6503,2025-01-04 11:21:48.995285,0.10427852957433852,0.05761929095099023,7.068476441471903e-05,0.16196850528974346
Tokyo,35.6762,139.6503,2025-01-05 11:21:48.995285,0.11768040934633434,0.06383805146203908,0.00894873314241889,0.1904671939507923
Tokyo,35.6762,139.6503,2025-01-06 11:21:48.995285,0.10435362913211643,0.05528662870714256,0.015997818898810967,0.17563807673806997
Tokyo,35.6762,139.6503,2025-01-07 11:21:48.995285,0.08732134277660544,0.06414422295719598,0.0028830458325871076,0.15434861156638854
Tokyo,35.6762,139.6503,2025-01-08 11:21:48.995285,0.10924850909062918,0.054349454019681546,0.0003860675140277785,0.1639840306243385
Tokyo,35.6762,139.6503,2025-01-09 11:21:48.995285,0.08542796776579223,0.055815402205390025,0.016459911957274868,0.15770328192845712
Tokyo,35.6762,139.6503,2025-01-10 11:21:48.995285,0.09270923135763505,0.05525939802228084,0.03741298264673128,0.18538161202664716
Tokyo,35.6762,139.6503,2025-01-11 11:21:48.995285,0.09852470493965416,0.059778584029845365,0.0007965336603047563,0.15909982262980427
Tokyo,35.6762,139.6503,2025-01-12 11:21:48.995285,0.09739262609926369,0.051623255147931764,0.02781214736770693,0.17682802861490238
Tokyo,35.6762,139.6503,2025-01-13 11:21:48.995285,0.10213255004062279,0.05788296283620036,0.004451540135289992,0.16446705301211315
Tokyo,35.6762,139.6503,2025-01-14 11:21:48.995285,0.09727347003352832,0.047693091103137554,0.028376967254048254,0.17334352839071412
Tokyo,35.6762,139.6503,2025-01-15 11:21:48.995285,0.09374343187485103,0.052478958732096834,0.010465113938845387,0.15668750454579325
Tokyo,35.6762,139.6503,2025-01-16 11:21:48.995285,0.12332781401597552,0.05077101016908985,0.0220949840557611,0.19619380824082647
Tokyo,35.6762,139.6503,2025-01-17 11:21:48.995285,0.10123216541782781,0.0544466132339631,0.015409993114332545,0.17108877176612347
Tokyo,35.6762,139.6503,2025-01-18 11:21:48.995285,0.08580771405859965,0.0524772965480179,0.00028397152323393084,0.13856898212985147
Tokyo,35.6762,139.6503,2025-01-19 11:21:48.995285,0.10460558180293157,0.05976805122879695,0.00067682126237223,0.16505045429410076
Tokyo,35.6762,139.6503,2025-01-20 11:21:48.995285,0.09706439568338256,0.049762512655970835,0.007460092946250606,0.154287001285604
Tokyo,35.6762,139.6503,2025-01-21 11:21:48.995285,0.09955650778341665,0.04554651234911733,0.001388242549630933,0.14649126268216492
Tokyo,35.6762,139.6503,2025-01-22 11:21:48.995285,0.11560159572880013,0.04746266635907985,0.006181032335734977,0.16924529442361497
Tokyo,35.6762,139.6503,2025-01-23 11:21:48.995285,0.10410606339490586,0.059264660022885614,0.03092910765986228,0.19429983107765375
Tokyo,35.6762,139.6503,2025-01-24 11:21:48.995285,0.09714859753511712,0.04948949505706687,0.003492132624458474,0.15013022521664246
Tokyo,35.6762,139.6503,2025-01-25 11:21:48.995285,0.11322145215101488,0.056368680603324756,0.0067121488891495485,0.1763022816434892
Tokyo,35.6762,139.6503,2025-01-26 11:21:48.995285,0.12034008340552449,0.05294640003347642,0.004849298816784045,0.17813578225578497
Tokyo,35.6762,139.6503,2025-01-27 11:21:48.995285,0.11428853509099395,0.05858112700606402,0.009937847184707607,0.18280750928176556
Tokyo,35.6762,139.6503,2025-01-28 11:21:48.995285,0.08446075298001818,0.05334432582267817,0.0021547916124825214,0.13995987041517888
Tokyo,35.6762,139.6503,2025-01-29 11:21:48.995285,0.09792024310405623,0.06835681164459886,0.0030102305578997117,0.1692872853065548
Tokyo,35.6762,139.6503,2025-01-30 11:21:48.995285,0.1096157651882154,0.0640612250200192,0.01957350298280506,0.19325049319103965
Tokyo,35.6762,139.6503,2025-01-31 11:21:48.995285,0.10676671882452621,0.053028805536554716,0.016677888103789427,0.17647341246487033
Tokyo,35.6762,139.6503,2025-02-01 11:21:48.995285,0.10600266529640001,0.052377035472421056,0.01556796549235295,0.17394766626117403
Tokyo,35.6762,139.6503,2025-02-02 11:21:48.995285,0.09951080535982092,0.07033081689815694,0.014736822860183333,0.18457844511816118
Tokyo,35.6762,139.6503,2025-02-03 11:21:48.995285,0.09534271974864457,0.049305025483066534,0.006151450028198191,0.15079919525990929
Tokyo,35.6762,139.6503,2025-02-04 11:21:48.995285,0.12953378105240165,0.05445286419754397,0.01305233485919948,0.1970389801091451
Tokyo,35.6762,139.6503,2025-02-05 11:21:48.995285,0.10978167469434066,0.05486752718000291,0.004897245226495171,0.16954644710083874
Tokyo,35.6762,139.6503,2025-02-06 11:21:48.995285,0.11598356615459325,0.054769484643886666,0.0010614924905900868,0.17181454328907
Tokyo,35.6762,139.6503,2025-02-07 11:21:48.995285,0.1096738095745611,0.046112090316708876,0.004998438805277203,0.16078433869654718
Tokyo,35.6762,139.6503,2025-02-08 11:21:48.995285,0.11012088636292845,0.05731171173665398,0.0017276303840561985,0.16916022848363865
Tokyo,35.6762,139.6503,2025-02-09 11:21:48.995285,0.1090796052204222,0.04999856915229596,0.0049569349516526825,0.16403510932437082
Tokyo,35.6762,139.6503,2025-02-10 11:21:48.995285,0.09853654596097988,0.06205044789670746,0.003530034284407179,0.16411702814209453
Tokyo,35.6762,139.6503,2025-02-11 11:21:48.995285,0.0946335888347141,0.047609416495355175,0.009141945979684384,0.15138495130975366
Tokyo,35.6762,139.6503,2025-02-12 11:21:48.995285,0.11367531844016597,0.05520386198823543,0.00448696903082885,0.17336614945923023
Tokyo,35.6762,139.6503,2025-02-13 11:21:48.995285,0.11172316224023258,0.04384176584900102,0.012227807819393645,0.16779273590862726
Tokyo,35.6762,139.6503,2025-02-14 11:21:48.995285,0.11925630340853695,0.04416482868026632,0.007177404942282992,0.17059853703108627
Tokyo,35.6762,139.6503,2025-02-15 11:21:48.995285,0.1172529332172938,0.0507529026839736,0.025194021800942025,0.1931998577022094
Tokyo,35.6762,139.6503,2025-02-16 11:21:48.995285,0.10183710016668263,0.051470060635404526,0.0009543816687974688,0.1542615424708846
Tokyo,35.6762,139.6503,2025-02-17 11:21:48.995285,0.12126809215815824,0.062299721599416935,0.011638204376086059,0.19520601813366126
Tokyo,35.6762,139.6503,2025-02-18 11:21:48.995285,0.11760946191301698,0.05477663579942641,0.011159523958216592,0.18354562167066
Tokyo,35.6762,139.6503,2025-02-19 11:21:48.995285,0.11688166542965492,0.06144865937009855,0.030083423962560238,0.20841374876231372
Tokyo,35.6762,139.6503,2025-02-20 11:21:48.995285,0.13247762213134373,0.05309324413239444,0.004645017794863417,0.1902158840586016
Tokyo,35.6762,139.6503,2025-02-21 11:21:48.995285,0.13043208773747872,0.05802667597060007,0.003644738043070482,0.19210350175114926
Tokyo,35.6762,139.6503,2025-02-22 11:21:48.995285,0.11689682268534776,0.05137146592530495,0.001892174116989826,0.17016046272764254
Tokyo,35.6762,139.6503,2025-02-23 11:21:48.995285,0.1156518794557372,0.05103258835318794,0.0030827739473082735,0.16976724175623342
Tokyo,35.6762,139.6503,2025-02-24 11:21:48.995285,0.1208157184042442,0.045895332598684224,0.006969358941901998,0.17368040994483044
Tokyo,35.6762,139.6503,2025-02-25 11:21:48.995285,0.10415592511016987,0.056676501372693165,0.018183886718528608,0.17901631320139164
Tokyo,35.6762,139.6503,2025-02-26 11:21:48.995285,0.10429050457993984,0.05630481565142592,0.003344754763474332,0.1639400749948401
Tokyo,35.6762,139.6503,2025-02-27 11:21:48.995285,0.11671338567957307,0.05887615024075623,0.0017166903687865537,0.17730622628911585
Tokyo,35.6762,139.6503,2025-02-28 11:21:48.995285,0.10140182812626598,0.05605788594447783,0.0031763071761406153,0.16063602124688445
Tokyo,35.6762,139.6503,2025-03-01 11:21:48.995285,0.11587874796623952,0.06510650644147332,0.001063910186976144,0.18204916459468898
Tokyo,35.6762,139.6503,2025-03-02 11:21:48.995285,0.11150089015803605,0.055846422429724624,0.026131321387294616,0.1934786339750553
Tokyo,35.6762,139.6503,2025-03-03 11:21:48.995285,0.10134923959401337,0.05991470389165788,0.02060613130128707,0.18187007478695832
Tokyo,35.6762,139.6503,2025-03-04 11:21:48.995285,0.11014544100520642,0.0533228425361662,0.0036888014961956607,0.16715708503756826
Tokyo,35.6762,139.6503,2025-03-05 11:21:48.995285,0.12291029742102247,0.05038739057831221,0.002836738706117778,0.17613442670545246
Tokyo,35.6762,139.6503,2025-03-06 11:21:48.995285,0.1106529700263382,0.05850310861083309,0.023580694107789048,0.19273677274496034
Tokyo,35.6762,139.6503,2025-03-07 11:21:48.995285,0.11066161339263468,0.054452328519125744,1.7735230836970353e-05,0.1651316771425974
Tokyo,35.6762,139.6503,2025-03-08 11:21:48.995285,0.11304995829536965,0.05904026798280995,0.009177355951649445,0.18126758222982906
Tokyo,35.6762,139.6503,2025-03-09 11:21:48.995285,0.1143130671952067,0.056625273692368715,0.024769832543039154,0.19570817343061458
Tokyo,35.6762,139.6503,2025-03-10 11:21:48.995285,0.10637097316942871,0.05087462228116954,0.007104103124747643,0.16434969857534587
Tokyo,35.6762,139.6503,2025-03-11 11:21:48.995285,0.11313731596531197,0.06018904213120589,2.971369749584832e-05,0.17335607179401372
Tokyo,35.6762,139.6503,2025-03-12 11:21:48.995285,0.09909647457396564,0.050437639316013146,0.0024701551962495916,0.15200426908622838
Tokyo,35.6762,139.6503,2025-03-13 11:21:48.995285,0.10154609939796558,0.057895036299629755,0.02556723999256369,0.18500837569015902
Tokyo,35.6762,139.6503,2025-03-14 11:21:48.995285,0.10277212471936549,0.06114986345769013,0.0001716897107871734,0.1640936778878428
Tokyo,35.6762,139.6503,2025-03-15 11:21:48.995285,0.1141252383302453,0.05279083152487632,0.005021628641555754,0.17193769849667737
Tokyo,35.6762,139.6503,2025-03-16 11:21:48.995285,0.11097114173851709,0.06046437899983874,0.015594328976040683,0.1870298497143965
Tokyo,35.6762,139.6503,2025-03-17 11:21:48.995285,0.10796364353794027,0.056641703825455865,0.01820720790969948,0.18281255527309562
Tokyo,35.6762,139.6503,2025-03-18 11:21:48.995285,0.11615060711778381,0.05888117250294679,0.0064933688610586335,0.18152514848178924
Tokyo,35.6762,139.6503,2025-03-19 11:21:48.995285,0.1129644570880173,0.05040413967478404,0.00264595629364226,0.1660145530564436
Tokyo,35.6762,139.6503,2025-03-20 11:21:48.995285,0.10620627850111346,0.055624524310739824,0.009155527984294224,0.1709863307961475
Tokyo,35.6762,139.6503,2025-03-21 11:21:48.995285,0.09868124959504873,0.04747637246150091,0.003062236181636326,0.14921985823818595
Tokyo,35.6762,139.6503,2025-03-22 11:21:48.995285,0.10076130489508157,0.06303569903022686,0.0029472583224594636,0.1667442622477679
Tokyo,35.6762,139.6503,2025-03-23 11:21:48.995285,0.09421247857236602,0.044370295005224936,0.01648177511006033,0.1550645486876513
Tokyo,35.6762,139.6503,2025-03-24 11:21:48.995285,0.11020581754124363,0.052626301921723434,0.0016755019487421313,0.1645076214117092
Tokyo,35.6762,139.6503,2025-03-25 11:21:48.995285,0.1000956753625565,0.0496999886225485,5.536778107849393e-05,0.14985103176618347
Tokyo,35.6762,139.6503,2025-03-26 11:21:48.995285,0.1036781914606604,0.05768921271626075,0.004106413070502151,0.1654738172474233
Tokyo,35.6762,139.6503,2025-03-27 11:21:48.995285,0.10726731489120964,0.06389134057839874,0.006752560947721943,0.17791121641733032
Tokyo,35.6762,139.6503,2025-03-28 11:21:48.995285,0.11889244248683749,0.057500820780202945,0.012210524746806522,0.18860378801384697
Tokyo,35.6762,139.6503,2025-03-29 11:21:48.995285,0.11764716077735457,0.06898604588184994,0.015192099781355963,0.2018253064405605
Tokyo,35.6762,139.6503,2025-03-30 11:21:48.995285,0.10771645727469936,0.04724207011082535,0.010892142225631576,0.1658506696111563
Tokyo,35.6762,139.6503,2025-03-31 11:21:48.995285,0.12082041540846215,0.04757676959458675,0.009848610506408508,0.1782457955094574
Tokyo,35.6762,139.6503,2025-04-01 11:21:48.995285,0.08794131437000086,0.04956682857352773,0.010958622404776524,0.1484667653483051
Tokyo,35.6762,139.6503,2025-04-02 11:21:48.995285,0.12673403413549128,0.054587137795392614,0.0031680405425797433,0.18448921247346364
Tokyo,35.6762,139.6503,2025-04-03 11:21:48.995285,0.114781495693833,0.048793637398977324,0.004818516574988808,0.16839364966779913
Tokyo,35.6762,139.6503,2025-04-04 11:21:48.995285,0.10877687326386971,0.05011610643531008,0.009582500943051771,0.16847548064223156
Tokyo,35.6762,139.6503,2025-04-05 11:21:48.995285,0.09872528932038481,0.05692186068358916,0.0006781926795118342,0.1563253426834858
Tokyo,35.6762,139.6503,2025-04-06 11:21:48.995285,0.10314599461401545,0.047567474722090955,0.0035001907214685245,0.15421366005757495
Tokyo,35.6762,139.6503,2025-04-07 11:21:48.995285,0.11350572906426637,0.04804012998939247,0.0052158150266126205,0.16676167408027145
Tokyo,35.6762,139.6503,2025-04-08 11:21:48.995285,0.11361636937617903,0.051655094005482086,0.007623701131959393,0.1728951645136205
Tokyo,35.6762,139.6503,2025-04-09 11:21:48.995285,0.11386070284266749,0.05206616921418321,0.006664704057433852,0.17259157611428455
Tokyo,35.6762,139.6503,2025-04-10 11:21:48.995285,0.09977086875740719,0.058577996636642475,0.012663159704561512,0.17101202509861116
Tokyo,35.6762,139.6503,2025-04-11 11:21:48.995285,0.09763433513871768,0.04896320739454429,0.006413646891400534,0.1530111894246625
Tokyo,35.6762,139.6503,2025-04-12 11:21:48.995285,0.10875978653829523,0.049802467126780596,0.023447620031750743,0.18200987369682656
Tokyo,35.6762,139.6503,2025-04-13 11:21:48.995285,0.11437917821985007,0.0562486699024627,0.0047854938789074495,0.17541334200122022
Tokyo,35.6762,139.6503,2025-04-14 11:21:48.995285,0.10658341206713945,0.05728275340496235,0.0074522332060943984,0.1713183986781962
Tokyo,35.6762,139.6503,2025-04-15 11:21:48.995285,0.12123538960121731,0.06035389590181576,3.21555395875208e-05,0.1816214410426206
Tokyo,35.6762,139.6503,2025-04-16 11:21:48.995285,0.10661900276785946,0.05548941584730295,0.003717566119134678,0.16582598473429708
Tokyo,35.6762,139.6503,2025-04-17 11:21:48.995285,0.10614575956130343,0.05372824329962578,0.020142005971542875,0.18001600883247207
Tokyo,35.6762,139.6503,2025-04-18 11:21:48.995285,0.11272184054417593,0.05588331234985539,0.004058297664823857,0.17266345055885518
Tokyo,35.6762,139.6503,2025-04-19 11:21:48.995285,0.11807015389884512,0.05160186223201963,0.0029193956717733405,0.1725914118026381
Tokyo,35.6762,139.6503,2025-04-20 11:21:48.995285,0.0922451700809978,0.05149502336764423,0.007842475514306016,0.15158266896294803
Tokyo,35.6762,139.6503,2025-04-21 11:21:48.995285,0.09441577554374578,0.043927394750657114,0.0008200223293534383,0.13916319262375634
Tokyo,35.6762,139.6503,2025-04-22 11:21:48.995285,0.10231979000796614,0.05719328197614992,0.007584436030196975,0.16709750801431306
Tokyo,35.6762,139.6503,2025-04-23 11:21:48.995285,0.13689671832750597,0.0537109449660684,0.0036192555895542796,0.19422691888312865
Tokyo,35.6762,139.6503,2025-04-24 11:21:48.995285,0.10254593828474923,0.0564655082869208,0.004830530272877897,0.1638419768445479
Tokyo,35.6762,139.6503,2025-04-25 11:21:48.995285,0.10379458870435207,0.03842715659484241,0.01567168986043128,0.15789343515962576
Tokyo,35.6762,139.6503,2025-04-26 11:21:48.995285,0.11104624636916609,0.05219585499607572,0.010846029353605388,0.1740881307188472
Tokyo,35.6762,139.6503,2025-04-27 11:21:48.995285,0.11448088410487339,0.04807639000648116,0.005907821144077051,0.16846509525543163
Tokyo,35.6762,139.6503,2025-04-28 11:21:48.995285,0.10625691809963216,0.059786345991643466,0.008616044437822544,0.17465930852909817
Tokyo,35.6762,139.6503,2025-04-29 11:21:48.995285,0.11604866279390752,0.05527367849917163,0.014561108087392785,0.18588344938047194
Tokyo,35.6762,139.6503,2025-04-30 11:21:48.995285,0.09231029156943635,0.053296178753900574,0.013695699773309233,0.15930217009664616
Tokyo,35.6762,139.6503,2025-05-01 11:21:48.995285,0.09643267534072897,0.04988711494737299,0.0020496198054299353,0.1483694100935319
Tokyo,35.6762,139.6503,2025-05-02 11:21:48.995285,0.11556077227236106,0.05395399293394057,0.003579889811922299,0.17309465501822394
Tokyo,35.6762,139.6503,2025-05-03 11:21:48.995285,0.10388651079987439,0.0472476116791293,0.004280741741501985,0.15541486422050568
Tokyo,35.6762,139.6503,2025-05-04 11:21:48.995285,0.09099263125721103,0.051309941915220016,0.0020769141536978158,0.14437948732612887
Tokyo,35.6762,139.6503,2025-05-05 11:21:48.995285,0.09023074381053527,0.04883624462841657,0.00012236009574090749,0.13918934853469273
Tokyo,35.6762,139.6503,2025-05-06 11:21:48.995285,0.09518467676879826,0.0629794906860311,0.0019112088008258904,0.16007537625565527
Tokyo,35.6762,139.6503,2025-05-07 11:21:48.995285,0.10315232583093743,0.058915273985633336,0.016515332541997108,0.17858293235856787
Tokyo,35.6762,139.6503,2025-05-08 11:21:48.995285,0.10764092389000281,0.05679880151628161,0.007894828790923292,0.17233455419720772
Tokyo,35.6762,139.6503,2025-05-09 11:21:48.995285,0.09951170675255076,0.04394959826522529,0.004180307668373618,0.14764161268614967
Tokyo,35.6762,139.6503,2025-05-10 11:21:48.995285,0.10648664681967528,0.055639113025060305,0.009373725132943852,0.17149948497767944
Tokyo,35.6762,139.6503,2025-05-11 11:21:48.995285,0.09809955693787321,0.052173444278114364,0.01346435871953558,0.16373735993552316
Tokyo,35.6762,139.6503,2025-05-12 11:21:48.995285,0.11454225871847531,0.057268829048733795,0.004376181973713374,0.17618726974092247
Tokyo,35.6762,139.6503,2025-05-13 11:21:48.995285,0.12765361010012152,0.052679580052833685,0.00627499602531466,0.18660818617826988
Tokyo,35.6762,139.6503,2025-05-14 11:21:48.995285,0.09804060157709153,0.050949776118776366,0.0006636762404163108,0.1496540539362842
Tokyo,35.6762,139.6503,2025-05-15 11:21:48.995285,0.10659699396524508,0.052067754410310606,0.00909043397888399,0.16775518235443967
Tokyo,35.6762,139.6503,2025-05-16 11:21:48.995285,0.10561217837088631,0.041785868606579867,0.004406888887105503,0.15180493586457167
Tokyo,35.6762,139.6503,2025-05-17 11:21:48.995285,0.10284494623179802,0.04689197962376039,0.005683199427230192,0.15542012528278862
Tokyo,35.6762,139.6503,2025-05-18 11:21:48.995285,0.10781999122793873,0.05251041858077927,0.0054922108197715995,0.1658226206284896
Tokyo,35.6762,139.6503,2025-05-19 11:21:48.995285,0.10590480196101523,0.05625523682764139,0.010007851574339609,0.17216789036299623
Tokyo,35.6762,139.6503,2025-05-20 11:21:48.995285,0.09623483179432304,0.047720218167525405,0.008497199388128696,0.15245224934997714
Tokyo,35.6762,139.6503,2025-05-21 11:21:48.995285,0.11393932251856151,0.05018289799684765,0.005483649008049932,0.16960586952345907
Tokyo,35.6762,139.6503,2025-05-22 11:21:48.995285,0.1026187952485257,0.04229610416345202,0.00017100403514242021,0.14508590344712013
Tokyo,35.6762,139.6503,2025-05-23 11:21:48.995285,0.09658221813174167,0.05751166523179145,0.009701204366309621,0.16379508772984275
Tokyo,35.6762,139.6503,2025-05-24 11:21:48.995285,0.12469020964074536,0.05569780086230128,0.02116748670868933,0.201555497211736
Tokyo,35.6762,139.6503,2025-05-25 11:21:48.995285,0.09892393619733089,0.05330354807727944,0.014677281795129796,0.16690476606974014
Tokyo,35.6762,139.6503,2025-05-26 11:21:48.995285,0.10246336844535062,0.05199099595371101,0.03996254554272623,0.19441690994178784
Tokyo,35.6762,139.6503,2025-05-27 11:21:48.995285,0.10149621904353205,0.057633653124598325,0.0014974827898758493,0.16062735495800623
Tokyo,35.6762,139.6503,2025-05-28 11:21:48.995285,0.09827083156044263,0.045759833878403766,0.0025169742662836526,0.14654763970513005
Tokyo,35.6762,139.6503,2025-05-29 11:21:48.995285,0.10388451427678222,0.045133125831537745,0.007749375892211494,0.15676701600053147
Tokyo,35.6762,139.6503,2025-05-30 11:21:48.995285,0.09077613611674913,0.054920666535114834,0.0026903266193794334,0.1483871292712434
Tokyo,35.6762,139.6503,2025-05-31 11:21:48.995285,0.10502006636705859,0.05449888315945463,0.0003516073854815934,0.1598705569119948
Tokyo,35.6762,139.6503,2025-06-01 11:21:48.995285,0.08129986964485876,0.04347422703394577,0.005146467084270258,0.1299205637630748
Tokyo,35.6762,139.6503,2025-06-02 11:21:48.995285,0.0857318207129029,0.046699459704852765,0.0033917852312888535,0.13582306564904453
Tokyo,35.6762,139.6503,2025-06-03 11:21:48.995285,0.11679925350248642,0.05771646967078758,0.0030620027507069305,0.1775777259239809
Tokyo,35.6762,139.6503,2025-06-04 11:21:48.995285,0.08581012960339698,0.05124430157638694,0.030612914118614255,0.16766734529839816
Tokyo,35.6762,139.6503,2025-06-05 11:21:48.995285,0.07860274562237578,0.05303697466146305,0.00272404854050391,0.13436376882434273
Tokyo,35.6762,139.6503,2025-06-06 11:21:48.995285,0.08571910941140236,0.04322140283838534,0.0013861006290861626,0.13032661287887387
Tokyo,35.6762,139.6503,2025-06-07 11:21:48.995285,0.11526536353756939,0.05221561804548691,0.0013389632538478439,0.16881994483690413
Tokyo,35.6762,139.6503,2025-06-08 11:21:48.995285,0.07977832589496674,0.041750763919992544,0.016415689986291136,0.13794477980125042
Tokyo,35.6762,139.6503,2025-06-09 11:21:48.995285,0.08797163636927514,0.0388657822695919,0.012547331689098051,0.1393847503279651
Tokyo,35.6762,139.6503,2025-06-10 11:21:48.995285,0.08278142022955007,0.05231579233726431,0.0013867166184915666,0.13648392918530594
Tokyo,35.6762,139.6503,2025-06-11 11:21:48.995285,0.09445640127710775,0.055771072472176365,0.002481448950975344,0.15270892270025946
Tokyo,35.6762,139.6503,2025-06-12 11:21:48.995285,0.09267266282545775,0.04724750552488671,0.013757224747338962,0.1536773930976834
Tokyo,35.6762,139.6503,2025-06-13 11:21:48.995285,0.09206136452337141,0.045701711386048574,0.0032105465761990155,0.140973622485619
Tokyo,35.6762,139.6503,2025-06-14 11:21:48.995285,0.11526725317180607,0.056907200870109205,0.03992261469950712,0.2120970687414224
Tokyo,35.6762,139.6503,2025-06-15 11:21:48.995285,0.0845531236969172,0.0472980215910733,0.007777688332984481,0.13962883362097497
Tokyo,35.6762,139.6503,2025-06-16 11:21:48.995285,0.09536098489553121,0.047862587728564866,0.0021320308487861594,0.14535560347288223
Tokyo,35.6762,139.6503,2025-06-17 11:21:48.995285,0.0996089328111677,0.05658124630618186,0.019576378318681448,0.175766557436031
Tokyo,35.6762,139.6503,2025-06-18 11:21:48.995285,0.0862620046127139,0.04626412455157662,0.0038489152204360636,0.13637504438472658
Tokyo,35.6762,139.6503,2025-06-19 11:21:48.995285,0.10077234022430981,0.044683082159197564,0.0034081193660247915,0.14886354174953215
Tokyo,35.6762,139.6503,2025-06-20 11:21:48.995285,0.09175189165477138,0.05195253942083767,0.003966657861217745,0.1476710889368268
Tokyo,35.6762,139.6503,2025-06-21 11:21:48.995285,0.09933790281839361,0.04423812530635195,0.014618684768054384,0.15819471289279996
Tokyo,35.6762,139.6503,2025-06-22 11:21:48.995285,0.09436094054965888,0.04699745884184679,0.001902081137499488,0.14326048052900517
Tokyo,35.6762,139.6503,2025-06-23 11:21:48.995285,0.07478309266759832,0.04104840945306969,0.004809202477061134,0.12064070459772915
Tokyo,35.6762,139.6503,2025-06-24 11:21:48.995285,0.10819826005657052,0.04849562190633912,0.0003131810487521491,0.15700706301166176
Tokyo,35.6762,139.6503,2025-06-25 11:21:48.995285,0.11569216501908297,0.04783427836878659,0.01752307729011318,0.18104952067798274
Tokyo,35.6762,139.6503,2025-06-26 11:21:48.995285,0.09307183427049336,0.05225978941853646,0.004166050772555606,0.14949767446158543
Tokyo,35.6762,139.6503,2025-06-27 11:21:48.995285,0.08571317899971463,0.051632632442498994,0.0028524892802774893,0.14019830072249112
Tokyo,35.6762,139.6503,2025-06-28 11:21:48.995285,0.10960772282635038,0.05003138784964466,0.008672464151839712,0.16831157482783476
Tokyo,35.6762,139.6503,2025-06-29 11:21:48.995285,0.11330793640457296,0.04917333215185419,0.012207524103135825,0.17468879265956297
Tokyo,35.6762,139.6503,2025-06-30 11:21:48.995285,0.09257432320505679,0.04676486809171668,0.01676090865717642,0.15610009995394988
Tokyo,35.6762,139.6503,2025-07-01 11:21:48.995285,0.09193534132487012,0.050108853583516653,0.004273809332485284,0.14631800424087205
Tokyo,35.6762,139.6503,2025-07-02 11:21:48.995285,0.09318464839103578,0.041430218815530453,0.01672914864697052,0.15134401585353677
Tokyo,35.6762,139.6503,2025-07-03 11:21:48.995285,0.07710166510791368,0.035178746640911814,0.006252661276076125,0.11853307302490163
Tokyo,35.6762,139.6503,2025-07-04 11:21:48.995285,0.09080111306710938,0.0526657742830853,0.0010663050791807533,0.14453319242937543
Tokyo,35.6762,139.6503,2025-07-05 11:21:48.995285,0.11072887174312683,0.050160528745056755,0.018728013135249588,0.17961741362343317
Tokyo,35.6762,139.6503,2025-07-06 11:21:48.995285,0.09176154982020354,0.046089286042555,0.007932654212162289,0.14578349007492084
Tokyo,35.6762,139.6503,2025-07-07 11:21:48.995285,0.08291901607914262,0.052032473721162265,0.009224837992574054,0.14417632779287895
Tokyo,35.6762,139.6503,2025-07-08 11:21:48.995285,0.09815912209827465,0.042938645867882284,0.02772449047110573,0.16882225843726267
Tokyo,35.6762,139.6503,2025-07-09 11:21:48.995285,0.08639519974618912,0.043006131205149366,0.008190539658096685,0.13759187060943517
Tokyo,35.6762,139.6503,2025-07-10 11:21:48.995285,0.09227964266224896,0.04225139333099328,5.599176853184493e-05,0.1345870277617741
Tokyo,35.6762,139.6503,2025-07-11 11:21:48.995285,0.08013474305776759,0.04924972530719962,0.02044969323289376,0.14983416159786095
Tokyo,35.6762,139.6503,2025-07-12 11:21:48.995285,0.08233818284726781,0.0384374218434938,0.0033512465746684344,0.12412685126543005
Tokyo,35.6762,139.6503,2025-07-13 11:21:48.995285,0.09996437244014998,0.042459081911846816,0.006966872808954122,0.1493903271609509
Tokyo,35.6762,139.6503,2025-07-14 11:21:48.995285,0.09363199951869079,0.047685240978520636,0.002292705362121567,0.14360994585933298
Tokyo,35.6762,139.6503,2025-07-15 11:21:48.995285,0.0846005400036664,0.04015980155643423,0.0035237501398086265,0.12828409169990926
Tokyo,35.6762,139.6503,2025-07-16 11:21:48.995285,0.09344651088937862,0.04282402776485887,0.011604308261319448,0.14787484691555694
Tokyo,35.6762,139.6503,2025-07-17 11:21:48.995285,0.08607203436194028,0.035013912839033615,0.005613706911941325,0.12669965411291523
Tokyo,35.6762,139.6503,2025-07-18 11:21:48.995285,0.08420056966847216,0.14714435678428384,0.009865271367141696,0.2412101978198977
Tokyo,35.6762,139.6503,2025-07-19 11:21:48.995285,0.10357554450927361,0.04252842430168388,0.017348633405552424,0.16345260221650992
Tokyo,35.6762,139.6503,2025-07-20 11:21:48.995285,0.09966339501742857,0.040420903492064654,0.004167617083877941,0.14425191559337117
Tokyo,35.6762,139.6503,2025-07-21 11:21:48.995285,0.09152372951644996,0.03939311537658758,0.008401171264388831,0.13931801615742637
Tokyo,35.6762,139.6503,2025-07-22 11:21:48.995285,0.09308411857831067,0.04372930504188132,0.015032232818154405,0.1518456564383464
Tokyo,35.6762,139.6503,2025-07-23 11:21:48.995285,0.09146352925312594,0.03787297677877749,0.012556984474938915,0.14189349050684236
Tokyo,35.6762,139.6503,2025-07-24 11:21:48.995285,0.09632687089423712,0.055440287536994204,0.0077618849084595785,0.15952904333969092
Tokyo,35.6762,139.6503,2025-07-25 11:21:48.995285,0.08337356213494396,0.033760566273905515,0.004835080216355547,0.12196920862520502
Tokyo,35.6762,139.6503,2025-07-26 11:21:48.995285,0.09990798414659323,0.04338837265752095,0.005234077498316356,0.14853043430243054
Tokyo,35.6762,139.6503,2025-07-27 11:21:48.995285,0.09473553633917277,0.046134473626588596,0.005676344728218852,0.14654635469398022
Tokyo,35.6762,139.6503,2025-07-28 11:21:48.995285,0.08848886339480956,0.041682818366169765,0.0042900838219585595,0.13446176558293788
Tokyo,35.6762,139.6503,2025-07-29 11:21:48.995285,0.0861638267775655,0.046581462232791034,0.0120089632451236,0.14475425225548014
Tokyo,35.6762,139.6503,2025-07-30 11:21:48.995285,0.09937775139442125,0.04148521311364577,0.0013400607929536404,0.14220302530102066
Tokyo,35.6762,139.6503,2025-07-31 11:21:48.995285,0.08938909053755678,0.05309744916789466,0.03425104514878497,0.1767375848542364
Tokyo,35.6762,139.6503,2025-08-01 11:21:48.995285,0.0838352327811077,0.03981769679915415,0.01509526977677365,0.1387481993570355
Tokyo,35.6762,139.6503,2025-08-02 11:21:48.995285,0.08691139510832582,0.033622426682292934,0.00354054169978563,0.12407436349040438
Tokyo,35.6762,139.6503,2025-08-03 11:21:48.995285,0.09838480717851181,0.038853881092543494,0.0004347923986186562,0.13767348066967394
Tokyo,35.6762,139.6503,2025-08-04 11:21:48.995285,0.07452565452458529,0.04724806714259141,0.012423781808700752,0.13419750347587744
Tokyo,35.6762,139.6503,2025-08-05 11:21:48.995285,0.08701829951029107,0.04469657238530358,0.013256096751114234,0.14497096864670886
Tokyo,35.6762,139.6503,2025-08-06 11:21:48.995285,0.10122221089663593,0.04901885663984973,0.033138078656844414,0.18337914619333007
Tokyo,35.6762,139.6503,2025-08-07 11:21:48.995285,0.08878102231266297,0.04774031810040261,0.0029263506171047704,0.13944769103017035
Tokyo,35.6762,139.6503,2025-08-08 11:21:48.995285,0.09314098915290546,0.042025009166437505,0.0008634805907457976,0.13602947891008874
Tokyo,35.6762,139.6503,2025-08-09 11:21:48.995285,0.10123298415973046,0.04273722978820152,0.024666906654670754,0.16863712060260272
Tokyo,35.6762,139.6503,2025-08-10 11:21:48.995285,0.09924391870373106,0.04323366720661355,0.002992811283172573,0.14547039719351718
Tokyo,35.6762,139.6503,2025-08-11 11:21:48.995285,0.08587823030331017,0.05456113943433796,0.012784501427727189,0.15322387116537534
Tokyo,35.6762,139.6503,2025-08-12 11:21:48.995285,0.08893595897163796,0.04857405882027501,0.0006257739242438432,0.1381357917161568
Tokyo,35.6762,139.6503,2025-08-13 11:21:48.995285,0.09925150210083525,0.05456036603766508,0.014295560165949826,0.16810742830445016
Tokyo,35.6762,139.6503,2025-08-14 11:21:48.995285,0.09956542935303918,0.049289264101809165,0.001358493881153427,0.15021318733600175
Tokyo,35.6762,139.6503,2025-08-15 11:21:48.995285,0.08926001724721229,0.04475234227557309,0.011893678052539063,0.14590603757532447
Tokyo,35.6762,139.6503,2025-08-16 11:21:48.995285,0.08957776757475235,0.03995980461390998,0.007600202600801509,0.13713777478946385
Tokyo,35.6762,139.6503,2025-08-17 11:21:48.995285,0.09276569630540397,0.046052028035776446,0.03111999394303552,0.16993771828421594
Tokyo,35.6762,139.6503,2025-08-18 11:21:48.995285,0.1037364384074988,0.04472936989258178,0.00037616349633413346,0.1488419717964147
Tokyo,35.6762,139.6503,2025-08-19 11:21:48.995285,0.1007246080955726,0.04455623701780545,0.0034538003765876945,0.14873464548996573
Tokyo,35.6762,139.6503,2025-08-20 11:21:48.995285,0.0969672780204485,0.043971210106732904,0.0007204278632484308,0.14165891599042985
Tokyo,35.6762,139.6503,2025-08-21 11:21:48.995285,0.07923413563070716,0.03474810065779193,0.021135994178428853,0.13511823046692795
Tokyo,35.6762,139.6503,2025-08-22 11:21:48.995285,0.0872628687786671,0.05130980050474811,0.009011586851240302,0.14758425613465553
Tokyo,35.6762,139.6503,2025-08-23 11:21:48.995285,0.0877816704562274,0.04475000115047663,0.007656525257620246,0.1401881968643243
Tokyo,35.6762,139.6503,2025-08-24 11:21:48.995285,0.10418568373948735,0.0379291511265831,0.0014093921101778189,0.14352422697624828
Tokyo,35.6762,139.6503,2025-08-25 11:21:48.995285,0.08761144869084173,0.04740885984668728,0.006714488166281959,0.14173479670381095
Tokyo,35.6762,139.6503,2025-08-26 11:21:48.995285,0.10253674321097724,0.040721976647067906,0.005086673797440729,0.14834539365548588
Tokyo,35.6762,139.6503,2025-08-27 11:21:48.995285,0.08430051318229233,0.047814453058655504,0.00379434661264598,0.1359093128535938
Tokyo,35.6762,139.6503,2025-08-28 11:21:48.995285,0.08510680621183676,0.04941610519678448,0.014792387458194625,0.14931529886681588
Tokyo,35.6762,139.6503,2025-08-29 11:21:48.995285,0.09484129132704985,0.05011155758780581,0.00063233815125746,0.14558518706611312
Tokyo,35.6762,139.6503,2025-08-30 11:21:48.995285,0.10572227709424578,0.04421582138599,0.010403973273639592,0.16034207175387538
Tokyo,35.6762,139.6503,2025-08-31 11:21:48.995285,0.08794004963838171,0.04296002182543766,0.01731566175444438,0.14821573321826376
Tokyo,35.6762,139.6503,2025-09-01 11:21:48.995285,0.0644500992872087,0.04191119715158699,0.023784653732541655,0.13014595017133734
Tokyo,35.6762,139.6503,2025-09-02 11:21:48.995285,0.0744588410257376,0.041437557082260754,0.013700926987595948,0.1295973250955943
Tokyo,35.6762,139.6503,2025-09-03 11:21:48.995285,0.09310612113770471,0.044977102466975484,0.003319205616299688,0.1414024292209799
Tokyo,35.6762,139.6503,2025-09-04 11:21:48.995285,0.07540730156466141,0.044030915604280844,0.009175601886027555,0.12861381905496982
Tokyo,35.6762,139.6503,2025-09-05 11:21:48.995285,0.08153130703331979,0.04096694856953113,0.0015245632878444213,0.12402281889069533
Tokyo,35.6762,139.6503,2025-09-06 11:21:48.995285,0.09034493609132602,0.039391834523457195,0.0012449873729774694,0.13098175798776068
Tokyo,35.6762,139.6503,2025-09-07 11:21:48.995285,0.06576532299081118,0.044585717262844986,0.010178367047667832,0.120529407301324
Tokyo,35.6762,139.6503,2025-09-08 11:21:48.995285,0.08650210288823038,0.04297869230102331,0.019045317481636397,0.14852611267089008
Tokyo,35.6762,139.6503,2025-09-09 11:21:48.995285,0.07869451504484876,0.0394644654453164,0.000696160574480122,0.11885514106464527
Tokyo,35.6762,139.6503,2025-09-10 11:21:48.995285,0.07539690498226949,0.049347206147745536,0.0011205367846308478,0.12586464791464586
Tokyo,35.6762,139.6503,2025-09-11 11:21:48.995285,0.08241580734190034,0.05407928962116672,0.008338063323946859,0.1448331602870139
Tokyo,35.6762,139.6503,2025-09-12 11:21:48.995285,0.07979734558635415,0.05005765848844536,0.0024617149716244274,0.13231671904642392
Tokyo,35.6762,139.6503,2025-09-13 11:21:48.995285,0.09523883830565161,0.041671078004484066,0.009462812934627965,0.14637272924476363
Tokyo,35.6762,139.6503,2025-09-14 11:21:48.995285,0.10256670728740988,0.04504957128734084,0.0024149061565686544,0.15003118473131938
Tokyo,35.6762,139.6503,2025-09-15 11:21:48.995285,0.08701735919566012,0.05303295861432268,0.0012384358483409216,0.14128875365832372
Tokyo,35.6762,139.6503,2025-09-16 11:21:48.995285,0.08476332537373968,0.039493793368216554,0.00788722356235195,0.1321443423043082
Tokyo,35.6762,139.6503,2025-09-17 11:21:48.995285,0.08664823711125468,0.04930811919484296,0.01981916638242845,0.1557755226885261
Tokyo,35.6762,139.6503,2025-09-18 11:21:48.995285,0.07977684903876203,0.038188944018353384,0.011555699283191691,0.1295214923403071
Tokyo,35.6762,139.6503,2025-09-19 11:21:48.995285,0.07804244291577686,0.053885119073143466,0.017077408224392337,0.14900497021331266
Tokyo,35.6762,139.6503,2025-09-20 11:21:48.995285,0.0745481467745442,0.04335027302798384,0.0030970299551818527,0.1209954497577099
Tokyo,35.6762,139.6503,2025-09-21 11:21:48.995285,0.07778497695222278,0.056685311890321326,0.021713695787960167,0.15618398463050429
Tokyo,35.6762,139.6503,2025-09-22 11:21:48.995285,0.10747923497169266,0.05421998144349234,0.0047327164271150825,0.1664319328423001
Tokyo,35.6762,139.6503,2025-09-23 11:21:48.995285,0.08433687259492298,0.04508838892637185,0.019135723719369637,0.14856098524066447
Tokyo,35.6762,139.6503,2025-09-24 11:21:48.995285,0.061909151735066406,0.04206569136079996,0.006370988306717755,0.11034583140258412
Tokyo,35.6762,139.6503,2025-09-25 11:21:48.995285,0.08554179103243191,0.046680057568075556,0.0031178031310882975,0.13533965173159576
Tokyo,35.6762,139.6503,2025-09-26 11:21:48.995285,0.07559768371711652,0.04485011970912955,0.0030145492562612362,0.1234623526825073
Tokyo,35.6762,139.6503,2025-09-27 11:21:48.995285,0.09218866534362685,0.04378907315389965,0.008385611999098269,0.14436335049662477
Tokyo,35.6762,139.6503,2025-09-28 11:21:48.995285,0.09120475718397188,0.037553580595279475,0.0008230639393650289,0.12958140171861637
Tokyo,35.6762,139.6503,2025-09-29 11:21:48.995285,0.0923440908438964,0.043319849315214994,0.026600631391689042,0.16226457155080043
Tokyo,35.6762,139.6503,2025-09-30 11:21:48.995285,0.09147734862247454,0.040389909096181995,0.0031671754574646507,0.13503443317612118
Tokyo,35.6762,139.6503,2025-10-01 11:21:48.995285,0.08825928607205576,0.0487514330912528,0.004089082557122732,0.1410998017204313
Tokyo,35.6762,139.6503,2025-10-02 11:21:48.995285,0.07753158221703237,0.05100062829920324,0.002656617149502309,0.1311888276657379
Tokyo,35.6762,139.6503,2025-10-03 11:21:48.995285,0.091450500769578,0.049801940764264106,3.012493566439308e-05,0.14128256646950652
Tokyo,35.6762,139.6503,2025-10-04 11:21:48.995285,0.10249509762251757,0.04786480131371785,0.01179443576818108,0.16215433470441648
Tokyo,35.6762,139.6503,2025-10-05 11:21:48.995285,0.11055367275316642,0.041943935621902684,0.008929475684888017,0.16142708405995712
Tokyo,35.6762,139.6503,2025-10-06 11:21:48.995285,0.09015036584997439,0.04729214342452678,0.016588621135973702,0.15403113041047486
Tokyo,35.6762,139.6503,2025-10-07 11:21:48.995285,0.0913497303175233,0.05028674060340196,0.0004187543820870473,0.14205522530301232
Tokyo,35.6762,139.6503,2025-10-08 11:21:48.995285,0.09776783140792981,0.043450601936521796,0.026402370514800176,0.1676208038592518
Tokyo,35.6762,139.6503,2025-10-09 11:21:48.995285,0.10781584937190329,0.04703664899556616,0.004018022347175329,0.15887052071464478
Tokyo,35.6762,139.6503,2025-10-10 11:21:48.995285,0.08814245062443807,0.045775400418392155,0.02442650500226636,0.15834435604509658
Tokyo,35.6762,139.6503,2025-10-11 11:21:48.995285,0.10005598549726671,0.05487656951193409,0.0011331594530380165,0.15606571446223882
Tokyo,35.6762,139.6503,2025-10-12 11:21:48.995285,0.08502737115642667,0.0508855225821579,0.01362267653979313,0.1495355702783777
Tokyo,35.6762,139.6503,2025-10-13 11:21:48.995285,0.09668214372023223,0.049737624967530564,0.008659737135408012,0.15507950582317082
Tokyo,35.6762,139.6503,2025-10-14 11:21:48.995285,0.1032197461558339,0.03817338352499792,0.004434648627287938,0.14582777830811974
Tokyo,35.6762,139.6503,2025-10-15 11:21:48.995285,0.08073707092562027,0.04768702512938703,0.0008244986481378045,0.1292485947031451
Tokyo,35.6762,139.6503,2025-10-16 11:21:48.995285,0.08852808529540913,0.046114699113172807,0.00928202672789961,0.14392481113648153
Tokyo,35.6762,139.6503,2025-10-17 11:21:48.995285,0.10346306226579875,0.046139330096575004,0.00026795702685597825,0.14987034938922975
Tokyo,35.6762,139.6503,2025-10-18 11:21:48.995285,0.10021434543554031,0.03920929920148798,0.0069571467203919535,0.14638079135742024
Tokyo,35.6762,139.6503,2025-10-19 11:21:48.995285,0.10455145866861056,0.041657155521243154,0.009268679130359104,0.15547729332021282
Tokyo,35.6762,139.6503,2025-10-20 11:21:48.995285,0.10281737890162948,0.046826403779015494,0.013187244914934254,0.16283102759557924
Tokyo,35.6762,139.6503,2025-10-21 11:21:48.995285,0.09106461158915674,0.052809602325114204,0.04748421143762164,0.19135842535189257
Tokyo,35.6762,139.6503,2025-10-22 11:21:48.995285,0.11661184976856392,0.04435735129311139,0.003012317406787857,0.16398151846846318
Tokyo,35.6762,139.6503,2025-10-23 11:21:48.995285,0.09613494383387845,0.04538322832765092,0.003891831141713347,0.14541000330324272
Tokyo,35.6762,139.6503,2025-10-24 11:21:48.995285,0.06435620107003695,0.05636210525717052,0.004172523254203723,0.12489082958141119
Tokyo,35.6762,139.6503,2025-10-25 11:21:48.995285,0.46119390387313614,0.04604701030336093,0.013152124641066363,0.5203930388175635
Tokyo,35.6762,139.6503,2025-10-26 11:21:48.995285,0.09052094902884883,0.04696238318015315,0.026855932798001088,0.16433926500700308
Tokyo,35.6762,139.6503,2025-10-27 11:21:48.995285,0.10331698896464427,0.04710602473522704,0.03662188822564071,0.18704490192551204
Tokyo,35.6762,139.6503,2025-10-28 11:21:48.995285,0.0910058534306146,0.041031327559275396,0.029152841076244555,0.16119002206613453
Tokyo,35.6762,139.6503,2025-10-29 11:21:48.995285,0.10666194403268707,0.05069511265432342,0.021151351067306725,0.17850840775431723
Tokyo,35.6762,139.6503,2025-10-30 11:21:48.995285,0.10140905769794391,0.04464965139401672,0.04708019836577649,0.1931389074577371
Tokyo,35.6762,139.6503,2025-10-31 11:21:48.995285,0.08598421549323967,0.04784220696877144,0.004715179381681543,0.13854160184369266
Tokyo,35.6762,139.6503,2025-11-01 11:21:48.995285,0.09473963258144967,0.050293547790870946,0.029627099616046215,0.1746602799883668
Tokyo,35.6762,139.6503,2025-11-02 11:21:48.995285,0.08854742012833927,0.0578641652307236,0.014313752552080922,0.1607253379111438
Tokyo,35.6762,139.6503,2025-11-03 11:21:48.995285,0.09831082524677298,0.04164276916638693,0.0018447570674342182,0.14179835148059414
Tokyo,35.6762,139.6503,2025-11-04 11:21:48.995285,0.08880986233170766,0.05263729642736056,0.00046531164901733856,0.14191247040808555
Tokyo,35.6762,139.6503,2025-11-05 11:21:48.995285,0.09753165568816698,0.05273726797240802,0.002414143986691892,0.15268306764726688
Tokyo,35.6762,139.6503,2025-11-06 11:21:48.995285,0.09422773024353301,0.04528432001282219,0.01508467076633003,0.15459672102268524
Tokyo,35.6762,139.6503,2025-11-07 11:21:48.995285,0.09559294312439566,0.05155510707585686,0.009988489875405909,0.15713654007565842
Tokyo,35.6762,139.6503,2025-11-08 11:21:48.995285,0.11778982222263995,0.05685738996878893,0.002540619587339964,0.17718783177876885
Tokyo,35.6762,139.6503,2025-11-09 11:21:48.995285,0.09384161478176607,0.04489837747835685,0.013544913003594922,0.15228490526371785
Tokyo,35.6762,139.6503,2025-11-10 11:21:48.995285,0.0782689414637686,0.05001398515564603,0.0015236156060053874,0.12980654222542
Tokyo,35.6762,139.6503,2025-11-11 11:21:48.995285,0.1079390463173018,0.0509143992546781,0.017250810796979724,0.1761042563689596
Tokyo,35.6762,139.6503,2025-11-12 11:21:48.995285,0.1080285140193339,0.05164537177542466,0.015806608524245334,0.1754804943190039
Tokyo,35.6762,139.6503,2025-11-13 11:21:48.995285,0.0783283311635993,0.05290532525436385,0.035963356683806555,0.1671970131017697
Tokyo,35.6762,139.6503,2025-11-14 11:21:48.995285,0.09127807234610455,0.049975058420353484,0.0016284788316100265,0.14288160959806806
Tokyo,35.6762,139.6503,2025-11-15 11:21:48.995285,0.10281501736182243,0.05179563682841861,0.023710030699209787,0.17832068488945083
Tokyo,35.6762,139.6503,2025-11-16 11:21:48.995285,0.10386924489103802,0.04475623788881506,0.004171875437505141,0.1527973582173582
Tokyo,35.6762,139.6503,2025-11-17 11:21:48.995285,0.09875068191647927,0.05021897724370102,0.005379568096193859,0.15434922725637415
Tokyo,35.6762,139.6503,2025-11-18 11:21:48.995285,0.09914723681485849,0.04710278518436025,0.006319487241461168,0.1525695092406799
Tokyo,35.6762,139.6503,2025-11-19 11:21:48.995285,0.0897544732817937,0.043421031480542334,0.009859196623963333,0.14303470138629937
Tokyo,35.6762,139.6503,2025-11-20 11:21:48.995285,0.07531348859741993,0.047110265118803896,0.05252077139858577,0.1749445251148096
Tokyo,35.6762,139.6503,2025-11-21 11:21:48.995285,0.11997887650960283,0.051089183624874024,0.009161877448155872,0.18022993758263273
Tokyo,35.6762,139.6503,2025-11-22 11:21:48.995285,0.08996911110670541,0.052006878323737245,0.026134111333578597,0.16811010076402125
Tokyo,35.6762,139.6503,2025-11-23 11:21:48.995285,0.10159292333908648,0.04357163761460697,0.002944089164663809,0.14810865011835728
Tokyo,35.6762,139.6503,2025-11-24 11:21:48.995285,0.09841152004340664,0.04531161641637565,0.005081818912005317,0.14880495537178762
Sydney,-33.8688,151.2093,2024-11-24 11:21:48.995285,0.11254503859840714,0.04627261578850486,2.054149842578945e-05,0.1588381958853378
Sydney,-33.8688,151.2093,2024-11-25 11:21:48.995285,0.10816038164719116,0.04329503804560961,0.003905871885211389,0.15536129157801215
Sydney,-33.8688,151.2093,2024-11-26 11:21:48.995285,0.10098328461458454,0.04190552066770625,0.0025161140365660144,0.14540491931885682
Sydney,-33.8688,151.2093,2024-11-27 11:21:48.995285,0.11311575648712378,0.043969408419128636,0.008523454228197667,0.16560861913445007
Sydney,-33.8688,151.2093,2024-11-28 11:21:48.995285,0.08187765378934835,0.0457035233467799,0.0224628866516752,0.15004406378780344
Sydney,-33.8688,151.2093,2024-11-29 11:21:48.995285,0.10335406328797302,0.046624256649146795,0.006560588786867576,0.15653890872398737
Sydney,-33.8688,151.2093,2024-11-30 11:21:48.995285,0.10413041424073036,0.04630485987693505,0.014841330537147653,0.16527660465481306
Sydney,-33.8688,151.2093,2024-12-01 11:21:48.995285,0.10442350512478338,0.055703320591584775,0.02399393818325513,0.18412076389962329
Sydney,-33.8688,151.2093,2024-12-02 11:21:48.995285,0.08527127606124557,0.046150672835464535,0.002099801374579036,0.13352175027128915
Sydney,-33.8688,151.2093,2024-12-03 11:21:48.995285,0.09137396418985808,0.05790246756424957,0.006700380378199195,0.15597681213230685
Sydney,-33.8688,151.2093,2024-12-04 11:21:48.995285,0.10004818722023752,0.0484365863329626,0.010274178413052318,0.15875895196625242
Sydney,-33.8688,151.2093,2024-12-05 11:21:48.995285,0.11303018214804722,0.05313712684797081,0.004032923271876826,0.17020023226789485
Sydney,-33.8688,151.2093,2024-12-06 11:21:48.995285,0.12120368995586281,0.053381237906337434,0.013461206829067967,0.1880461346912682
Sydney,-33.8688,151.2093,2024-12-07 11:21:48.995285,0.09557486261420743,0.04662039046105684,0.012218482056698484,0.15441373513196274
Sydney,-33.8688,151.2093,2024-12-08 11:21:48.995285,0.08928825974034854,0.04955291100499125,0.00546615654308713,0.14430732728842693
Sydney,-33.8688,151.2093,2024-12-09 11:21:48.995285,0.1107111473154131,0.04876204729087917,0.0009206458122905543,0.16039384041858284
Sydney,-33.8688,151.2093,2024-12-10 11:21:48.995285,0.12886328168834987,0.053221994351724665,0.00011636222487596026,0.1822016382649505
Sydney,-33.8688,151.2093,2024-12-11 11:21:48.995285,0.11395423066181794,0.05079818971731383,0.004610035511827056,0.16936245589095883
Sydney,-33.8688,151.2093,2024-12-12 11:21:48.995285,0.09556288500662263,0.047782614753546546,0.0008563288585536791,0.14420182861872288
Sydney,-33.8688,151.2093,2024-12-13 11:21:48.995285,0.13182408954909575,0.05220163975175837,0.015215389608265807,0.1992411189091199
Sydney,-33.8688,151.2093,2024-12-14 11:21:48.995285,0.11024322520063028,0.05338569491362037,0.004069548921890594,0.16769846903614125
Sydney,-33.8688,151.2093,2024-12-15 11:21:48.995285,0.09562662908584679,0.061018604003594795,0.0109690856819949,0.16761431877143648
Sydney,-33.8688,151.2093,2024-12-16 11:21:48.995285,0.12304026709228384,0.05218925499493288,0.0042522758678001215,0.17948179795501681
Sydney,-33.8688,151.2093,2024-12-17 11:21:48.995285,0.09515671594844767,0.05197835876526073,0.015893334523999762,0.16302840923770817
Sydney,-33.8688,151.2093,2024-12-18 11:21:48.995285,0.0978039947054403,0.16244829899498966,0.021929462121845652,0.2821817558222756
Sydney,-33.8688,151.2093,2024-12-19 11:21:48.995285,0.11143814424953442,0.0473389561997473,0.01817164353389458,0.1769487439831763
Sydney,-33.8688,151.2093,2024-12-20 11:21:48.995285,0.10407870274661177,0.0435363299575747,0.006625666945506897,0.15424069964969336
Sydney,-33.8688,151.2093,2024-12-21 11:21:48.995285,0.10485236473745178,0.05068063625009795,0.0008768608914194912,0.15640986187896924
Sydney,-33.8688,151.2093,2024-12-22 11:21:48.995285,0.1050224177254565,0.05767824684440297,0.004647551956699782,0.16734821652655923
Sydney,-33.8688,151.2093,2024-12-23 11:21:48.995285,0.1159321376598595,0.058561427766422404,0.00552439589286607,0.180017961319148
Sydney,-33.8688,151.2093,2024-12-24 11:21:48.995285,0.08169384910448355,0.0430719542221425,0.03225246345032492,0.15701826677695097
Sydney,-33.8688,151.2093,2024-12-25 11:21:48.995285,0.10793184829738575,0.05587375212172786,0.008335531322409072,0.1721411317415227
Sydney,-33.8688,151.2093,2024-12-26 11:21:48.995285,0.10233212230285033,0.04169308802768946,0.010240046615742262,0.15426525694628204
Sydney,-33.8688,151.2093,2024-12-27 11:21:48.995285,0.09785509139007685,0.05498592863185443,0.015232766429429842,0.16807378645136112
Sydney,-33.8688,151.2093,2024-12-28 11:21:48.995285,0.09797298895234285,0.05475897313032138,0.008397984746980659,0.1611299468296449
Sydney,-33.8688,151.2093,2024-12-29 11:21:48.995285,0.07929592087071897,0.04421360863387787,0.00912509413036777,0.13263462363496462
Sydney,-33.8688,151.2093,2024-12-30 11:21:48.995285,0.09782382169852608,0.05790423208292744,0.0028147179266671874,0.1585427717081207
Sydney,-33.8688,151.2093,2024-12-31 11:21:48.995285,0.118851894119001,0.06169281294125841,0.0006067039339779301,0.18115141099423734
Sydney,-33.8688,151.2093,2025-01-01 11:21:48.995285,0.11440531748142667,0.052729982695563254,0.012779275337415413,0.17991457551440532
Sydney,-33.8688,151.2093,2025-01-02 11:21:48.995285,0.10430664986046376,0.053815233117089155,0.018883895222211174,0.1770057781997641
Sydney,-33.8688,151.2093,2025-01-03 11:21:48.995285,0.09224176579049521,0.06057274251938542,0.005310286428609462,0.1581247947384901
Sydney,-33.8688,151.2093,2025-01-04 11:21:48.995285,0.11470499333294111,0.04761148763473501,0.007960982750904112,0.17027746371858024
Sydney,-33.8688,151.2093,2025-01-05 11:21:48.995285,0.11971483029902696,0.04780278580309693,0.003671369479729567,0.17118898558185347
Sydney,-33.8688,151.2093,2025-01-06 11:21:48.995285,0.1170863828963061,0.049175300574568724,0.005982381602379356,0.17224406507325418
Sydney,-33.8688,151.2093,2025-01-07 11:21:48.995285,0.09718327212237297,0.0536206743576733,0.002343179103957738,0.153147125584004
Sydney,-33.8688,151.2093,2025-01-08 11:21:48.995285,0.09834579646188961,0.05366937085657064,0.014266448339279869,0.16628161565774013
Sydney,-33.8688,151.2093,2025-01-09 11:21:48.995285,0.12367567881125989,0.050791831735007606,0.006771002003663788,0.18123851254993129
Sydney,-33.8688,151.2093,2025-01-10 11:21:48.995285,0.09514372996798952,0.052115818134191874,0.00792208805307244,0.15518163615525382
Sydney,-33.8688,151.2093,2025-01-11 11:21:48.995285,0.11213630388479556,0.050979243940066164,0.0003779333373582043,0.16349348116221993
Sydney,-33.8688,151.2093,2025-01-12 11:21:48.995285,0.08969235940623362,0.05127586038157972,0.009739155870221524,0.15070737565803485
Sydney,-33.8688,151.2093,2025-01-13 11:21:48.995285,0.10457990441104648,0.04994892174099989,0.0022646883896978486,0.1567935145417442
Sydney,-33.8688,151.2093,2025-01-14 11:21:48.995285,0.11354565227618295,0.05004487544204877,0.0048352607781508685,0.16842578849638257
Sydney,-33.8688,151.2093,2025-01-15 11:21:48.995285,0.10750329893928663,0.04389676008071588,0.005322462494788609,0.1567225215147911
Sydney,-33.8688,151.2093,2025-01-16 11:21:48.995285,0.11314858977811885,0.05283635281189397,0.005955352835367756,0.17194029542538058
Sydney,-33.8688,151.2093,2025-01-17 11:21:48.995285,0.09575156012520931,0.04422890882978704,0.0025804092941232436,0.1425608782491196
Sydney,-33.8688,151.2093,2025-01-18 11:21:48.995285,0.09991537094511707,0.057810490888573915,0.01897855086444443,0.17670441269813542
Sydney,-33.8688,151.2093,2025-01-19 11:21:48.995285,0.11303294931801283,0.051307793545786275,0.0055835434761899415,0.16992428633998904
Sydney,-33.8688,151.2093,2025-01-20 11:21:48.995285,0.11528058768418184,0.05355880523824741,0.009470965404187452,0.1783103583266167
Sydney,-33.8688,151.2093,2025-01-21 11:21:48.995285,0.11060431258697342,0.05233704386441261,0.009517561238845122,0.17245891769023114
Sydney,-33.8688,151.2093,2025-01-22 11:21:48.995285,0.1179687483318584,0.0530285165808965,0.009339066714899206,0.1803363316276541
Sydney,-33.8688,151.2093,2025-01-23 11:21:48.995285,0.09201556019704527,0.06061069386936261,0.008194317723884953,0.16082057179029283
Sydney,-33.8688,151.2093,2025-01-24 11:21:48.995285,0.10401258404382738,0.04757979971401158,0.017294933620579104,0.16888731737841806
Sydney,-33.8688,151.2093,2025-01-25 11:21:48.995285,0.12698575478370427,0.046262873914008795,0.01674604971044979,0.18999467840816286
Sydney,-33.8688,151.2093,2025-01-26 11:21:48.995285,0.12167536338937084,0.05501719918303664,0.005398161038381853,0.18209072361078935
Sydney,-33.8688,151.2093,2025-01-27 11:21:48.995285,0.11525619511467093,0.05198050811360115,0.010101785560651992,0.17733848878892408
Sydney,-33.8688,151.2093,2025-01-28 11:21:48.995285,0.10744263896296741,0.05629627395498095,0.0010850907219354538,0.1648240036398838
Sydney,-33.8688,151.2093,2025-01-29 11:21:48.995285,0.11941829441152606,0.05811795526271976,0.0009516013715647108,0.17848785104581052
Sydney,-33.8688,151.2093,2025-01-30 11:21:48.995285,0.11343269507846941,0.049038923658100746,0.006537657217139873,0.16900927595371001
Sydney,-33.8688,151.2093,2025-01-31 11:21:48.995285,0.09403530923109406,0.05762180065490725,0.023046274131710592,0.1747033840177119
Sydney,-33.8688,151.2093,2025-02-01 11:21:48.995285,0.11923304130635327,0.04952799098329846,0.010498212745667404,0.17925924503531912
Sydney,-33.8688,151.2093,2025-02-02 11:21:48.995285,0.10067793814500693,0.05504206209880525,0.01106290962311624,0.16678290986692842
Sydney,-33.8688,151.2093,2025-02-03 11:21:48.995285,0.11699544307960073,0.04851471167174046,0.0017158734958423129,0.1672260282471835
Sydney,-33.8688,151.2093,2025-02-04 11:21:48.995285,0.09329623598682846,0.055388700723092356,0.006038632023786104,0.1547235687337069
Sydney,-33.8688,151.2093,2025-02-05 11:21:48.995285,0.12550075848395364,0.05465089617686627,0.005121447350516772,0.1852731020113367
Sydney,-33.8688,151.2093,2025-02-06 11:21:48.995285,0.10681338447789787,0.049266526689928807,0.015277581458769349,0.17135749262659603
Sydney,-33.8688,151.2093,2025-02-07 11:21:48.995285,0.09851793451651125,0.04801359221262279,0.001482959650673894,0.14801448637980794
Sydney,-33.8688,151.2093,2025-02-08 11:21:48.995285,0.10277234704584082,0.05858189260875922,0.007747716544497411,0.16910195619909746
Sydney,-33.8688,151.2093,2025-02-09 11:21:48.995285,0.10633214824537802,0.052585317345865634,0.024230761958311864,0.1831482275495555
Sydney,-33.8688,151.2093,2025-02-10 11:21:48.995285,0.10968330738745151,0.05993065708702383,0.022298913814936178,0.19191287828941153
Sydney,-33.8688,151.2093,2025-02-11 11:21:48.995285,0.12295993977845322,0.052172273058404925,0.01912823371844457,0.19426044655530272
Sydney,-33.8688,151.2093,2025-02-12 11:21:48.995285,0.11051449086749017,0.0614174310294541,0.004699801302200532,0.17663172319914483
Sydney,-33.8688,151.2093,2025-02-13 11:21:48.995285,0.08813557019029572,0.05018042130882131,0.028319259142856684,0.1666352506419737
Sydney,-33.8688,151.2093,2025-02-14 11:21:48.995285,0.09757610930225076,0.062300479999525975,0.0163629797913627,0.17623956909313943
Sydney,-33.8688,151.2093,2025-02-15 11:21:48.995285,0.13747467287503454,0.05582152179072708,0.01904757874382423,0.21234377340958585
Sydney,-33.8688,151.2093,2025-02-16 11:21:48.995285,0.11127611005080859,0.05696009475093322,0.02693464013521267,0.19517084493695447
Sydney,-33.8688,151.2093,2025-02-17 11:21:48.995285,0.11945008020904437,0.04995096646724763,0.02764640641904789,0.1970474530953399
Sydney,-33.8688,151.2093,2025-02-18 11:21:48.995285,0.10687572856653342,0.058625670895389836,0.0027452232732888262,0.1682466227352121
Sydney,-33.8688,151.2093,2025-02-19 11:21:48.995285,0.09992713658901294,0.05880626552759664,0.0013660779049002266,0.1600994800215098
Sydney,-33.8688,151.2093,2025-02-20 11:21:48.995285,0.10517153198773761,0.05337000281815176,0.011740093705973152,0.17028162851186252
Sydney,-33.8688,151.2093,2025-02-21 11:21:48.995285,0.11127576095298085,0.04432627309619483,0.008283118070700278,0.16388515211987595
Sydney,-33.8688,151.2093,2025-02-22 11:21:48.995285,0.10539532164752824,0.04943219968033262,0.003966438881716697,0.15879396020957756
Sydney,-33.8688,151.2093,2025-02-23 11:21:48.995285,0.12918458506265953,0.049432550391721154,0.011534365678950075,0.19015150113333076
Sydney,-33.8688,151.2093,2025-02-24 11:21:48.995285,0.10383663864428114,0.05724634738098043,0.000640020008939503,0.16172300603420106
Sydney,-33.8688,151.2093,2025-02-25 11:21:48.995285,0.09944710670437097,0.05267256970583608,0.00048358989459286434,0.1526032663047999
Sydney,-33.8688,151.2093,2025-02-26 11:21:48.995285,0.11807682475287352,0.05276634999656392,0.00437436671309617,0.1752175414625336
Sydney,-33.8688,151.2093,2025-02-27 11:21:48.995285,0.1192991966471034,0.05215802445501988,0.0021548126107053655,0.17361203371282863
Sydney,-33.8688,151.2093,2025-02-28 11:21:48.995285,0.11026636023292656,0.062329745897880644,0.012678219657490213,0.18527432578829742
Sydney,-33.8688,151.2093,2025-03-01 11:21:48.995285,0.1039296168855997,0.05520228635965273,0.02956931608381436,0.18870121932906678
Sydney,-33.8688,151.2093,2025-03-02 11:21:48.995285,0.09092598035094399,0.05595498592425356,0.010836076642378725,0.15771704291757627
Sydney,-33.8688,151.2093,2025-03-03 11:21:48.995285,0.12211835586437565,0.051858622762777334,0.010635860343775328,0.18461283897092834
Sydney,-33.8688,151.2093,2025-03-04 11:21:48.995285,0.11857238500154052,0.05479519466612573,6.617420328864307e-05,0.1734337538709549
Sydney,-33.8688,151.2093,2025-03-05 11:21:48.995285,0.10546059830214735,0.05005129403629308,0.0071800759926446715,0.1626919683310851
Sydney,-33.8688,151.2093,2025-03-06 11:21:48.995285,0.1104249903040971,0.05663325614768956,0.016988229416275476,0.18404647586806214
Sydney,-33.8688,151.2093,2025-03-07 11:21:48.995285,0.10752936509123878,0.0491653005683623,0.010616644411470215,0.1673113100710713
Sydney,-33.8688,151.2093,2025-03-08 11:21:48.995285,0.1260474079191871,0.05860115198115764,0.0025848888350961737,0.1872334487354409
Sydney,-33.8688,151.2093,2025-03-09 11:21:48.995285,0.09934199893674836,0.051185829619286506,0.018870062906590893,0.16939789146262574
Sydney,-33.8688,151.2093,2025-03-10 11:21:48.995285,0.10347876289004145,0.05958165298006134,0.033347560405872535,0.1964079762759753
Sydney,-33.8688,151.2093,2025-03-11 11:21:48.995285,0.10246744309500172,0.06435382403123063,0.0032710622149711515,0.1700923293412035
Sydney,-33.8688,151.2093,2025-03-12 11:21:48.995285,0.1126887910342957,0.05479909464256228,0.002320510331078609,0.1698083960079366
Sydney,-33.8688,151.2093,2025-03-13 11:21:48.995285,0.11009810450327719,0.06132648059386668,0.004132859684427371,0.17555744478157123
Sydney,-33.8688,151.2093,2025-03-14 11:21:48.995285,0.11148429743474988,0.058499052644987955,0.0006524093724352944,0.17063575945217313
Sydney,-33.8688,151.2093,2025-03-15 11:21:48.995285,0.10062154017849255,0.04754989552177314,0.020669808838357007,0.1688412445386227
Sydney,-33.8688,151.2093,2025-03-16 11:21:48.995285,0.12421778176705826,0.0552390456190697,0.026493023586169437,0.2059498509722974
Sydney,-33.8688,151.2093,2025-03-17 11:21:48.995285,0.10476678823816744,0.057159613183636014,0.010032194930941896,0.17195859635274535
Sydney,-33.8688,151.2093,2025-03-18 11:21:48.995285,0.1211188067158962,0.057610030188096954,0.014453431797936607,0.19318226870192975
Sydney,-33.8688,151.2093,2025-03-19 11:21:48.995285,0.1405669762334074,0.055478952155171936,0.011045821049200561,0.2070917494377799
Sydney,-33.8688,151.2093,2025-03-20 11:21:48.995285,0.1003726857627984,0.05537958013210719,0.004737775082412747,0.16049004097731834
Sydney,-33.8688,151.2093,2025-03-21 11:21:48.995285,0.11245740702195982,0.054542215802199596,0.009997874617172593,0.176997497441332
Sydney,-33.8688,151.2093,2025-03-22 11:21:48.995285,0.1076423565247899,0.05514507688364298,0.018098430207377777,0.18088586361581066
Sydney,-33.8688,151.2093,2025-03-23 11:21:48.995285,0.12918938877552325,0.04832189176165224,0.0166024401097223,0.1941137206468978
Sydney,-33.8688,151.2093,2025-03-24 11:21:48.995285,0.10599358276488437,0.05321900711497429,0.0008453175533943492,0.160057907433253
Sydney,-33.8688,151.2093,2025-03-25 11:21:48.995285,0.11120397796227408,0.04709362481948896,0.006210143701918432,0.16450774648368147
Sydney,-33.8688,151.2093,2025-03-26 11:21:48.995285,0.11090010447561238,0.05182757222647968,0.0050637133213086395,0.1677913900234007
Sydney,-33.8688,151.2093,2025-03-27 11:21:48.995285,0.10753923399801986,0.0513175830932447,0.013943617986803778,0.17280043507806833
Sydney,-33.8688,151.2093,2025-03-28 11:21:48.995285,0.11600722825219908,0.05095293041841262,0.006959028530316598,0.1739191872009283
Sydney,-33.8688,151.2093,2025-03-29 11:21:48.995285,0.10929321879873682,0.04891958660814795,0.004303231888131119,0.16251603729501587
Sydney,-33.8688,151.2093,2025-03-30 11:21:48.995285,0.11308205936768992,0.05547815736260399,0.012253658817345319,0.18081387554763925
Sydney,-33.8688,151.2093,2025-03-31 11:21:48.995285,0.1103014075630288,0.052492338728670276,0.006416530949705051,0.1692102772414041
Sydney,-33.8688,151.2093,2025-04-01 11:21:48.995285,0.10201942220610308,0.05193026845283973,0.0029655334307390735,0.1569152240896819
Sydney,-33.8688,151.2093,2025-04-02 11:21:48.995285,0.10527220804057406,0.0469430443464317,0.022110723197676218,0.17432597558468196
Sydney,-33.8688,151.2093,2025-04-03 11:21:48.995285,0.11341072707821676,0.052438943314408626,0.0011996424193034085,0.16704931281192878
Sydney,-33.8688,151.2093,2025-04-04 11:21:48.995285,0.11326244343270388,0.05960208420641503,0.00018253289163791504,0.17304706053075683
Sydney,-33.8688,151.2093,2025-04-05 11:21:48.995285,0.12008897661602239,0.05962347461325443,0.0015538097441875657,0.18126626097346438
Sydney,-33.8688,151.2093,2025-04-06 11:21:48.995285,0.12611910975370677,0.05563089703625227,0.001787000266545668,0.1835370070565047
Sydney,-33.8688,151.2093,2025-04-07 11:21:48.995285,0.10220153133607587,0.05223034017864378,0.007722817341666393,0.16215468885638604
Sydney,-33.8688,151.2093,2025-04-08 11:21:48.995285,0.10864431712366128,0.05644270192155507,0.009804706523487304,0.17489172556870367
Sydney,-33.8688,151.2093,2025-04-09 11:21:48.995285,0.10524271104124155,0.05025161662749635,0.005953149729408848,0.16144747739814677
Sydney,-33.8688,151.2093,2025-04-10 11:21:48.995285,0.09598275972708303,0.05203165677111899,0.00228371248542038,0.1502981289836224
Sydney,-33.8688,151.2093,2025-04-11 11:21:48.995285,0.112578363656914,0.04975379392144944,0.0014178351799591178,0.16374999275832255
Sydney,-33.8688,151.2093,2025-04-12 11:21:48.995285,0.11458610573482872,0.05794569918320553,0.006775730279768455,0.1793075351978027
Sydney,-33.8688,151.2093,2025-04-13 11:21:48.995285,0.09591072638027019,0.05724034912602585,0.008335204112593147,0.16148627961888917
Sydney,-33.8688,151.2093,2025-04-14 11:21:48.995285,0.10280657018033768,0.05310237049081546,0.00362350119761766,0.1595324418687708
Sydney,-33.8688,151.2093,2025-04-15 11:21:48.995285,0.1016996519080722,0.06186653511263564,0.002490255534786394,0.16605644255549426
Sydney,-33.8688,151.2093,2025-04-16 11:21:48.995285,0.09120338111370667,0.05520638697683391,0.0008402608488148559,0.14725002893935543
Sydney,-33.8688,151.2093,2025-04-17 11:21:48.995285,0.10578907269798206,0.0548575607314982,0.00026595020187771,0.160912583631358
Sydney,-33.8688,151.2093,2025-04-18 11:21:48.995285,0.09456382386786355,0.05425372154882506,0.0011175472716576833,0.14993509268834632
Sydney,-33.8688,151.2093,2025-04-19 11:21:48.995285,0.10746778943547801,0.04662749217279615,0.013551035409906811,0.16764631701818097
Sydney,-33.8688,151.2093,2025-04-20 11:21:48.995285,0.10842893792864115,0.048397462182484766,0.0042162292055482765,0.1610426293166742
Sydney,-33.8688,151.2093,2025-04-21 11:21:48.995285,0.10952612045714903,0.05252475654361983,0.000278018294864807,0.16232889529563369
Sydney,-33.8688,151.2093,2025-04-22 11:21:48.995285,0.10986562616270532,0.052494284798846755,0.007096125373261934,0.169456036334814
Sydney,-33.8688,151.2093,2025-04-23 11:21:48.995285,0.12061670764759469,0.05560246374186185,0.007680157090080276,0.1838993284795368
Sydney,-33.8688,151.2093,2025-04-24 11:21:48.995285,0.09707416250200263,0.04924097640980737,0.0055982117334725115,0.15191335064528252
Sydney,-33.8688,151.2093,2025-04-25 11:21:48.995285,0.09742759997428539,0.0528596425710116,0.0011730131524221696,0.15146025569771915
Sydney,-33.8688,151.2093,2025-04-26 11:21:48.995285,0.11141436604284832,0.05287416419106086,0.014063640062945025,0.1783521702968542
Sydney,-33.8688,151.2093,2025-04-27 11:21:48.995285,0.10339177982358151,0.05299677294724995,0.011682247428173254,0.16807080019900472
Sydney,-33.8688,151.2093,2025-04-28 11:21:48.995285,0.11581233300566737,0.05236160605280871,0.005020792158052091,0.17319473121652817
Sydney,-33.8688,151.2093,2025-04-29 11:21:48.995285,0.1100220757671654,0.045183393828992495,0.004793517579638905,0.1599989871757968
Sydney,-33.8688,151.2093,2025-04-30 11:21:48.995285,0.12343111668262416,0.040818909381558875,0.0016952590931501022,0.16594528515733314
Sydney,-33.8688,151.2093,2025-05-01 11:21:48.995285,0.1031802750904293,0.047337961615041814,0.014005934965656431,0.16452417167112757
Sydney,-33.8688,151.2093,2025-05-02 11:21:48.995285,0.08911550704669882,0.04931233626928781,0.00915226059688195,0.14758010391286858
Sydney,-33.8688,151.2093,2025-05-03 11:21:48.995285,0.10718369385183112,0.045996280480767635,0.0008969874346782516,0.154076961767277
Sydney,-33.8688,151.2093,2025-05-04 11:21:48.995285,0.1029003957281569,0.051530199309277096,0.004749172146581512,0.15917976718401552
Sydney,-33.8688,151.2093,2025-05-05 11:21:48.995285,0.10880099799185304,0.05717859640729466,0.02338843999343045,0.18936803439257816
Sydney,-33.8688,151.2093,2025-05-06 11:21:48.995285,0.10992015668899735,0.05527720823826205,0.0060216380544587614,0.17121900298171816
Sydney,-33.8688,151.2093,2025-05-07 11:21:48.995285,0.09778558525839905,0.05389720168174719,0.0039293518543389175,0.15561213879448518
Sydney,-33.8688,151.2093,2025-05-08 11:21:48.995285,0.09287707160748336,0.05641011778967997,0.01032218202356087,0.1596093714207242
Sydney,-33.8688,151.2093,2025-05-09 11:21:48.995285,0.10134287325186829,0.046778038154344934,0.0022686594293058254,0.15038957083551904
Sydney,-33.8688,151.2093,2025-05-10 11:21:48.995285,0.07882473956953552,0.04903434611528542,0.007419244810471917,0.13527833049529286
Sydney,-33.8688,151.2093,2025-05-11 11:21:48.995285,0.10327689439267154,0.05430934521769579,0.01107217467941307,0.1686584142897804
Sydney,-33.8688,151.2093,2025-05-12 11:21:48.995285,0.09822867595094449,0.048778878305293094,0.019301833773984055,0.16630938803022163
Sydney,-33.8688,151.2093,2025-05-13 11:21:48.995285,0.11075195959932478,0.048968472126443334,0.011792941846070253,0.17151337357183835
Sydney,-33.8688,151.2093,2025-05-14 11:21:48.995285,0.08210824356250462,0.06029546005851423,0.004851737919727823,0.14725544154074666
Sydney,-33.8688,151.2093,2025-05-15 11:21:48.995285,0.101861118955262,0.051376043317944424,0.014601569562660448,0.16783873183586687
Sydney,-33.8688,151.2093,2025-05-16 11:21:48.995285,0.11739031297655658,0.05963216606569628,0.022867110358738504,0.19988958940099139
Sydney,-33.8688,151.2093,2025-05-17 11:21:48.995285,0.10821200524870894,0.04161251265258553,0.006496349672724421,0.1563208675740189
Sydney,-33.8688,151.2093,2025-05-18 11:21:48.995285,0.11109420173140444,0.047489409364246435,4.510944512132431e-05,0.1586287205407722
Sydney,-33.8688,151.2093,2025-05-19 11:21:48.995285,0.10451392529751644,0.052602377938868114,0.021279431654765358,0.1783957348911499
Sydney,-33.8688,151.2093,2025-05-20 11:21:48.995285,0.0843300267991654,0.05094134664795139,0.001808530255445001,0.1370799037025618
Sydney,-33.8688,151.2093,2025-05-21 11:21:48.995285,0.10243915652335941,0.040109201080181886,0.0013504740402403095,0.1438988316437816
Sydney,-33.8688,151.2093,2025-05-22 11:21:48.995285,0.10468702637429798,0.04915317048396788,0.0036770493083569463,0.1575172461666228
Sydney,-33.8688,151.2093,2025-05-23 11:21:48.995285,0.08964797688813757,0.06258019914811618,0.004780095841749868,0.15700827187800362
Sydney,-33.8688,151.2093,2025-05-24 11:21:48.995285,0.098992645968678,0.05136365606028616,0.016063262496154355,0.16641956452511852
Sydney,-33.8688,151.2093,2025-05-25 11:21:48.995285,0.07107536367844772,0.05306521498443738,0.0049295850416271264,0.12907016370451221
Sydney,-33.8688,151.2093,2025-05-26 11:21:48.995285,0.09657294827169505,0.04673724917593085,0.00050053186117851,0.14381072930880442
Sydney,-33.8688,151.2093,2025-05-27 11:21:48.995285,0.09537805616956566,0.05108732853584605,0.010104961421353276,0.156570346126765
Sydney,-33.8688,151.2093,2025-05-28 11:21:48.995285,0.11359217122608818,0.04972324784380074,0.011123695577166411,0.17443911464705533
Sydney,-33.8688,151.2093,2025-05-29 11:21:48.995285,0.09336563620005514,0.05529300577186558,0.016831970576078936,0.16549061254799965
Sydney,-33.8688,151.2093,2025-05-30 11:21:48.995285,0.09656256462171059,0.05504807203773183,0.005089375417503781,0.1567000120769462
Sydney,-33.8688,151.2093,2025-05-31 11:21:48.995285,0.09826234472905993,0.051564896975017704,0.0009000247445512273,0.15072726644862885
Sydney,-33.8688,151.2093,2025-06-01 11:21:48.995285,0.09298020968947926,0.049796534042364254,0.008053360177764767,0.15083010390960827
Sydney,-33.8688,151.2093,2025-06-02 11:21:48.995285,0.10591043244379579,0.04096072143325689,0.001289674035738697,0.1481608279127914
Sydney,-33.8688,151.2093,2025-06-03 11:21:48.995285,0.07861808789223246,0.040701226829923165,0.0001722278743140549,0.11949154259646967
Sydney,-33.8688,151.2093,2025-06-04 11:21:48.995285,0.10973769691205613,0.04959551950229501,0.015077096086093705,0.17441031250044484
Sydney,-33.8688,151.2093,2025-06-05 11:21:48.995285,0.0980835529595857,0.05347433762868047,0.005165261749748348,0.1567231523380145
Sydney,-33.8688,151.2093,2025-06-06 11:21:48.995285,0.1110497424500185,0.05567536583581297,0.0074445136355927345,0.1741696219214242
Sydney,-33.8688,151.2093,2025-06-07 11:21:48.995285,0.07039246942445933,0.044483701670932914,0.010872249791848372,0.12574842088724061
Sydney,-33.8688,151.2093,2025-06-08 11:21:48.995285,0.07333465009158281,0.041302278680640556,0.005125398700990672,0.11976232747321404
Sydney,-33.8688,151.2093,2025-06-09 11:21:48.995285,0.09460999259933565,0.05342968486206824,0.0005248515434674296,0.14856452900487133
Sydney,-33.8688,151.2093,2025-06-10 11:21:48.995285,0.10242249895272554,0.04460821370086817,0.002913469903438517,0.14994418255703224
Sydney,-33.8688,151.2093,2025-06-11 11:21:48.995285,0.0916483660879761,0.04071350528563984,0.0021609494041337557,0.13452282077774969
Sydney,-33.8688,151.2093,2025-06-12 11:21:48.995285,0.10287133010809027,0.04604804511303705,0.03789540842397138,0.18681478364509868
Sydney,-33.8688,151.2093,2025-06-13 11:21:48.995285,0.10668202716507137,0.04587896996169964,0.013451733547658957,0.16601273067442998
Sydney,-33.8688,151.2093,2025-06-14 11:21:48.995285,0.10336591064796838,0.05495381297041409,0.006006591579580377,0.16432631519796287
Sydney,-33.8688,151.2093,2025-06-15 11:21:48.995285,0.09757656191709349,0.05260010801005401,0.0006546417230847449,0.15083131165023225
Sydney,-33.8688,151.2093,2025-06-16 11:21:48.995285,0.0973388911892429,0.04450449583253451,0.0012312913841982056,0.1430746784059756
Sydney,-33.8688,151.2093,2025-06-17 11:21:48.995285,0.09007496948407652,0.055101231886760395,0.016761097435744103,0.16193729880658103
Sydney,-33.8688,151.2093,2025-06-18 11:21:48.995285,0.09551035399139757,0.048657177906289435,0.029086209552370065,0.17325374145005706
Sydney,-33.8688,151.2093,2025-06-19 11:21:48.995285,0.08566413153949652,0.053257398382392365,0.0003185211989500469,0.13924005112083893
Sydney,-33.8688,151.2093,2025-06-20 11:21:48.995285,0.08790270192669389,0.05451089084076329,0.02412367846662795,0.16653727123408513
Sydney,-33.8688,151.2093,2025-06-21 11:21:48.995285,0.1007384541519626,0.04648444157789989,0.004789454296684926,0.15201235002654742
Sydney,-33.8688,151.2093,2025-06-22 11:21:48.995285,0.09081212174960192,0.05057706440309279,0.002403312428703419,0.14379249858139814
Sydney,-33.8688,151.2093,2025-06-23 11:21:48.995285,0.08791278598156803,0.0456104101394636,0.001078439940647994,0.13460163606167963
Sydney,-33.8688,151.2093,2025-06-24 11:21:48.995285,0.09962958306076304,0.05221914777405289,0.01477309124044396,0.16662182207525988
Sydney,-33.8688,151.2093,2025-06-25 11:21:48.995285,0.09878657843484642,0.04794516665178974,0.006328246941358139,0.1530599920279943
Sydney,-33.8688,151.2093,2025-06-26 11:21:48.995285,0.09268638023535537,0.05222129914024923,0.017863169979908902,0.1627708493555135
Sydney,-33.8688,151.2093,2025-06-27 11:21:48.995285,0.0932033452111643,0.05497013307828265,0.0025638646660866952,0.15073734295553362
Sydney,-33.8688,151.2093,2025-06-28 11:21:48.995285,0.09870707451339257,0.050009956966271606,0.01134969380817756,0.16006672528784172
Sydney,-33.8688,151.2093,2025-06-29 11:21:48.995285,0.10409367853973715,0.04673475440923986,0.0012570121987304209,0.15208544514770744
Sydney,-33.8688,151.2093,2025-06-30 11:21:48.995285,0.09627313391249438,0.046746999277528394,0.0009403674351684616,0.14396050062519122
Sydney,-33.8688,151.2093,2025-07-01 11:21:48.995285,0.08220180837330415,0.03227591498364323,0.001431775970035429,0.11590949932698281
Sydney,-33.8688,151.2093,2025-07-02 11:21:48.995285,0.09176948444011626,0.043427908084718664,0.01654965233412167,0.1517470448589566
Sydney,-33.8688,151.2093,2025-07-03 11:21:48.995285,0.08977565562243256,0.05158644460186007,0.010660088118818694,0.15202218834311132
Sydney,-33.8688,151.2093,2025-07-04 11:21:48.995285,0.0831825107902972,0.05170559196209501,0.001814785825170184,0.1367028885775624
Sydney,-33.8688,151.2093,2025-07-05 11:21:48.995285,0.09855878052365538,0.04311688814331455,0.004857626906229601,0.14653329557319952
Sydney,-33.8688,151.2093,2025-07-06 11:21:48.995285,0.09919696222186249,0.04754709130264825,0.014425938911100096,0.16116999243561084
Sydney,-33.8688,151.2093,2025-07-07 11:21:48.995285,0.10058144557492427,0.045713348568534894,0.003364163833604775,0.14965895797706394
Sydney,-33.8688,151.2093,2025-07-08 11:21:48.995285,0.08328313636440894,0.05004414484616139,0.025416511410485846,0.15874379262105617
Sydney,-33.8688,151.2093,2025-07-09 11:21:48.995285,0.09464169710192197,0.05757666768229461,0.024604418643219994,0.17682278342743657
Sydney,-33.8688,151.2093,2025-07-10 11:21:48.995285,0.09288141157048696,0.050014424839473735,0.008049748425225331,0.15094558483518603
Sydney,-33.8688,151.2093,2025-07-11 11:21:48.995285,0.09589726179665925,0.04306072815877062,0.009996024224752535,0.14895401418018242
Sydney,-33.8688,151.2093,2025-07-12 11:21:48.995285,0.09400168937411706,0.0459601145891142,0.010590599575864106,0.15055240353909538
Sydney,-33.8688,151.2093,2025-07-13 11:21:48.995285,0.09246232044235099,0.05330353121127068,0.002990375798801252,0.14875622745242292
Sydney,-33.8688,151.2093,2025-07-14 11:21:48.995285,0.09114609412993445,0.03919328124041841,0.0045463653218819995,0.13488574069223486
Sydney,-33.8688,151.2093,2025-07-15 11:21:48.995285,0.10342951997234977,0.04310526860860299,0.0014611435334558505,0.14799593211440862
Sydney,-33.8688,151.2093,2025-07-16 11:21:48.995285,0.08363301951113673,0.04967539945319835,0.025885531905253136,0.15919395086958824
Sydney,-33.8688,151.2093,2025-07-17 11:21:48.995285,0.09041179274156237,0.052543406990633396,0.012868090500299162,0.15582329023249494
Sydney,-33.8688,151.2093,2025-07-18 11:21:48.995285,0.10285187803023345,0.04906392519245499,0.0004746512207485409,0.152390454443437
Sydney,-33.8688,151.2093,2025-07-19 11:21:48.995285,0.08382464129647646,0.04293412569230875,0.007971473998359247,0.13473024098714445
Sydney,-33.8688,151.2093,2025-07-20 11:21:48.995285,0.08423374020810098,0.048599986249402385,0.004201834962294488,0.13703556141979784
Sydney,-33.8688,151.2093,2025-07-21 11:21:48.995285,0.099075867457279,0.04793969284006336,0.016889567580966033,0.1639051278783084
Sydney,-33.8688,151.2093,2025-07-22 11:21:48.995285,0.07740160679934321,0.04757448143802142,0.004212897923068863,0.1291889861604335
Sydney,-33.8688,151.2093,2025-07-23 11:21:48.995285,0.09815382065673431,0.04528838632842298,0.010332463353869671,0.15377467033902698
Sydney,-33.8688,151.2093,2025-07-24 11:21:48.995285,0.0865604325100321,0.045993360692179006,0.0018121057431148768,0.134365898945326
Sydney,-33.8688,151.2093,2025-07-25 11:21:48.995285,0.09546858487470512,0.04114679005705666,0.008181561119430334,0.14479693605119212
Sydney,-33.8688,151.2093,2025-07-26 11:21:48.995285,0.07907559114235052,0.05804248953144086,0.0034797820267834768,0.14059786270057487
Sydney,-33.8688,151.2093,2025-07-27 11:21:48.995285,0.10305064062584833,0.04638493618351827,0.0018018993714527028,0.15123747618081929
Sydney,-33.8688,151.2093,2025-07-28 11:21:48.995285,0.07894704027480964,0.04830227479210659,0.009656363109660998,0.13690567817657723
Sydney,-33.8688,151.2093,2025-07-29 11:21:48.995285,0.09829111062811745,0.04443124746418375,0.010178839084719855,0.15290119717702105
Sydney,-33.8688,151.2093,2025-07-30 11:21:48.995285,0.0792118181389933,0.04970977263527383,0.040955721834680034,0.16987731260894717
Sydney,-33.8688,151.2093,2025-07-31 11:21:48.995285,0.10897696240994847,0.03895481214171825,0.011059573768880572,0.1589913483205473
Sydney,-33.8688,151.2093,2025-08-01 11:21:48.995285,0.09011034592085479,0.036684054192132214,0.007250712512105873,0.1340451126250929
Sydney,-33.8688,151.2093,2025-08-02 11:21:48.995285,0.1102656637280389,0.045226188851913735,0.02437498503991886,0.1798668376198715
Sydney,-33.8688,151.2093,2025-08-03 11:21:48.995285,0.0825038858155136,0.05561665672039876,0.01761894803214919,0.15573949056806155
Sydney,-33.8688,151.2093,2025-08-04 11:21:48.995285,0.08620467957655774,0.051357197441221816,0.007957255221450738,0.1455191322392303
Sydney,-33.8688,151.2093,2025-08-05 11:21:48.995285,0.10267958060341749,0.0412439621343957,0.0071610690483758215,0.151084611786189
Sydney,-33.8688,151.2093,2025-08-06 11:21:48.995285,0.07625442398212713,0.04783862914980461,0.028467811287546305,0.15256086441947805
Sydney,-33.8688,151.2093,2025-08-07 11:21:48.995285,0.08347052347499613,0.04205164762769498,0.009600520522931524,0.13512269162562263
Sydney,-33.8688,151.2093,2025-08-08 11:21:48.995285,0.09536350612702037,0.04733849435228503,0.012509916303347952,0.15521191678265334
Sydney,-33.8688,151.2093,2025-08-09 11:21:48.995285,0.08017748874739518,0.04770461663840944,0.0009066791815613795,0.128788784567366
Sydney,-33.8688,151.2093,2025-08-10 11:21:48.995285,0.0955387963899498,0.049792706689370345,0.012669325590353631,0.15800082866967377
Sydney,-33.8688,151.2093,2025-08-11 11:21:48.995285,0.09198286188392657,0.037311090531066654,0.0030745200568350656,0.13236847247182829
Sydney,-33.8688,151.2093,2025-08-12 11:21:48.995285,0.07510343825625448,0.0387920073025639,0.0012277564160536039,0.115123201974872
Sydney,-33.8688,151.2093,2025-08-13 11:21:48.995285,0.09988155096337978,0.044724078752247765,0.018948965173250287,0.16355459488887783
Sydney,-33.8688,151.2093,2025-08-14 11:21:48.995285,0.0775464035482545,0.03992325056177733,0.011750325967815905,0.12921998007784774
Sydney,-33.8688,151.2093,2025-08-15 11:21:48.995285,0.09785330947009108,0.03952164890025624,0.005235129557259855,0.14261008792760715
Sydney,-33.8688,151.2093,2025-08-16 11:21:48.995285,0.09139797808011942,0.046415898944952974,0.005646074966735816,0.1434599519918082
Sydney,-33.8688,151.2093,2025-08-17 11:21:48.995285,0.08553873471300803,0.04046425185780089,0.002195471787836624,0.12819845835864557
Sydney,-33.8688,151.2093,2025-08-18 11:21:48.995285,0.07901340625771702,0.056322000205605224,9.596898738594658e-05,0.1354313754507082
Sydney,-33.8688,151.2093,2025-08-19 11:21:48.995285,0.09334164014307453,0.042358643508027004,0.004297974626871633,0.13999825827797316
Sydney,-33.8688,151.2093,2025-08-20 11:21:48.995285,0.08130816304768303,0.04366554507019069,0.0016065520810895333,0.12658026019896323
Sydney,-33.8688,151.2093,2025-08-21 11:21:48.995285,0.10210036315187185,0.04649811689825872,0.005477088501626424,0.154075568551757
Sydney,-33.8688,151.2093,2025-08-22 11:21:48.995285,0.10245570893718366,0.0374658245163461,0.017947143581953467,0.1578686770354832
Sydney,-33.8688,151.2093,2025-08-23 11:21:48.995285,0.1064248774029864,0.04754479115738994,0.0012189011700845026,0.15518856973046083
Sydney,-33.8688,151.2093,2025-08-24 11:21:48.995285,0.09280980778420571,0.04670775495589574,0.0009623957390701847,0.14047995847917163
Sydney,-33.8688,151.2093,2025-08-25 11:21:48.995285,0.08595699454765435,0.043253518724430555,0.0232383140555121,0.15244882732759701
Sydney,-33.8688,151.2093,2025-08-26 11:21:48.995285,0.08703328917349454,0.04637079402808197,0.01367039187328738,0.1470744750748639
Sydney,-33.8688,151.2093,2025-08-27 11:21:48.995285,0.08630662405958063,0.04714516250792143,0.0005452996424897366,0.1339970862099918
Sydney,-33.8688,151.2093,2025-08-28 11:21:48.995285,0.09249570117173543,0.052183776455723675,0.0008291485403561847,0.1455086261678153
Sydney,-33.8688,151.2093,2025-08-29 11:21:48.995285,0.09439282282480448,0.05751468247435965,0.01154942123523988,0.16345692653440402
Sydney,-33.8688,151.2093,2025-08-30 11:21:48.995285,0.10235645369869718,0.03971290008109074,0.004625819615169083,0.146695173394957
Sydney,-33.8688,151.2093,2025-08-31 11:21:48.995285,0.09025905508702081,0.03854217341582253,0.012879824928730955,0.1416810534315743
Sydney,-33.8688,151.2093,2025-09-01 11:21:48.995285,0.07604550460048509,0.04555263700945042,0.0051827676352296315,0.12678090924516514
Sydney,-33.8688,151.2093,2025-09-02 11:21:48.995285,0.08602646578450746,0.03465574512116637,0.0343537547464258,0.15503596565209962
Sydney,-33.8688,151.2093,2025-09-03 11:21:48.995285,0.10568502337662537,0.04831032894715759,0.011855325826589618,0.1658506781503726
Sydney,-33.8688,151.2093,2025-09-04 11:21:48.995285,0.07458947612775894,0.04564303473160383,0.0004773727174320878,0.12070988357679487
Sydney,-33.8688,151.2093,2025-09-05 11:21:48.995285,0.09757843490129774,0.04692990064494884,0.004012267649035146,0.14852060319528174
Sydney,-33.8688,151.2093,2025-09-06 11:21:48.995285,0.08631578544910903,0.04359289861687199,0.00829210200504145,0.13820078607102249
Sydney,-33.8688,151.2093,2025-09-07 11:21:48.995285,0.0814243523442806,0.04640457655397991,0.0015300391551328878,0.1293589680533934
Sydney,-33.8688,151.2093,2025-09-08 11:21:48.995285,0.09425547127260618,0.047510878278961804,2.5234813778793605e-05,0.14179158436534678
Sydney,-33.8688,151.2093,2025-09-09 11:21:48.995285,0.10595213087967911,0.04617141734005868,0.0008262986148689441,0.15294984683460672
Sydney,-33.8688,151.2093,2025-09-10 11:21:48.995285,0.0937931439291087,0.038468858003325786,0.007428911025737792,0.13969091295817226
Sydney,-33.8688,151.2093,2025-09-11 11:21:48.995285,0.08781220963366855,0.04607885500304808,0.0100036576292903,0.1438947222660069
Sydney,-33.8688,151.2093,2025-09-12 11:21:48.995285,0.07752894244098478,0.05451454084877341,0.0009750630278169242,0.1330185463175751
Sydney,-33.8688,151.2093,2025-09-13 11:21:48.995285,0.08955554451470121,0.046476478355263605,0.010940920918847515,0.14697294378881234
Sydney,-33.8688,151.2093,2025-09-14 11:21:48.995285,0.07727994121768664,0.04598599777413134,0.009600445127338098,0.13286638411915608
Sydney,-33.8688,151.2093,2025-09-15 11:21:48.995285,0.08756238549756845,0.0531310021453395,0.028116952225830036,0.168810339868738
Sydney,-33.8688,151.2093,2025-09-16 11:21:48.995285,0.090094006680292,0.041634213793279654,0.018368122230667524,0.15009634270423916
Sydney,-33.8688,151.2093,2025-09-17 11:21:48.995285,0.06718487221572891,0.04984353176185069,0.028689562626586555,0.14571796660416617
Sydney,-33.8688,151.2093,2025-09-18 11:21:48.995285,0.10474194216402553,0.04277857329381246,0.033845651617642115,0.18136616707548012
Sydney,-33.8688,151.2093,2025-09-19 11:21:48.995285,0.07854464714076927,0.050897847652712505,0.005812633528064063,0.13525512832154585
Sydney,-33.8688,151.2093,2025-09-20 11:21:48.995285,0.08914409929177063,0.049492086424076605,0.006692562185284855,0.1453287479011321
Sydney,-33.8688,151.2093,2025-09-21 11:21:48.995285,0.09641851899352968,0.04347869895106616,0.003307593419287201,0.14320481136388305
Sydney,-33.8688,151.2093,2025-09-22 11:21:48.995285,0.10424482208235816,0.044249856818618476,0.007101558159825929,0.15559623706080258
Sydney,-33.8688,151.2093,2025-09-23 11:21:48.995285,0.08331955288482924,0.05050959918136992,0.001633601045972081,0.13546275311217124
Sydney,-33.8688,151.2093,2025-09-24 11:21:48.995285,0.06623358384297509,0.03638546372023543,0.01113008298019426,0.11374913054340478
Sydney,-33.8688,151.2093,2025-09-25 11:21:48.995285,0.10219899757735484,0.0434965346591475,0.0002524861516281404,0.14594801838813048
Sydney,-33.8688,151.2093,2025-09-26 11:21:48.995285,0.07900688022046264,0.04885300196048495,0.0026870037848087266,0.1305468859657563
Sydney,-33.8688,151.2093,2025-09-27 11:21:48.995285,0.0951882483794925,0.04425637411485268,0.0023328441928495694,0.14177746668719474
Sydney,-33.8688,151.2093,2025-09-28 11:21:48.995285,0.09590419073769837,0.046518463769205584,0.02778833321984188,0.1702109877267458
Sydney,-33.8688,151.2093,2025-09-29 11:21:48.995285,0.059264940140259986,0.0356868625051859,0.0015653890636384033,0.0965171917090843
Sydney,-33.8688,151.2093,2025-09-30 11:21:48.995285,0.075736241694482,0.041669914226615465,0.02214349431258617,0.13954965023368363
Sydney,-33.8688,151.2093,2025-10-01 11:21:48.995285,0.08737827705108189,0.049390457919885666,0.0013279820018227675,0.13809671697279033
Sydney,-33.8688,151.2093,2025-10-02 11:21:48.995285,0.06624926424303988,0.042290234830894044,0.010518183621715464,0.1190576826956494
Sydney,-33.8688,151.2093,2025-10-03 11:21:48.995285,0.07881652872671811,0.039586222190536056,0.003854948010082907,0.12225769892733707
Sydney,-33.8688,151.2093,2025-10-04 11:21:48.995285,0.0935346373324273,0.05146096853035329,0.0037980082415358146,0.1487936141043164
Sydney,-33.8688,151.2093,2025-10-05 11:21:48.995285,0.09153210539430169,0.0487868912279557,0.0636026998110928,0.20392169643335017
Sydney,-33.8688,151.2093,2025-10-06 11:21:48.995285,0.09555682342947718,0.04082247279743177,0.002562387787509694,0.13894168401441864
Sydney,-33.8688,151.2093,2025-10-07 11:21:48.995285,0.09713803955764867,0.04701543410734057,0.002263487674538251,0.14641696133952747
Sydney,-33.8688,151.2093,2025-10-08 11:21:48.995285,0.07594526394724475,0.04110204083489401,0.008899768710415317,0.12594707349255407
Sydney,-33.8688,151.2093,2025-10-09 11:21:48.995285,0.08003495114305585,0.045679421604213045,0.013499716779270983,0.13921408952653988
Sydney,-33.8688,151.2093,2025-10-10 11:21:48.995285,0.10061907862460404,0.047382649312369074,0.04045812918520356,0.18845985712217667
Sydney,-33.8688,151.2093,2025-10-11 11:21:48.995285,0.10837277473779014,0.04252225416787969,0.012086965243364214,0.16298199414903405
Sydney,-33.8688,151.2093,2025-10-12 11:21:48.995285,0.08358148332304842,0.05033944657346147,0.008252420426325274,0.14217335032283515
Sydney,-33.8688,151.2093,2025-10-13 11:21:48.995285,0.09597270975854678,0.05117858542039688,0.005261621591029666,0.15241291676997332
Sydney,-33.8688,151.2093,2025-10-14 11:21:48.995285,0.10158453332278915,0.04807467981932438,0.009041467913485066,0.1587006810555986
Sydney,-33.8688,151.2093,2025-10-15 11:21:48.995285,0.09602123316299108,0.04889274925325112,0.009183804056039847,0.15409778647228206
Sydney,-33.8688,151.2093,2025-10-16 11:21:48.995285,0.09129186946138151,0.039625622065951945,0.002455316727987856,0.1333728082553213
Sydney,-33.8688,151.2093,2025-10-17 11:21:48.995285,0.08750873135435881,0.05376855178364201,0.011123316548672381,0.1524005996866732
Sydney,-33.8688,151.2093,2025-10-18 11:21:48.995285,0.11390542517804778,0.046569741624913834,0.0022868863524529988,0.16276205315541462
Sydney,-33.8688,151.2093,2025-10-19 11:21:48.995285,0.09515408768073175,0.04241971680710392,0.006732559756091546,0.14430636424392723
Sydney,-33.8688,151.2093,2025-10-20 11:21:48.995285,0.09822240274926157,0.04789567028082403,0.003009287740450818,0.14912736077053643
Sydney,-33.8688,151.2093,2025-10-21 11:21:48.995285,0.09771884767579292,0.05096517339610632,0.003751313980247131,0.15243533505214638
Sydney,-33.8688,151.2093,2025-10-22 11:21:48.995285,0.0864957642146089,0.04987172197757836,0.009515993592132873,0.14588347978432012
Sydney,-33.8688,151.2093,2025-10-23 11:21:48.995285,0.09527405415948756,0.0419594701392301,0.0006665822183691084,0.13790010651708676
Sydney,-33.8688,151.2093,2025-10-24 11:21:48.995285,0.09169086368269794,0.05124483472832697,0.00012107820037565026,0.14305677661140057
Sydney,-33.8688,151.2093,2025-10-25 11:21:48.995285,0.09166076858671138,0.047227826840204164,0.0013997497604500986,0.14028834518736563
Sydney,-33.8688,151.2093,2025-10-26 11:21:48.995285,0.09838225300902975,0.050112351711341666,0.0018477293265150058,0.1503423340468864
Sydney,-33.8688,151.2093,2025-10-27 11:21:48.995285,0.08620806755861808,0.04367449114257924,0.002204882897005586,0.1320874415982029
Sydney,-33.8688,151.2093,2025-10-28 11:21:48.995285,0.08346982237455841,0.05298841123823121,0.014869153271616323,0.15132738688440595
Sydney,-33.8688,151.2093,2025-10-29 11:21:48.995285,0.1006994946785499,0.048749699668571955,0.0059214046963825765,0.15537059904350442
Sydney,-33.8688,151.2093,2025-10-30 11:21:48.995285,0.09051195804759013,0.05385814855762956,0.006347577775151555,0.15071768438037125
Sydney,-33.8688,151.2093,2025-10-31 11:21:48.995285,0.09253496290517291,0.04031821950968953,0.010337636486535847,0.1431908189013983
Sydney,-33.8688,151.2093,2025-11-01 11:21:48.995285,0.0768554004107973,0.041064587370706895,0.013060378981257035,0.13098036676276123
Sydney,-33.8688,151.2093,2025-11-02 11:21:48.995285,0.10593358239285962,0.04695123805237011,3.514518243904991e-05,0.15291996562766877
Sydney,-33.8688,151.2093,2025-11-03 11:21:48.995285,0.10170340089739323,0.055569744488982054,0.01942991762327711,0.17670306300965238
Sydney,-33.8688,151.2093,2025-11-04 11:21:48.995285,0.10370545885717718,0.058126439990398064,0.0445975877751549,0.20642948662273014
Sydney,-33.8688,151.2093,2025-11-05 11:21:48.995285,0.10066055958705379,0.043951520196164176,0.0012988938392656684,0.14591097362248365
Sydney,-33.8688,151.2093,2025-11-06 11:21:48.995285,0.08179121821653447,0.04874062903477592,0.010529142821713086,0.14106099007302347
Sydney,-33.8688,151.2093,2025-11-07 11:21:48.995285,0.09940516531798542,0.04933334771200023,2.41667220231344e-05,0.14876267975200877
Sydney,-33.8688,151.2093,2025-11-08 11:21:48.995285,0.09118908340120946,0.05223099727751975,0.000502722223586266,0.1439228029023155
Sydney,-33.8688,151.2093,2025-11-09 11:21:48.995285,0.08781789599650273,0.0531480468564815,0.003354741629829308,0.14432068448281354
Sydney,-33.8688,151.2093,2025-11-10 11:21:48.995285,0.10261375475439771,0.04323464520541191,0.01873430049895779,0.16458270045876744
Sydney,-33.8688,151.2093,2025-11-11 11:21:48.995285,0.11436587403748513,0.049213359236066026,0.010569932080460863,0.17414916535401204
Sydney,-33.8688,151.2093,2025-11-12 11:21:48.995285,0.11288234919087722,0.038931887881807306,0.00590267416974829,0.15771691124243284
Sydney,-33.8688,151.2093,2025-11-13 11:21:48.995285,0.10433918308667373,0.05311282286598581,0.005773188961453202,0.16322519491411275
Sydney,-33.8688,151.2093,2025-11-14 11:21:48.995285,0.09798478696359327,0.047450434937472426,0.006274597715589651,0.15170981961665536
Sydney,-33.8688,151.2093,2025-11-15 11:21:48.995285,0.09630148858416807,0.04320154550016828,0.003725620610838292,0.14322865469517462
Sydney,-33.8688,151.2093,2025-11-16 11:21:48.995285,0.08958217641443508,0.050976340189217734,0.021013969483678337,0.16157248608733116
Sydney,-33.8688,151.2093,2025-11-17 11:21:48.995285,0.09610058771393971,0.047549613560475754,0.0083902679957668,0.15204046927018228
Sydney,-33.8688,151.2093,2025-11-18 11:21:48.995285,0.1080542226214071,0.05579179666664394,0.006615515482907144,0.17046153477095818
Sydney,-33.8688,151.2093,2025-11-19 11:21:48.995285,0.11737174333287491,0.0451072653285817,0.006256317258090845,0.16873532591954743
Sydney,-33.8688,151.2093,2025-11-20 11:21:48.995285,0.09114716266233641,0.06077076386629307,0.027461644102647904,0.17937957063127738
Sydney,-33.8688,151.2093,2025-11-21 11:21:48.995285,0.07953366848105048,0.05401467937870048,0.012861302650854263,0.1464096505106052
Sydney,-33.8688,151.2093,2025-11-22 11:21:48.995285,0.0943470439226495,0.056266364007807136,0.001564369384953907,0.15217777731541055
Sydney,-33.8688,151.2093,2025-11-23 11:21:48.995285,0.108867407567153,0.044769752211478574,0.0057442266813107325,0.1593813864599423
Sydney,-33.8688,151.2093,2025-11-24 11:21:48.995285,0.1207227729065907,0.0589422968856688,0.00340200271696826,0.18306707250922774
Cairo,30.0444,31.2357,2024-11-24 11:21:48.995285,0.0901265006848927,0.05144730060070633,0.001711943539089716,0.14328574482468875
Cairo,30.0444,31.2357,2024-11-25 11:21:48.995285,0.0912047730785666,0.056405138463139035,0.0048781271797384,0.15248803872144404
Cairo,30.0444,31.2357,2024-11-26 11:21:48.995285,0.08675574260034422,0.04907483676405651,0.0166150162140398,0.15244559557844053
Cairo,30.0444,31.2357,2024-11-27 11:21:48.995285,0.07922219036098271,0.04530818781092365,0.006021944083304583,0.13055232225521093
Cairo,30.0444,31.2357,2024-11-28 11:21:48.995285,0.07859394938660691,0.053862793925152364,0.0012315138129480648,0.13368825712470733
Cairo,30.0444,31.2357,2024-11-29 11:21:48.995285,0.12547053930573554,0.04853898270239734,0.00039310088444233194,0.17440262289257522
Cairo,30.0444,31.2357,2024-11-30 11:21:48.995285,0.10039854906313479,0.06409435317283926,0.00405468016547539,0.16854758240144946
Cairo,30.0444,31.2357,2024-12-01 11:21:48.995285,0.1164475049120354,0.05186588989480556,0.001605946773776028,0.169919341580617
Cairo,30.0444,31.2357,2024-12-02 11:21:48.995285,0.09959687643490676,0.054235738799555476,0.013666532310270246,0.16749914754473247
Cairo,30.0444,31.2357,2024-12-03 11:21:48.995285,0.10010032262217851,0.047629918622260375,0.0032677890871931933,0.1509980303316321
Cairo,30.0444,31.2357,2024-12-04 11:21:48.995285,0.1047796376831392,0.057179467835066014,0.020992609017449506,0.18295171453565473
Cairo,30.0444,31.2357,2024-12-05 11:21:48.995285,0.10828297357987934,0.05080638826706193,0.00960632688615927,0.16869568873310054
Cairo,30.0444,31.2357,2024-12-06 11:21:48.995285,0.08958435046948571,0.050402840560190905,0.005003205949946534,0.14499039697962313
Cairo,30.0444,31.2357,2024-12-07 11:21:48.995285,0.09842146665905947,0.050606997009201925,0.009417561259400782,0.15844602492766216
Cairo,30.0444,31.2357,2024-12-08 11:21:48.995285,0.10543454527492177,0.04473634233022311,0.0034980427688142872,0.15366893037395918
Cairo,30.0444,31.2357,2024-12-09 11:21:48.995285,0.08321827555996196,0.050024133373005195,0.0015236347004924722,0.13476604363345962
Cairo,30.0444,31.2357,2024-12-10 11:21:48.995285,0.11569296478437062,0.05409061978912722,0.033291817412032396,0.20307540198553026
Cairo,30.0444,31.2357,2024-12-11 11:21:48.995285,0.11351239850623222,0.04371548096721596,0.008281915927636704,0.1655097954010849
Cairo,30.0444,31.2357,2024-12-12 11:21:48.995285,0.08203144844216576,0.05663295124326688,7.355103837274135e-05,0.1387379507238054
Cairo,30.0444,31.2357,2024-12-13 11:21:48.995285,0.09442269186530569,0.0502646560378212,0.003715191565467575,0.14840253946859447
Cairo,30.0444,31.2357,2024-12-14 11:21:48.995285,0.10442372641187941,0.05291124816872687,0.0017379936698236642,0.15907296825042994
Cairo,30.0444,31.2357,2024-12-15 11:21:48.995285,0.11195518432180698,0.04059830862818145,0.002986531191534207,0.15554002414152265
Cairo,30.0444,31.2357,2024-12-16 11:21:48.995285,0.11895851739097964,0.05297355801774028,0.0005732780202082401,0.17250535342892814
Cairo,30.0444,31.2357,2024-12-17 11:21:48.995285,0.09748322033028754,0.04671258261993024,0.0028115095070085296,0.1470073124572263
Cairo,30.0444,31.2357,2024-12-18 11:21:48.995285,0.12739658665013429,0.05025014812117528,0.01148904296718966,0.18913577773849924
Cairo,30.0444,31.2357,2024-12-19 11:21:48.995285,0.10368434278146733,0.0442486403004762,0.017181905492337595,0.1651148885742811
Cairo,30.0444,31.2357,2024-12-20 11:21:48.995285,0.10208647690309434,0.047754470146941695,0.0042677866325889656,0.154108733682625
Cairo,30.0444,31.2357,2024-12-21 11:21:48.995285,0.11009954095656,0.1542700654044892,0.007391193908452526,0.2717608002695018
Cairo,30.0444,31.2357,2024-12-22 11:21:48.995285,0.10774340787599618,0.05095898923757512,0.00042688941296127223,0.15912928652653258
Cairo,30.0444,31.2357,2024-12-23 11:21:48.995285,0.10733617715008978,0.056816320953017224,0.0009519106736544602,0.16510440877676147
Cairo,30.0444,31.2357,2024-12-24 11:21:48.995285,0.12489936691768909,0.04312852212917549,0.008027927347703844,0.17605581639456844
Cairo,30.0444,31.2357,2024-12-25 11:21:48.995285,0.10756041552427677,0.05228650824175603,0.01836193672643746,0.17820886049247026
Cairo,30.0444,31.2357,2024-12-26 11:21:48.995285,0.09539141327326732,0.05212166491965949,0.0009210209278212199,0.14843409912074804
Cairo,30.0444,31.2357,2024-12-27 11:21:48.995285,0.09698250285887887,0.05040099053910061,0.0054222456576601494,0.15280573905563963
Cairo,30.0444,31.2357,2024-12-28 11:21:48.995285,0.12025059995194412,0.048196147130682515,0.03520814638416495,0.20365489346679158
Cairo,30.0444,31.2357,2024-12-29 11:21:48.995285,0.11250530910228225,0.05834439419235457,0.013424403420756603,0.18427410671539343
Cairo,30.0444,31.2357,2024-12-30 11:21:48.995285,0.09024451312313195,0.0631425691971006,0.0022015205565279273,0.15558860287676046
Cairo,30.0444,31.2357,2024-12-31 11:21:48.995285,0.08989201456654325,0.044403327479992406,0.0033571649629705455,0.13765250700950618
Cairo,30.0444,31.2357,2025-01-01 11:21:48.995285,0.10633531421248031,0.048421459406994084,0.029549019425198317,0.1843057930446727
Cairo,30.0444,31.2357,2025-01-02 11:21:48.995285,0.1123853512322905,0.04808843105388077,0.002497284348727082,0.16297106663489835
Cairo,30.0444,31.2357,2025-01-03 11:21:48.995285,0.0995738465744378,0.05176955299763035,0.005814401343826806,0.15715780091589496
Cairo,30.0444,31.2357,2025-01-04 11:21:48.995285,0.08968459311744621,0.059522376171295896,0.004394512292706849,0.15360148158144896
Cairo,30.0444,31.2357,2025-01-05 11:21:48.995285,0.09536462883329971,0.05594652545258519,0.006734206972782014,0.15804536125866692
Cairo,30.0444,31.2357,2025-01-06 11:21:48.995285,0.12320194716140657,0.05260295522947559,0.0026994718533503983,0.17850437424423257
Cairo,30.0444,31.2357,2025-01-07 11:21:48.995285,0.11184022779256252,0.05351707664423646,0.011036763794514999,0.17639406823131396
Cairo,30.0444,31.2357,2025-01-08 11:21:48.995285,0.11699540390430063,0.0519022283653385,0.0026734492943211075,0.17157108156396025
Cairo,30.0444,31.2357,2025-01-09 11:21:48.995285,0.1187664993991731,0.057251517261225175,0.009215579652993026,0.18523359631339129
Cairo,30.0444,31.2357,2025-01-10 11:21:48.995285,0.10097637830541557,0.05791989583434957,0.0044280771194785485,0.1633243512592437
Cairo,30.0444,31.2357,2025-01-11 11:21:48.995285,0.10362382022677055,0.05663357469138932,0.0028965218775713394,0.1631539167957312
Cairo,30.0444,31.2357,2025-01-12 11:21:48.995285,0.1057896670210834,0.04275215399533898,0.011874521274169538,0.16041634229059193
Cairo,30.0444,31.2357,2025-01-13 11:21:48.995285,0.11174990644226634,0.053857232828673794,0.03359281605193066,0.1991999553228708
Cairo,30.0444,31.2357,2025-01-14 11:21:48.995285,0.11858919670313366,0.05291439563263142,0.020354280367175605,0.19185787270294066
Cairo,30.0444,31.2357,2025-01-15 11:21:48.995285,0.12650177303458923,0.05885799731822589,0.000908391216694511,0.18626816156950962
Cairo,30.0444,31.2357,2025-01-16 11:21:48.995285,0.11605247826491977,0.055150261015231496,0.006058944443772427,0.17726168372392367
Cairo,30.0444,31.2357,2025-01-17 11:21:48.995285,0.11622946929854715,0.05679049815553536,0.011867222745005736,0.18488719019908822
Cairo,30.0444,31.2357,2025-01-18 11:21:48.995285,0.12738169945668446,0.05158121006418462,0.008269433885638368,0.18723234340650743
Cairo,30.0444,31.2357,2025-01-19 11:21:48.995285,0.1061641779086371,0.058804374661202544,0.012959303320548352,0.17792785589038798
Cairo,30.0444,31.2357,2025-01-20 11:21:48.995285,0.12020173592254285,0.06032492678102308,0.036936967105348516,0.21746362980891445
Cairo,30.0444,31.2357,2025-01-21 11:21:48.995285,0.11418900915761032,0.046068135140671485,0.004189635178096133,0.16444677947637795
Cairo,30.0444,31.2357,2025-01-22 11:21:48.995285,0.11464769142167923,0.04776814035719737,0.014734795382660261,0.17715062716153684
Cairo,30.0444,31.2357,2025-01-23 11:21:48.995285,0.10644236034001808,0.05810608827697497,0.0009879469285522917,0.16553639554554533
Cairo,30.0444,31.2357,2025-01-24 11:21:48.995285,0.09473223746863457,0.05347532030000677,0.02038286033904372,0.16859041810768505
Cairo,30.0444,31.2357,2025-01-25 11:21:48.995285,0.11220726014517854,0.05952302695887637,0.01507026832714632,0.18680055543120122
Cairo,30.0444,31.2357,2025-01-26 11:21:48.995285,0.11233151112007136,0.05562944152065506,0.007359867486027617,0.17532082012675404
Cairo,30.0444,31.2357,2025-01-27 11:21:48.995285,0.10316538273049483,0.057924245301577894,0.017205564739219283,0.178295192771292
Cairo,30.0444,31.2357,2025-01-28 11:21:48.995285,0.10802896029697234,0.05076196744958321,0.010984826328384796,0.16977575407494036
Cairo,30.0444,31.2357,2025-01-29 11:21:48.995285,0.10025120355228859,0.056234038274147566,0.008034671579076126,0.16451991340551225
Cairo,30.0444,31.2357,2025-01-30 11:21:48.995285,0.10040716990043091,0.05628379942363395,0.02918780712531898,0.18587877644938386
Cairo,30.0444,31.2357,2025-01-31 11:21:48.995285,0.10440007874425847,0.051160386440286885,0.0013956696094743766,0.15695613479401974
Cairo,30.0444,31.2357,2025-02-01 11:21:48.995285,0.09599103436024924,0.059646175801772006,0.04957237458944275,0.205209584751464
Cairo,30.0444,31.2357,2025-02-02 11:21:48.995285,0.10350359071798623,0.045192577945030565,0.0016774772534128848,0.15037364591642968
Cairo,30.0444,31.2357,2025-02-03 11:21:48.995285,0.11653590664114973,0.055737815472685776,0.006542649131073481,0.17881637124490898
Cairo,30.0444,31.2357,2025-02-04 11:21:48.995285,0.12401714304760535,0.04825759523961977,0.002631989085995381,0.1749067273732205
Cairo,30.0444,31.2357,2025-02-05 11:21:48.995285,0.13026494327687188,0.04964377437270046,0.0031733562441647366,0.18308207389373707
Cairo,30.0444,31.2357,2025-02-06 11:21:48.995285,0.10556101450089034,0.05971110857444074,0.009992158446087702,0.17526428152141876
Cairo,30.0444,31.2357,2025-02-07 11:21:48.995285,0.12161236607833979,0.04930602473660771,0.0003532685257602794,0.1712716593407078
Cairo,30.0444,31.2357,2025-02-08 11:21:48.995285,0.11301913864915329,0.049118004665138694,0.028259351322733828,0.19039649463702582
Cairo,30.0444,31.2357,2025-02-09 11:21:48.995285,0.10732709842313885,0.05775193064281103,0.0032797937672776633,0.16835882283322753
Cairo,30.0444,31.2357,2025-02-10 11:21:48.995285,0.11376303519174684,0.049316581855753154,0.0031818604425833817,0.16626147749008338
Cairo,30.0444,31.2357,2025-02-11 11:21:48.995285,0.12079974049607038,0.05998028934198094,0.01991897659252006,0.2006990064305714
Cairo,30.0444,31.2357,2025-02-12 11:21:48.995285,0.10483005395605112,0.05812955826150128,0.014474729295025714,0.17743434151257811
Cairo,30.0444,31.2357,2025-02-13 11:21:48.995285,0.10463153468513765,0.05103414977192396,0.011138942583737724,0.16680462704079935
Cairo,30.0444,31.2357,2025-02-14 11:21:48.995285,0.10577569411514702,0.059838625622935224,0.0015824390469033195,0.16719675878498558
Cairo,30.0444,31.2357,2025-02-15 11:21:48.995285,0.10363158447528396,0.04525681672032792,0.01468010918357652,0.1635685103791884
Cairo,30.0444,31.2357,2025-02-16 11:21:48.995285,0.12191104724207989,0.05732356795441756,0.004474851502035452,0.1837094666985329
Cairo,30.0444,31.2357,2025-02-17 11:21:48.995285,0.10230368701814709,0.04873993191324131,0.050976071440163966,0.20201969037155237
Cairo,30.0444,31.2357,2025-02-18 11:21:48.995285,0.10408303849842174,0.05236309791640836,0.011124563115380738,0.16757069953021084
Cairo,30.0444,31.2357,2025-02-19 11:21:48.995285,0.11308528074715497,0.05269307519903565,0.018072370786585513,0.18385072673277614
Cairo,30.0444,31.2357,2025-02-20 11:21:48.995285,0.1122876122433393,0.061399163695868425,0.013234521215972947,0.1869212971551807
Cairo,30.0444,31.2357,2025-02-21 11:21:48.995285,0.10589399969540939,0.05248985376360894,0.009019893428579825,0.16740374688759818
Cairo,30.0444,31.2357,2025-02-22 11:21:48.995285,0.12683389841056059,0.054605745521222,0.01259905102325001,0.1940386949550326
Cairo,30.0444,31.2357,2025-02-23 11:21:48.995285,0.1036935492704592,0.05280908633161694,0.009100200066258578,0.16560283566833472
Cairo,30.0444,31.2357,2025-02-24 11:21:48.995285,0.10828830701383442,0.05008638255924449,0.0005255576533501611,0.15890024722642906
Cairo,30.0444,31.2357,2025-02-25 11:21:48.995285,0.09072795742274868,0.04984622517673961,0.00423919050495261,0.1448133731044409
Cairo,30.0444,31.2357,2025-02-26 11:21:48.995285,0.10693882011746127,0.056538040215579705,0.003804079553049632,0.1672809398860906
Cairo,30.0444,31.2357,2025-02-27 11:21:48.995285,0.09674960601780316,0.05485764103570681,0.01251669794481203,0.164123944998322
Cairo,30.0444,31.2357,2025-02-28 11:21:48.995285,0.10080393848296346,0.05879587741146849,0.008584303997284787,0.16818411989171675
Cairo,30.0444,31.2357,2025-03-01 11:21:48.995285,0.09039245683480873,0.0537652093420299,0.00942862666202663,0.15358629283886524
Cairo,30.0444,31.2357,2025-03-02 11:21:48.995285,0.1010075252304293,0.05391798986334956,0.0187719698063337,0.17369748490011255
Cairo,30.0444,31.2357,2025-03-03 11:21:48.995285,0.10916052843917863,0.05878433502035619,0.007450872923162869,0.1753957363826977
Cairo,30.0444,31.2357,2025-03-04 11:21:48.995285,0.10744495818620045,0.05308284999613623,0.002462550767334787,0.16299035894967148
Cairo,30.0444,31.2357,2025-03-05 11:21:48.995285,0.10571176111437136,0.04773178875771389,0.00012517697333078482,0.15356872684541603
Cairo,30.0444,31.2357,2025-03-06 11:21:48.995285,0.10658022802497681,0.059152367704350846,0.001737553915644741,0.1674701496449724
Cairo,30.0444,31.2357,2025-03-07 11:21:48.995285,0.10474623279034877,0.05151236335223982,0.0003105638713446038,0.15656916001393317
Cairo,30.0444,31.2357,2025-03-08 11:21:48.995285,0.10941407020873073,0.055214485553295764,0.002705823345984304,0.1673343791080108
Cairo,30.0444,31.2357,2025-03-09 11:21:48.995285,0.10861891803337888,0.05172802220315576,0.01007850229992718,0.17042544253646183
Cairo,30.0444,31.2357,2025-03-10 11:21:48.995285,0.11242918305210715,0.04997718032337585,0.0016418968459308205,0.16404826022141383
Cairo,30.0444,31.2357,2025-03-11 11:21:48.995285,0.1076250829809955,0.04532374411111327,0.0008547426415388618,0.15380356973364764
Cairo,30.0444,31.2357,2025-03-12 11:21:48.995285,0.1052505812343116,0.056489417360594055,0.03535457725935467,0.19709457585426032
Cairo,30.0444,31.2357,2025-03-13 11:21:48.995285,0.11731903313567867,0.03779883241731904,0.057779751038971504,0.2128976165919692
Cairo,30.0444,31.2357,2025-03-14 11:21:48.995285,0.11551235059445876,0.06123353178087221,0.010134172189424773,0.18688005456475573
Cairo,30.0444,31.2357,2025-03-15 11:21:48.995285,0.1091033545164816,0.059873886184656486,0.0011492431854593676,0.17012648388659743
Cairo,30.0444,31.2357,2025-03-16 11:21:48.995285,0.1213198477106201,0.050136895721374676,0.017232822704200634,0.1886895661361954
Cairo,30.0444,31.2357,2025-03-17 11:21:48.995285,0.1101337292328208,0.06259488420552883,0.00774820885578644,0.18047682229413609
Cairo,30.0444,31.2357,2025-03-18 11:21:48.995285,0.10763118078122431,0.06492544957563653,0.0020098292625525564,0.17456645961941342
Cairo,30.0444,31.2357,2025-03-19 11:21:48.995285,0.10848992136604488,0.05322133577426608,0.008572961336271211,0.17028421847658218
Cairo,30.0444,31.2357,2025-03-20 11:21:48.995285,0.11075721926720138,0.056607875353066425,0.0004017857996540171,0.16776688041992183
Cairo,30.0444,31.2357,2025-03-21 11:21:48.995285,0.09986155739538151,0.055198127184272854,0.03592519285356521,0.19098487743321957
Cairo,30.0444,31.2357,2025-03-22 11:21:48.995285,0.09022211365832754,0.0620472763604076,0.017485017186377065,0.1697544072051122
Cairo,30.0444,31.2357,2025-03-23 11:21:48.995285,0.11169528460812314,0.047477124890384324,0.0030215553275454343,0.16219396482605292
Cairo,30.0444,31.2357,2025-03-24 11:21:48.995285,0.11714048015470171,0.053263213156365896,0.0054285288491564745,0.1758322221602241
Cairo,30.0444,31.2357,2025-03-25 11:21:48.995285,0.0987074787980053,0.05895552088385003,0.0050299565893867386,0.16269295627124206
Cairo,30.0444,31.2357,2025-03-26 11:21:48.995285,0.1193621489507341,0.05838338001622656,0.019768428751319282,0.19751395771827995
Cairo,30.0444,31.2357,2025-03-27 11:21:48.995285,0.0920786633508901,0.05405756995764168,0.004379382460458302,0.15051561576899009
Cairo,30.0444,31.2357,2025-03-28 11:21:48.995285,0.10286460784614448,0.06118780065161236,0.0004916941102352661,0.1645441026079921
Cairo,30.0444,31.2357,2025-03-29 11:21:48.995285,0.12541941301636128,0.055347019038647194,0.0024167527005662702,0.18318318475557474
Cairo,30.0444,31.2357,2025-03-30 11:21:48.995285,0.11182290684595102,0.054700271910532186,0.0024279750293123977,0.1689511537857956
Cairo,30.0444,31.2357,2025-03-31 11:21:48.995285,0.1051406050906208,0.05756790537650797,0.02980667282455983,0.1925151832916886
Cairo,30.0444,31.2357,2025-04-01 11:21:48.995285,0.11058765781619175,0.05372792312197542,0.025777428301798737,0.19009300923996592
Cairo,30.0444,31.2357,2025-04-02 11:21:48.995285,0.11992526063033376,0.05423222215149252,0.0035752285616065466,0.17773271134343285
Cairo,30.0444,31.2357,2025-04-03 11:21:48.995285,0.09340489932716518,0.049991789296398956,2.7709356082027615e-05,0.14342439797964618
Cairo,30.0444,31.2357,2025-04-04 11:21:48.995285,0.12092743791645731,0.06854143517289046,0.007277337203987306,0.19674621029333508
Cairo,30.0444,31.2357,2025-04-05 11:21:48.995285,0.10273852081695364,0.05145237868312978,0.0159573188005946,0.170148218300678
Cairo,30.0444,31.2357,2025-04-06 11:21:48.995285,0.11461051753828286,0.057409556390001726,0.0031280158481149347,0.1751480897763995
Cairo,30.0444,31.2357,2025-04-07 11:21:48.995285,0.10126998451632033,0.06324972930137199,0.00578112854345551,0.17030084236114781
Cairo,30.0444,31.2357,2025-04-08 11:21:48.995285,0.12413280875641805,0.0469336884512047,0.0018969572474099353,0.17296345445503267
Cairo,30.0444,31.2357,2025-04-09 11:21:48.995285,0.10686513910509872,0.05664425737959351,0.00396597446569947,0.1674753709503917
Cairo,30.0444,31.2357,2025-04-10 11:21:48.995285,0.09376766861534344,0.053643731557883934,0.014223485848228967,0.16163488602145634
Cairo,30.0444,31.2357,2025-04-11 11:21:48.995285,0.1116335765184207,0.06244006417884275,0.005591081474275247,0.1796647221715387
Cairo,30.0444,31.2357,2025-04-12 11:21:48.995285,0.11982003391270767,0.048857811477752734,0.005928871691605955,0.17460671708206638
Cairo,30.0444,31.2357,2025-04-13 11:21:48.995285,0.11856327039585901,0.04957904561576315,0.015585150079419519,0.18372746609104168
Cairo,30.0444,31.2357,2025-04-14 11:21:48.995285,0.10748656727390885,0.05302624094834485,0.01439580133120447,0.17490860955345816
Cairo,30.0444,31.2357,2025-04-15 11:21:48.995285,0.11454130036793209,0.05074270161663488,0.0020721212647276093,0.16735612324929458
Cairo,30.0444,31.2357,2025-04-16 11:21:48.995285,0.1020719473555608,0.050847425973439934,0.005366088039776198,0.15828546136877694
Cairo,30.0444,31.2357,2025-04-17 11:21:48.995285,0.5603161127257171,0.06321856961394574,0.018895344030479825,0.6424300263701428
Cairo,30.0444,31.2357,2025-04-18 11:21:48.995285,0.10964436979353201,0.05364333382523885,0.006101629862775232,0.1693893334815461
Cairo,30.0444,31.2357,2025-04-19 11:21:48.995285,0.07692519232423449,0.04901549909397339,0.010840098735595483,0.13678079015380337
Cairo,30.0444,31.2357,2025-04-20 11:21:48.995285,0.09573166760023062,0.05091877758603517,0.0036522878006391745,0.15030273298690497
Cairo,30.0444,31.2357,2025-04-21 11:21:48.995285,0.10767433863508652,0.0548224041088018,0.0006140589859323647,0.16311080172982068
Cairo,30.0444,31.2357,2025-04-22 11:21:48.995285,0.10710235170297001,0.05441304011635889,0.0018020264113751453,0.16331741823070403
Cairo,30.0444,31.2357,2025-04-23 11:21:48.995285,0.10501652557135951,0.04976733148872942,0.005136978983770032,0.15992083604385895
Cairo,30.0444,31.2357,2025-04-24 11:21:48.995285,0.10605437009658156,0.04444015349827767,0.0043613108189886705,0.1548558344138479
Cairo,30.0444,31.2357,2025-04-25 11:21:48.995285,0.11708909466865826,0.05225350776997785,0.022599161088046306,0.1919417635266824
Cairo,30.0444,31.2357,2025-04-26 11:21:48.995285,0.10840394925757038,0.0520433889086786,0.007888273038396534,0.16833561120464552
Cairo,30.0444,31.2357,2025-04-27 11:21:48.995285,0.0813853332533504,0.04912514643287138,0.009865935603394407,0.1403764152896162
Cairo,30.0444,31.2357,2025-04-28 11:21:48.995285,0.124036163359827,0.17603529689361425,0.011669426768832909,0.31174088702227415
Cairo,30.0444,31.2357,2025-04-29 11:21:48.995285,0.08533972680366075,0.05507548342600354,0.007584880082992057,0.14800009031265635
Cairo,30.0444,31.2357,2025-04-30 11:21:48.995285,0.11383142965678279,0.05279909352435631,0.014681365875669707,0.1813118890568088
Cairo,30.0444,31.2357,2025-05-01 11:21:48.995285,0.08845037120324256,0.05024322333142774,0.015283210941280859,0.15397680547595116
Cairo,30.0444,31.2357,2025-05-02 11:21:48.995285,0.11817030253526288,0.06063309450067589,0.0043291745688565355,0.18313257160479532
Cairo,30.0444,31.2357,2025-05-03 11:21:48.995285,0.10099708919120814,0.046116175621748925,0.0008859643634245885,0.14799922917638164
Cairo,30.0444,31.2357,2025-05-04 11:21:48.995285,0.10745991286845862,0.049325588333956845,0.04294325574084216,0.19972875694325762
Cairo,30.0444,31.2357,2025-05-05 11:21:48.995285,0.08359452384198757,0.04946622114016134,0.010289575976946878,0.14335032095909578
Cairo,30.0444,31.2357,2025-05-06 11:21:48.995285,0.11058971647517671,0.053141845478057455,0.012341436450186377,0.17607299840342053
Cairo,30.0444,31.2357,2025-05-07 11:21:48.995285,0.10729409253012498,0.054869959356551486,0.014134436155182187,0.17629848804185866
Cairo,30.0444,31.2357,2025-05-08 11:21:48.995285,0.10914036086064142,0.04480069100151786,0.009492360728653662,0.16343341259081295
Cairo,30.0444,31.2357,2025-05-09 11:21:48.995285,0.11229847298804044,0.04797810325272461,0.006365806064256505,0.16664238230502157
Cairo,30.0444,31.2357,2025-05-10 11:21:48.995285,0.10442174362226643,0.05355654942902361,0.04177923642356073,0.1997575294748508
Cairo,30.0444,31.2357,2025-05-11 11:21:48.995285,0.100363141104526,0.04790937787092392,0.01300694483413326,0.16127946380958316
Cairo,30.0444,31.2357,2025-05-12 11:21:48.995285,0.47096994118155155,0.04914264791783811,0.01869821090666584,0.5388108000060554
Cairo,30.0444,31.2357,2025-05-13 11:21:48.995285,0.0977040670496288,0.05193082808804869,0.00579238969499569,0.15542728483267318
Cairo,30.0444,31.2357,2025-05-14 11:21:48.995285,0.11403167509315562,0.0460837370455182,0.02351539011023248,0.1836308022489063
Cairo,30.0444,31.2357,2025-05-15 11:21:48.995285,0.09341976961827048,0.052286889542191316,0.01317332085285464,0.15887998001331644
Cairo,30.0444,31.2357,2025-05-16 11:21:48.995285,0.083197112405652,0.05387683424837173,0.013709250383556373,0.15078319703758009
Cairo,30.0444,31.2357,2025-05-17 11:21:48.995285,0.09158266270187791,0.050920929878178534,0.0009094409315308012,0.14341303351158727
Cairo,30.0444,31.2357,2025-05-18 11:21:48.995285,0.10734790857143617,0.05777065996276481,0.009609134437630854,0.17472770297183182
Cairo,30.0444,31.2357,2025-05-19 11:21:48.995285,0.09808806763517595,0.05418540759592382,0.004082942085505994,0.15635641731660577
Cairo,30.0444,31.2357,2025-05-20 11:21:48.995285,0.10699030406125845,0.050268075088110854,0.011056419363858294,0.1683147985132276
Cairo,30.0444,31.2357,2025-05-21 11:21:48.995285,0.08076925398802079,0.04877980848450997,0.008398254369983265,0.13794731684251402
Cairo,30.0444,31.2357,2025-05-22 11:21:48.995285,0.07077671364962412,0.05907466258485746,0.0011787123459646302,0.1310300885804462
Cairo,30.0444,31.2357,2025-05-23 11:21:48.995285,0.10307130802711029,0.04690782564623453,0.007549965053971106,0.1575290987273159
Cairo,30.0444,31.2357,2025-05-24 11:21:48.995285,0.11030511326962132,0.048768229422556125,0.006001276949482499,0.16507461964165993
Cairo,30.0444,31.2357,2025-05-25 11:21:48.995285,0.08297611774291679,0.04799395150756279,0.014980910645970767,0.14595097989645034
Cairo,30.0444,31.2357,2025-05-26 11:21:48.995285,0.10517436222451138,0.051945981964385775,0.006984376926528376,0.1641047211154255
Cairo,30.0444,31.2357,2025-05-27 11:21:48.995285,0.11164445133351579,0.061146689271429806,0.0065616390629850705,0.17935277966793067
Cairo,30.0444,31.2357,2025-05-28 11:21:48.995285,0.09952594225084599,0.051018252384521616,0.012711493915863159,0.16325568855123077
Cairo,30.0444,31.2357,2025-05-29 11:21:48.995285,0.1084087756197041,0.048088563316548066,0.011043926331753344,0.16754126526800553
Cairo,30.0444,31.2357,2025-05-30 11:21:48.995285,0.10113021154917917,0.05055642546719993,0.04810274751741831,0.1997893845337974
Cairo,30.0444,31.2357,2025-05-31 11:21:48.995285,0.09642528874909245,0.042963023208653785,0.004337915926163336,0.14372622788390957
Cairo,30.0444,31.2357,2025-06-01 11:21:48.995285,0.10709356533887185,0.048502782926296166,0.011658955933281808,0.16725530419844983
Cairo,30.0444,31.2357,2025-06-02 11:21:48.995285,0.11784049408129903,0.05787668055836234,0.0018303207617271066,0.17754749540138845
Cairo,30.0444,31.2357,2025-06-03 11:21:48.995285,0.09296359660862237,0.05258095400522036,0.0163250572655432,0.16186960787938592
Cairo,30.0444,31.2357,2025-06-04 11:21:48.995285,0.09749461320045251,0.055340801538995704,0.015425067177897418,0.16826048191734563
Cairo,30.0444,31.2357,2025-06-05 11:21:48.995285,0.08829547959481188,0.05416789909683216,0.01293972952673649,0.15540310821838055
Cairo,30.0444,31.2357,2025-06-06 11:21:48.995285,0.09958540654652558,0.04547263742168052,0.0012675527665613033,0.1463255967347674
Cairo,30.0444,31.2357,2025-06-07 11:21:48.995285,0.09630079715109786,0.05849233661378843,0.04385600010956095,0.19864913387444724
Cairo,30.0444,31.2357,2025-06-08 11:21:48.995285,0.10928146273139577,0.0399682289232134,0.02857895721641558,0.17782864887102473
Cairo,30.0444,31.2357,2025-06-09 11:21:48.995285,0.11172725988183944,0.05042737604040379,0.0046218067987927065,0.16677644272103592
Cairo,30.0444,31.2357,2025-06-10 11:21:48.995285,0.1052431996055907,0.03838342223251859,0.008611301506287196,0.15223792334439648
Cairo,30.0444,31.2357,2025-06-11 11:21:48.995285,0.10766533669182171,0.04003230856125421,0.021972073087627195,0.16966971834070313
Cairo,30.0444,31.2357,2025-06-12 11:21:48.995285,0.08998450964047759,0.15958278497351575,0.006824921288248241,0.2563922159022416
Cairo,30.0444,31.2357,2025-06-13 11:21:48.995285,0.08731961040963973,0.04497780093264046,0.009142012661898131,0.1414394240041783
Cairo,30.0444,31.2357,2025-06-14 11:21:48.995285,0.10107408893499986,0.05457738547755493,0.009244309214621806,0.16489578362717658
Cairo,30.0444,31.2357,2025-06-15 11:21:48.995285,0.09674407944590553,0.037400101209410785,0.010476957233202808,0.1446211378885191
Cairo,30.0444,31.2357,2025-06-16 11:21:48.995285,0.11637475150587881,0.04774889034374946,0.008568441192124066,0.17269208304175235
Cairo,30.0444,31.2357,2025-06-17 11:21:48.995285,0.07700647551867283,0.04203174788219091,0.00520782063242664,0.12424604403329038
Cairo,30.0444,31.2357,2025-06-18 11:21:48.995285,0.10225990529547486,0.046389442029216604,0.0077539761393269095,0.1564033234640184
Cairo,30.0444,31.2357,2025-06-19 11:21:48.995285,0.10193694826333322,0.055694963282509606,0.020513804180432516,0.17814571572627536
Cairo,30.0444,31.2357,2025-06-20 11:21:48.995285,0.088130418637807,0.05683400936779677,0.019958605767708346,0.16492303377331213
Cairo,30.0444,31.2357,2025-06-21 11:21:48.995285,0.08591904050646346,0.05036205065449629,0.014808061459140433,0.15108915262010017
Cairo,30.0444,31.2357,2025-06-22 11:21:48.995285,0.0920483146825264,0.039747368465218376,0.005346191358279703,0.1371418745060245
Cairo,30.0444,31.2357,2025-06-23 11:21:48.995285,0.07887329277078521,0.041610778032759387,0.015416510099119665,0.13590058090266427
Cairo,30.0444,31.2357,2025-06-24 11:21:48.995285,0.10971060097026422,0.048368911275122946,0.004907882971994776,0.16298739521738193
Cairo,30.0444,31.2357,2025-06-25 11:21:48.995285,0.12199487133234764,0.04346424641012214,0.01090848596621261,0.1763676037086824
Cairo,30.0444,31.2357,2025-06-26 11:21:48.995285,0.09142653280613929,0.0507095507362315,0.008380068147489081,0.15051615168985988
Cairo,30.0444,31.2357,2025-06-27 11:21:48.995285,0.08829974772638494,0.055725975392607104,0.0035671018306890957,0.14759282494968112
Cairo,30.0444,31.2357,2025-06-28 11:21:48.995285,0.08143901210997245,0.04236044833717689,0.006030839756411783,0.12983030020356112
Cairo,30.0444,31.2357,2025-06-29 11:21:48.995285,0.4172136991036482,0.042726745889156266,0.01774087105085264,0.4776813160436571
Cairo,30.0444,31.2357,2025-06-30 11:21:48.995285,0.08836783310425907,0.041228962762202,0.024390099036431693,0.15398689490289275
Cairo,30.0444,31.2357,2025-07-01 11:21:48.995285,0.10620982688555161,0.04578977910961638,0.002297848422590218,0.15429745441775822
Cairo,30.0444,31.2357,2025-07-02 11:21:48.995285,0.12591383222191385,0.047253017083199816,0.006092009811119578,0.17925885911623324
Cairo,30.0444,31.2357,2025-07-03 11:21:48.995285,0.08661889435911553,0.04703148441509282,0.005682880099543136,0.13933325887375148
Cairo,30.0444,31.2357,2025-07-04 11:21:48.995285,0.08469183788105905,0.051344612363507035,0.0067141562505484455,0.14275060649511453
Cairo,30.0444,31.2357,2025-07-05 11:21:48.995285,0.08189952076850995,0.048754584499301284,0.03756116761971529,0.16821527288752652
Cairo,30.0444,31.2357,2025-07-06 11:21:48.995285,0.09795633071866745,0.046430647455494,0.007313528363899431,0.1517005065380609
Cairo,30.0444,31.2357,2025-07-07 11:21:48.995285,0.09676157047624417,0.046864257721355336,0.017724080507652826,0.16134990870525234
Cairo,30.0444,31.2357,2025-07-08 11:21:48.995285,0.09420152392837121,0.04702369353500049,0.010904568567348113,0.1521297860307198
Cairo,30.0444,31.2357,2025-07-09 11:21:48.995285,0.08862415056044146,0.04624457375160989,0.0011338249667729203,0.13600254927882427
Cairo,30.0444,31.2357,2025-07-10 11:21:48.995285,0.10653621089056514,0.04308650862280246,0.011895992705832577,0.16151871221920017
Cairo,30.0444,31.2357,2025-07-11 11:21:48.995285,0.10046584115631818,0.040396262237299065,0.010414548414741261,0.1512766518083585
Cairo,30.0444,31.2357,2025-07-12 11:21:48.995285,0.0999130626576228,0.04706359797236567,0.014207570137647821,0.1611842307676363
Cairo,30.0444,31.2357,2025-07-13 11:21:48.995285,0.09629016616147233,0.04379738883524414,0.0007736552627355993,0.14086121025945206
Cairo,30.0444,31.2357,2025-07-14 11:21:48.995285,0.0905794435004806,0.04886218545954103,0.002761588010517638,0.14220321697053928
Cairo,30.0444,31.2357,2025-07-15 11:21:48.995285,0.0852094312307379,0.046540470338036564,0.0146658808922764,0.1464157824610509
Cairo,30.0444,31.2357,2025-07-16 11:21:48.995285,0.0974502097417649,0.04620015204094184,0.004630136726693867,0.14828049850940062
Cairo,30.0444,31.2357,2025-07-17 11:21:48.995285,0.0963751280252588,0.05099411925993522,0.024170867824086884,0.1715401151092809
Cairo,30.0444,31.2357,2025-07-18 11:21:48.995285,0.09771008272836204,0.03899602732531018,0.007291275997933082,0.1439973860516053
Cairo,30.0444,31.2357,2025-07-19 11:21:48.995285,0.07629086068848155,0.05481384600700112,1.0276614327730038e-05,0.13111498330981042
Cairo,30.0444,31.2357,2025-07-20 11:21:48.995285,0.09522740091525078,0.03499241208682781,0.012001001890049663,0.14222081489212823
Cairo,30.0444,31.2357,2025-07-21 11:21:48.995285,0.08864978953934746,0.0531222074828434,0.007204443230848475,0.14897644025303935
Cairo,30.0444,31.2357,2025-07-22 11:21:48.995285,0.08285477314311104,0.046824557589788235,0.003813985780744831,0.1334933165136441
Cairo,30.0444,31.2357,2025-07-23 11:21:48.995285,0.09883177886866927,0.043153536851653726,0.0002065250070757496,0.14219184072739874
Cairo,30.0444,31.2357,2025-07-24 11:21:48.995285,0.09322948220549056,0.03837020730745859,0.0022157756863699966,0.13381546519931914
Cairo,30.0444,31.2357,2025-07-25 11:21:48.995285,0.11490981258343866,0.04268684121459332,0.0017625271153828388,0.1593591809134148
Cairo,30.0444,31.2357,2025-07-26 11:21:48.995285,0.09612775842390031,0.0448230831172006,0.008743193447671008,0.14969403498877193
Cairo,30.0444,31.2357,2025-07-27 11:21:48.995285,0.08822767168110356,0.04657452924790814,0.014677388063021091,0.14947958899203279
Cairo,30.0444,31.2357,2025-07-28 11:21:48.995285,0.09003657174926609,0.05278770032992456,0.0026736508963392963,0.14549792297552996
Cairo,30.0444,31.2357,2025-07-29 11:21:48.995285,0.07932259439632278,0.04588787454240044,0.011964119075069939,0.13717458801379318
Cairo,30.0444,31.2357,2025-07-30 11:21:48.995285,0.10327492376195026,0.04708149111260036,0.023008292209900024,0.17336470708445065
Cairo,30.0444,31.2357,2025-07-31 11:21:48.995285,0.0940438065561174,0.04719754581110567,0.009717665010082664,0.15095901737730574
Cairo,30.0444,31.2357,2025-08-01 11:21:48.995285,0.09414546054233752,0.04377439353299045,0.014945373648157121,0.1528652277234851
Cairo,30.0444,31.2357,2025-08-02 11:21:48.995285,0.08011490813617232,0.04441751175965631,0.0022844697151945983,0.12681688961102325
Cairo,30.0444,31.2357,2025-08-03 11:21:48.995285,0.09848277251720647,0.044811618092767326,0.0007789508092216606,0.14407334141919545
Cairo,30.0444,31.2357,2025-08-04 11:21:48.995285,0.08127720685271106,0.04844786631452828,0.004547411772679192,0.13427248493991853
Cairo,30.0444,31.2357,2025-08-05 11:21:48.995285,0.08503329345436073,0.04072155053120948,0.012344558089060412,0.13809940207463062
Cairo,30.0444,31.2357,2025-08-06 11:21:48.995285,0.09177076320251097,0.04272530653864657,0.011586763210859887,0.14608283295201743
Cairo,30.0444,31.2357,2025-08-07 11:21:48.995285,0.08465373535407504,0.0470132911520717,0.031028552557774678,0.16269557906392143
Cairo,30.0444,31.2357,2025-08-08 11:21:48.995285,0.08248951872487126,0.03982399338553233,0.009941939500896113,0.1322554516112997
Cairo,30.0444,31.2357,2025-08-09 11:21:48.995285,0.08986394153003782,0.04575089819374854,0.005298121678368724,0.14091296140215506
Cairo,30.0444,31.2357,2025-08-10 11:21:48.995285,0.1004206902071,0.042431923267034155,0.015951969315440333,0.15880458278957446
Cairo,30.0444,31.2357,2025-08-11 11:21:48.995285,0.09922958066693802,0.0476658401665148,0.0016613476657735052,0.1485567684992263
Cairo,30.0444,31.2357,2025-08-12 11:21:48.995285,0.09731404997645188,0.05198906216078881,0.016767661256714698,0.16607077339395537
Cairo,30.0444,31.2357,2025-08-13 11:21:48.995285,0.09506626141912317,0.04237879558142511,0.004555966551093538,0.1420010235516418
Cairo,30.0444,31.2357,2025-08-14 11:21:48.995285,0.08541509388778655,0.04887387144660111,0.0016724775044145918,0.13596144283880227
Cairo,30.0444,31.2357,2025-08-15 11:21:48.995285,0.10134924432828793,0.04607327517683643,0.001769050016966757,0.14919156952209112
Cairo,30.0444,31.2357,2025-08-16 11:21:48.995285,0.07275419872814157,0.0431375092924262,0.0411032122996473,0.15699492032021506
Cairo,30.0444,31.2357,2025-08-17 11:21:48.995285,0.09442675207644294,0.04507758832925812,0.00976101148244319,0.14926535188814424
Cairo,30.0444,31.2357,2025-08-18 11:21:48.995285,0.0984803813484824,0.05152349995483815,0.001914808888875055,0.1519186901921956
Cairo,30.0444,31.2357,2025-08-19 11:21:48.995285,0.08914603119998124,0.044165374264033844,0.003127435550137121,0.1364388410141522
Cairo,30.0444,31.2357,2025-08-20 11:21:48.995285,0.08281049333493164,0.05156224309549427,0.00465342141428284,0.13902615784470876
Cairo,30.0444,31.2357,2025-08-21 11:21:48.995285,0.08965023816414895,0.0444105817001303,0.0005752262513046286,0.13463604611558389
Cairo,30.0444,31.2357,2025-08-22 11:21:48.995285,0.08243525253700175,0.037943465749825114,0.0011475530482785777,0.12152627133510543
Cairo,30.0444,31.2357,2025-08-23 11:21:48.995285,0.09514714376995786,0.04426856670804704,0.014344527613688856,0.15376023809169376
Cairo,30.0444,31.2357,2025-08-24 11:21:48.995285,0.09945816999338236,0.03754888828100356,0.015458715963322527,0.15246577423770843
Cairo,30.0444,31.2357,2025-08-25 11:21:48.995285,0.09446699042232466,0.04341148582879395,0.044425932241630356,0.18230440849274895
Cairo,30.0444,31.2357,2025-08-26 11:21:48.995285,0.09387367048342754,0.04322056548508488,0.0006998949510899474,0.13779413091960235
Cairo,30.0444,31.2357,2025-08-27 11:21:48.995285,0.09761067545569306,0.0540880282333409,0.02199887825224686,0.17369758194128082
Cairo,30.0444,31.2357,2025-08-28 11:21:48.995285,0.09877453885433354,0.05305466109880906,0.00381576788109629,0.15564496783423887
Cairo,30.0444,31.2357,2025-08-29 11:21:48.995285,0.08224401317371344,0.04544036404983452,0.003972746205338663,0.13165712342888664
Cairo,30.0444,31.2357,2025-08-30 11:21:48.995285,0.07466087727225354,0.05107718717661754,0.0013614308799715824,0.12709949532884268
Cairo,30.0444,31.2357,2025-08-31 11:21:48.995285,0.09283668750360054,0.04304019801540194,0.04290372361905856,0.17878060913806104
Cairo,30.0444,31.2357,2025-09-01 11:21:48.995285,0.09932163488342836,0.03790266919328904,0.03962749981713192,0.17685180389384933
Cairo,30.0444,31.2357,2025-09-02 11:21:48.995285,0.07429169056568204,0.04768947028830111,0.020012191388981797,0.14199335224296494
Cairo,30.0444,31.2357,2025-09-03 11:21:48.995285,0.09081482633955708,0.04687016642703751,0.0009516828518160317,0.13863667561841062
Cairo,30.0444,31.2357,2025-09-04 11:21:48.995285,0.1014386186297586,0.040389983126248814,0.01842945142307422,0.16025805317908165
Cairo,30.0444,31.2357,2025-09-05 11:21:48.995285,0.08902235433558417,0.0406269546004065,0.010068009311541311,0.13971731824753197
Cairo,30.0444,31.2357,2025-09-06 11:21:48.995285,0.10543285953234029,0.04980859211193327,0.0013785552359421045,0.15662000688021566
Cairo,30.0444,31.2357,2025-09-07 11:21:48.995285,0.10359738468972911,0.03671184770927152,0.003034832660278878,0.1433440650592795
Cairo,30.0444,31.2357,2025-09-08 11:21:48.995285,0.08847223531391214,0.04794058576934542,0.011686833066761349,0.1480996541500189
Cairo,30.0444,31.2357,2025-09-09 11:21:48.995285,0.0866652035876289,0.04359892132598985,0.01626791490443034,0.14653203981804908
Cairo,30.0444,31.2357,2025-09-10 11:21:48.995285,0.08689534219464452,0.04799216911428898,0.01884447593072326,0.15373198723965675
Cairo,30.0444,31.2357,2025-09-11 11:21:48.995285,0.09178620102434003,0.050160354503493994,0.0078489026036659,0.14979545813149991
Cairo,30.0444,31.2357,2025-09-12 11:21:48.995285,0.0787544002112225,0.04087309834514596,0.007649008236492819,0.12727650679286126
Cairo,30.0444,31.2357,2025-09-13 11:21:48.995285,0.07696032548002109,0.03957115565386627,0.011526747173438264,0.12805822830732563
Cairo,30.0444,31.2357,2025-09-14 11:21:48.995285,0.06788649176894981,0.052632151816774234,0.015038288992033393,0.13555693257775744
Cairo,30.0444,31.2357,2025-09-15 11:21:48.995285,0.09045009797964522,0.04504488188576794,0.0018703558788229786,0.13736533574423612
Cairo,30.0444,31.2357,2025-09-16 11:21:48.995285,0.11111343251576032,0.0470010307623701,0.013464494564734765,0.17157895784286517
Cairo,30.0444,31.2357,2025-09-17 11:21:48.995285,0.07088510763340211,0.04994899707867604,0.004180741527816067,0.1250148462398942
Cairo,30.0444,31.2357,2025-09-18 11:21:48.995285,0.0890170913434039,0.04062291992766645,0.00484116543049405,0.13448117670156437
Cairo,30.0444,31.2357,2025-09-19 11:21:48.995285,0.08878778786373027,0.04997474030444855,0.0008089878595278864,0.1395715160277067
Cairo,30.0444,31.2357,2025-09-20 11:21:48.995285,0.08948302879823507,0.048702611681964,0.008877537191231659,0.14706317767143073
Cairo,30.0444,31.2357,2025-09-21 11:21:48.995285,0.10364819902937145,0.05289020759344783,0.0009807610874961001,0.15751916771031535
Cairo,30.0444,31.2357,2025-09-22 11:21:48.995285,0.08227529614313328,0.052842577346853714,0.024434070397192156,0.15955194388717914
Cairo,30.0444,31.2357,2025-09-23 11:21:48.995285,0.07177855101855121,0.045937724141689125,0.009701407293714168,0.1274176824539545
Cairo,30.0444,31.2357,2025-09-24 11:21:48.995285,0.08598260593774525,0.04942799910946799,0.046337605345055585,0.18174821039226885
Cairo,30.0444,31.2357,2025-09-25 11:21:48.995285,0.0847340170567585,0.04592893623180965,0.0028190168132325158,0.13348197010180066
Cairo,30.0444,31.2357,2025-09-26 11:21:48.995285,0.06919269900431704,0.04647713532035681,0.01138186823669748,0.12705170256137133
Cairo,30.0444,31.2357,2025-09-27 11:21:48.995285,0.09404868323869042,0.04015261208551657,0.03336252364800218,0.16756381897220918
Cairo,30.0444,31.2357,2025-09-28 11:21:48.995285,0.07982816746426892,0.04472167103680747,0.0035464595275090226,0.1280962980285854
Cairo,30.0444,31.2357,2025-09-29 11:21:48.995285,0.09095423931807783,0.03691879122740031,0.0010128289434478798,0.12888585948892603
Cairo,30.0444,31.2357,2025-09-30 11:21:48.995285,0.0882562088217447,0.04525490239045903,0.010050579496001369,0.14356169070820513
Cairo,30.0444,31.2357,2025-10-01 11:21:48.995285,0.08124622940435643,0.05259340836588445,0.004558627512353295,0.1383982652825942
Cairo,30.0444,31.2357,2025-10-02 11:21:48.995285,0.10099681519433407,0.049934917974898,0.0031890808067109038,0.15412081397594296
Cairo,30.0444,31.2357,2025-10-03 11:21:48.995285,0.08938244245187717,0.04665976143384613,0.05049529576505938,0.18653749965078267
Cairo,30.0444,31.2357,2025-10-04 11:21:48.995285,0.09284856740144941,0.04514270158088585,0.01402868297554044,0.1520199519578757
Cairo,30.0444,31.2357,2025-10-05 11:21:48.995285,0.09828100448024216,0.04350687118256423,0.0066435494975327445,0.1484314251603391
Cairo,30.0444,31.2357,2025-10-06 11:21:48.995285,0.09541529558019587,0.041672588984135145,0.0005129687058654102,0.13760085327019642
Cairo,30.0444,31.2357,2025-10-07 11:21:48.995285,0.09409583089619193,0.05041625947582829,0.002127176869038048,0.14663926724105827
Cairo,30.0444,31.2357,2025-10-08 11:21:48.995285,0.08452163998015315,0.03870661022207911,0.0035493135811543093,0.12677756378338656
Cairo,30.0444,31.2357,2025-10-09 11:21:48.995285,0.08176098112063879,0.03865167151802987,0.006678627461868041,0.1270912801005367
Cairo,30.0444,31.2357,2025-10-10 11:21:48.995285,0.09458389184537531,0.05102449742944183,0.006876619351925969,0.1524850086267431
Cairo,30.0444,31.2357,2025-10-11 11:21:48.995285,0.0835103172217913,0.04760400167245263,0.0002504437175422697,0.13136476261178617
Cairo,30.0444,31.2357,2025-10-12 11:21:48.995285,0.10119997490159784,0.04685190839985138,0.02870973977544882,0.17676162307689805
Cairo,30.0444,31.2357,2025-10-13 11:21:48.995285,0.09208825640605595,0.04772712982893728,0.007826500502436256,0.14764188673742948
Cairo,30.0444,31.2357,2025-10-14 11:21:48.995285,0.09999982463948896,0.05680728075882545,0.00019924345028575534,0.15700634884860018
Cairo,30.0444,31.2357,2025-10-15 11:21:48.995285,0.08378795562837876,0.04710303260392682,0.01208433385193203,0.1429753220842376
Cairo,30.0444,31.2357,2025-10-16 11:21:48.995285,0.08236755120564958,0.04835621895178692,0.000740249884311811,0.13146402004174831
Cairo,30.0444,31.2357,2025-10-17 11:21:48.995285,0.11070396252386311,0.05724790582573013,0.012771545256473664,0.18072341360606692
Cairo,30.0444,31.2357,2025-10-18 11:21:48.995285,0.09255804618637123,0.04670841060196348,0.01208960156610044,0.15135605835443516
Cairo,30.0444,31.2357,2025-10-19 11:21:48.995285,0.10332415985259814,0.05572758834918746,0.041945957575070476,0.20099770577685608
Cairo,30.0444,31.2357,2025-10-20 11:21:48.995285,0.0802137783513464,0.036631430710003125,0.004186072170672384,0.12103128123202189
Cairo,30.0444,31.2357,2025-10-21 11:21:48.995285,0.09164536412402012,0.04142842261741325,0.0015586732590361567,0.13463246000046955
Cairo,30.0444,31.2357,2025-10-22 11:21:48.995285,0.107643557133637,0.043970114551858876,0.0009636693788632385,0.15257734106435913
Cairo,30.0444,31.2357,2025-10-23 11:21:48.995285,0.07911961546352436,0.05030288089788726,0.0007442840675084474,0.13016678042892008
Cairo,30.0444,31.2357,2025-10-24 11:21:48.995285,0.11766644495578885,0.05632659739550732,0.016624864406532207,0.1906179067578284
Cairo,30.0444,31.2357,2025-10-25 11:21:48.995285,0.0970876323364108,0.04457702618904707,0.012677936091376274,0.15434259461683414
Cairo,30.0444,31.2357,2025-10-26 11:21:48.995285,0.0870233130910696,0.05249759289143608,0.03726175037358153,0.17678265635608723
Cairo,30.0444,31.2357,2025-10-27 11:21:48.995285,0.09888398455507749,0.05886837401766287,0.003698847244826744,0.1614512058175671
Cairo,30.0444,31.2357,2025-10-28 11:21:48.995285,0.10660906360632445,0.05558265665892456,0.01625071752504784,0.17844243779029687
Cairo,30.0444,31.2357,2025-10-29 11:21:48.995285,0.08741663983053055,0.045816755040391094,0.0009762836972120333,0.13420967856813368
Cairo,30.0444,31.2357,2025-10-30 11:21:48.995285,0.08900777560545682,0.05225684619039376,0.023421567488713803,0.16468618928456438
Cairo,30.0444,31.2357,2025-10-31 11:21:48.995285,0.09847642062276263,0.04968959345362603,0.0005322179359952717,0.14869823201238394
Cairo,30.0444,31.2357,2025-11-01 11:21:48.995285,0.10077357391757115,0.044774427470247055,0.015506195440085316,0.1610541968279035
Cairo,30.0444,31.2357,2025-11-02 11:21:48.995285,0.09431837902719407,0.05028784286031231,0.0036723843428483984,0.14827860623035477
Cairo,30.0444,31.2357,2025-11-03 11:21:48.995285,0.1004866360798035,0.13758770963336764,0.00199906884135182,0.24007341455452297
Cairo,30.0444,31.2357,2025-11-04 11:21:48.995285,0.10516026323708902,0.04893415374788659,0.012191356065138801,0.1662857730501144
Cairo,30.0444,31.2357,2025-11-05 11:21:48.995285,0.09852038074793719,0.04150166313694914,0.02262192295581902,0.16264396684070534
Cairo,30.0444,31.2357,2025-11-06 11:21:48.995285,0.090036035951712,0.03966073894219164,0.014444576818035564,0.1441413517119392
Cairo,30.0444,31.2357,2025-11-07 11:21:48.995285,0.09690580618382423,0.047124903371618,0.0037556647779798066,0.14778637433342204
Cairo,30.0444,31.2357,2025-11-08 11:21:48.995285,0.11484281422762826,0.050230917022188064,0.004362913750565276,0.1694366450003816
Cairo,30.0444,31.2357,2025-11-09 11:21:48.995285,0.10077716921464791,0.04308391511656729,0.002098628748088804,0.145959713079304
Cairo,30.0444,31.2357,2025-11-10 11:21:48.995285,0.11001562937268959,0.051438112441903494,0.017376213047454753,0.17882995486204786
Cairo,30.0444,31.2357,2025-11-11 11:21:48.995285,0.09263739676879121,0.04910413999763209,0.0011327355727518426,0.14287427233917516
Cairo,30.0444,31.2357,2025-11-12 11:21:48.995285,0.1005753647034426,0.05222573594157333,0.02335252171794144,0.17615362236295737
Cairo,30.0444,31.2357,2025-11-13 11:21:48.995285,0.10606088332608303,0.05378705922757853,0.009191303774049486,0.16903924632771103
Cairo,30.0444,31.2357,2025-11-14 11:21:48.995285,0.1132646453454993,0.055861417493888885,0.00888809220895801,0.1780141550483462
Cairo,30.0444,31.2357,2025-11-15 11:21:48.995285,0.11073279909075212,0.052244816201031614,0.018190575017723615,0.18116819030950734
Cairo,30.0444,31.2357,2025-11-16 11:21:48.995285,0.08743453924771304,0.047837284434704516,0.011012154280814809,0.14628397796323236
Cairo,30.0444,31.2357,2025-11-17 11:21:48.995285,0.11031644330957449,0.05034327354596453,0.0036274943958397275,0.16428721125137877
Cairo,30.0444,31.2357,2025-11-18 11:21:48.995285,0.11582898547365994,0.061130396168621315,0.004300372282126679,0.18125975392440793
Cairo,30.0444,31.2357,2025-11-19 11:21:48.995285,0.09339140718425937,0.16349249869642124,0.0019001611346293678,0.25878406701531
Cairo,30.0444,31.2357,2025-11-20 11:21:48.995285,0.09036730593459302,0.05001366818929549,0.00623739113489735,0.14661836525878585
Cairo,30.0444,31.2357,2025-11-21 11:21:48.995285,0.09923945716214748,0.04898923263368112,0.0011670772547321278,0.14939576705056073
Cairo,30.0444,31.2357,2025-11-22 11:21:48.995285,0.10145076091460312,0.046836695108703655,0.010585357130048696,0.15887281315335547
Cairo,30.0444,31.2357,2025-11-23 11:21:48.995285,0.09632717482336056,0.0439779404562691,0.0018540090245276494,0.1421591243041573
Cairo,30.0444,31.2357,2025-11-24 11:21:48.995285,0.08813265177622434,0.0585405668495004,0.0199459885051456,0.16661920713087033
Mumbai,19.076,72.8777,2024-11-24 11:21:48.995285,0.09710867733977198,0.05177823822067915,0.015070996655594485,0.1639579122160456
Mumbai,19.076,72.8777,2024-11-25 11:21:48.995285,0.10135567423625033,0.04282357996190012,0.002253010508148768,0.14643226470629922
Mumbai,19.076,72.8777,2024-11-26 11:21:48.995285,0.12260192784038094,0.04325873453471796,0.0028567389319505815,0.16871740130704946
Mumbai,19.076,72.8777,2024-11-27 11:21:48.995285,0.09676817165364376,0.05252604830424813,0.01012768656235656,0.15942190652024843
Mumbai,19.076,72.8777,2024-11-28 11:21:48.995285,0.10346732797268965,0.05701504267047475,0.020520059465487597,0.181002430108652
Mumbai,19.076,72.8777,2024-11-29 11:21:48.995285,0.47024017908854365,0.04061213448230885,0.0038086390004609533,0.5146609525713134
Mumbai,19.076,72.8777,2024-11-30 11:21:48.995285,0.09756427406807393,0.04667081328341858,0.007454864397184076,0.15168995174867658
Mumbai,19.076,72.8777,2024-12-01 11:21:48.995285,0.08905821893480394,0.05615723838520799,0.022107130784410504,0.16732258810442244
Mumbai,19.076,72.8777,2024-12-02 11:21:48.995285,0.08674546369480236,0.05535177300508036,0.014724265634163276,0.156821502334046
Mumbai,19.076,72.8777,2024-12-03 11:21:48.995285,0.11515239486808074,0.046143086840296804,0.022210922829609875,0.18350640453798742
Mumbai,19.076,72.8777,2024-12-04 11:21:48.995285,0.11237490158564141,0.05665585614935935,0.003258324315355365,0.17228908205035612
Mumbai,19.076,72.8777,2024-12-05 11:21:48.995285,0.09818624677782467,0.0511656687592207,0.011742009114616727,0.16109392465166208
Mumbai,19.076,72.8777,2024-12-06 11:21:48.995285,0.11268487056776641,0.054325779665409656,0.0012105254276650692,0.16822117566084113
Mumbai,19.076,72.8777,2024-12-07 11:21:48.995285,0.08915015208514512,0.047589439894632886,0.009576541697459582,0.1463161336772376
Mumbai,19.076,72.8777,2024-12-08 11:21:48.995285,0.10065309555428102,0.05265544685345874,0.0036244230971804424,0.15693296550492022
Mumbai,19.076,72.8777,2024-12-09 11:21:48.995285,0.10429615807726289,0.04544772533992236,0.01208919400057605,0.16183307741776132
Mumbai,19.076,72.8777,2024-12-10 11:21:48.995285,0.11538012391651205,0.04862305760769779,0.0015300500484267208,0.16553323157263655
Mumbai,19.076,72.8777,2024-12-11 11:21:48.995285,0.10486023167239639,0.049958021622840715,0.010953583954813858,0.16577183725005096
Mumbai,19.076,72.8777,2024-12-12 11:21:48.995285,0.10849672118975859,0.05222524232928966,0.012327809194780557,0.1730497727138288
Mumbai,19.076,72.8777,2024-12-13 11:21:48.995285,0.09851308893459458,0.06363899900660233,0.019460043619392253,0.18161213156058914
Mumbai,19.076,72.8777,2024-12-14 11:21:48.995285,0.10601480923541715,0.06448691321065633,0.011617968181686146,0.18211969062775962
Mumbai,19.076,72.8777,2024-12-15 11:21:48.995285,0.11618036201831802,0.0498288554794514,0.007399543039826971,0.1734087605375964
Mumbai,19.076,72.8777,2024-12-16 11:21:48.995285,0.08753214757121985,0.059246618744551234,0.015332162758647792,0.16211092907441887
Mumbai,19.076,72.8777,2024-12-17 11:21:48.995285,0.11521738036839127,0.04638255408357545,0.0033468029080684736,0.16494673736003518
Mumbai,19.076,72.8777,2024-12-18 11:21:48.995285,0.10191516979855783,0.054003825576438395,0.011315482270686208,0.16723447764568244
Mumbai,19.076,72.8777,2024-12-19 11:21:48.995285,0.09011240393764697,0.048657707396992135,0.012892682959390576,0.15166279429402968
Mumbai,19.076,72.8777,2024-12-20 11:21:48.995285,0.10165644298329715,0.04990906169788961,0.004984709267841263,0.15655021394902802
Mumbai,19.076,72.8777,2024-12-21 11:21:48.995285,0.11738310498784045,0.06554494446342804,0.04506820788679096,0.22799625733805945
Mumbai,19.076,72.8777,2024-12-22 11:21:48.995285,0.09981215287433998,0.05038283458988841,0.004401958709616907,0.15459694617384528
Mumbai,19.076,72.8777,2024-12-23 11:21:48.995285,0.10778073555754558,0.049144458240746196,0.0008827526925041467,0.15780794649079594
Mumbai,19.076,72.8777,2024-12-24 11:21:48.995285,0.08880589568211195,0.04746727426231428,0.003616507018358113,0.13988967696278434
Mumbai,19.076,72.8777,2024-12-25 11:21:48.995285,0.08683004677140517,0.04869702106921986,0.0010473530904011766,0.1365744209310262
Mumbai,19.076,72.8777,2024-12-26 11:21:48.995285,0.09446676587682218,0.045508180896747054,0.004144616925125483,0.14411956369869472
Mumbai,19.076,72.8777,2024-12-27 11:21:48.995285,0.11550813181208786,0.05380428247549157,0.0013682008960907593,0.1706806151836702
Mumbai,19.076,72.8777,2024-12-28 11:21:48.995285,0.10501603995382847,0.05378651406809964,0.0057898823975902815,0.1645924364195184
Mumbai,19.076,72.8777,2024-12-29 11:21:48.995285,0.11666397968171582,0.05452209504717952,0.015049674100996646,0.186235748829892
Mumbai,19.076,72.8777,2024-12-30 11:21:48.995285,0.11738913931991461,0.05284687029287655,0.0006982506026768229,0.170934260215468
Mumbai,19.076,72.8777,2024-12-31 11:21:48.995285,0.09836575142212012,0.05013673597613792,0.008280690834247225,0.1567831782325053
Mumbai,19.076,72.8777,2025-01-01 11:21:48.995285,0.12175477886457862,0.04975816084397181,0.0004481703062561338,0.17196111001480657
Mumbai,19.076,72.8777,2025-01-02 11:21:48.995285,0.1007766715909268,0.05390525201681915,0.021594303840317023,0.17627622744806298
Mumbai,19.076,72.8777,2025-01-03 11:21:48.995285,0.11635794518565662,0.05291958894401672,0.025431628161534905,0.19470916229120824
Mumbai,19.076,72.8777,2025-01-04 11:21:48.995285,0.11608121063420442,0.0500643167391416,0.006779784961550444,0.17292531233489644
Mumbai,19.076,72.8777,2025-01-05 11:21:48.995285,0.1072666913365627,0.051875177452753385,0.014663387776434176,0.17380525656575024
Mumbai,19.076,72.8777,2025-01-06 11:21:48.995285,0.10741106328568943,0.06106946191991724,0.008987232852294089,0.17746775805790074
Mumbai,19.076,72.8777,2025-01-07 11:21:48.995285,0.11007513461192264,0.06328612682787553,0.004165203092631169,0.17752646453242935
Mumbai,19.076,72.8777,2025-01-08 11:21:48.995285,0.10814895691491201,0.05239613524645637,0.0028122403409100707,0.16335733250227846
Mumbai,19.076,72.8777,2025-01-09 11:21:48.995285,0.10321519593787253,0.04988939095344298,0.014212826400828563,0.16731741329214406
Mumbai,19.076,72.8777,2025-01-10 11:21:48.995285,0.1024774299179925,0.05340272272092411,0.005620842128802702,0.1615009947677193
Mumbai,19.076,72.8777,2025-01-11 11:21:48.995285,0.10353276215188927,0.059356493630888255,0.02528713822819024,0.18817639401096775
Mumbai,19.076,72.8777,2025-01-12 11:21:48.995285,0.11965188498911923,0.05351649952556075,0.0371694756291219,0.21033786014380187
Mumbai,19.076,72.8777,2025-01-13 11:21:48.995285,0.09169965762193967,0.05556698133880569,0.0023621950851299197,0.1496288340458753
Mumbai,19.076,72.8777,2025-01-14 11:21:48.995285,0.1027257307205211,0.050559405580292274,0.008234000791641398,0.16151913709245477
Mumbai,19.076,72.8777,2025-01-15 11:21:48.995285,0.1045435505023757,0.04806803022757234,0.007698862069972754,0.1603104427999208
Mumbai,19.076,72.8777,2025-01-16 11:21:48.995285,0.10562847420900717,0.05776249593913991,0.02025702589161849,0.18364799603976556
Mumbai,19.076,72.8777,2025-01-17 11:21:48.995285,0.11098136107092568,0.05498102875272028,0.011743653295847395,0.17770604311949337
Mumbai,19.076,72.8777,2025-01-18 11:21:48.995285,0.0946328960078288,0.05733687459885519,0.00934906705059426,0.16131883765727825
Mumbai,19.076,72.8777,2025-01-19 11:21:48.995285,0.11846792616320176,0.0455534169781351,0.01136391641441913,0.175385259555756
Mumbai,19.076,72.8777,2025-01-20 11:21:48.995285,0.11718124434720334,0.18995720302251845,0.0049340740489718996,0.3120725214186937
Mumbai,19.076,72.8777,2025-01-21 11:21:48.995285,0.11514952349911002,0.05546449312504241,0.032261898586710545,0.20287591521086298
Mumbai,19.076,72.8777,2025-01-22 11:21:48.995285,0.1064225850293677,0.0452129242443349,0.0005935267316434238,0.15222903600534604
Mumbai,19.076,72.8777,2025-01-23 11:21:48.995285,0.10120411953617915,0.05922836002055219,0.00029561657610925916,0.16072809613284061
Mumbai,19.076,72.8777,2025-01-24 11:21:48.995285,0.1054225476252664,0.0524703380937078,0.005371520363940321,0.1632644060829145
Mumbai,19.076,72.8777,2025-01-25 11:21:48.995285,0.10936756814462616,0.054531998174513076,0.0016791694008166836,0.16557873571995593
Mumbai,19.076,72.8777,2025-01-26 11:21:48.995285,0.11550253276093447,0.052031724783937666,0.007870191051600665,0.1754044485964728
Mumbai,19.076,72.8777,2025-01-27 11:21:48.995285,0.10810670141101596,0.05397042539086465,9.050738476508478e-05,0.1621676341866457
Mumbai,19.076,72.8777,2025-01-28 11:21:48.995285,0.11260083483055369,0.05426055314975142,0.0061559922792346925,0.1730173802595398
Mumbai,19.076,72.8777,2025-01-29 11:21:48.995285,0.10473105051890268,0.046184717499007565,0.003494504796085502,0.15441027281399575
Mumbai,19.076,72.8777,2025-01-30 11:21:48.995285,0.11200453844330356,0.058899450836438036,0.002260983456418567,0.17316497273616016
Mumbai,19.076,72.8777,2025-01-31 11:21:48.995285,0.10671771351968323,0.05516919836735677,0.0058815590112451036,0.16776847089828512
Mumbai,19.076,72.8777,2025-02-01 11:21:48.995285,0.11195493231447941,0.05686865597709492,0.019279157563289705,0.18810274585486406
Mumbai,19.076,72.8777,2025-02-02 11:21:48.995285,0.09166895860169301,0.05874894089872268,0.010653555291069611,0.1610714547914853
Mumbai,19.076,72.8777,2025-02-03 11:21:48.995285,0.11426960431303075,0.05530357797037659,0.0017428392510431046,0.17131602153445044
Mumbai,19.076,72.8777,2025-02-04 11:21:48.995285,0.1148559950036934,0.05638344984756353,0.006908958340319587,0.17814840319157652
Mumbai,19.076,72.8777,2025-02-05 11:21:48.995285,0.11480018986570982,0.047403170874558184,0.026834227440421396,0.1890375881806894
Mumbai,19.076,72.8777,2025-02-06 11:21:48.995285,0.09968792315757899,0.05062930979922602,0.005784352071508636,0.15610158502831364
Mumbai,19.076,72.8777,2025-02-07 11:21:48.995285,0.1025099906881497,0.05523071172544612,0.006359094300561605,0.16409979671415745
Mumbai,19.076,72.8777,2025-02-08 11:21:48.995285,0.10097151327224795,0.055757223410997064,0.028362983137455233,0.18509171982070022
Mumbai,19.076,72.8777,2025-02-09 11:21:48.995285,0.11300044562185171,0.056853856941422344,0.0014596052438348196,0.17131390780710887
Mumbai,19.076,72.8777,2025-02-10 11:21:48.995285,0.11632325371269685,0.061900733240684465,0.01328182014015802,0.19150580709353934
Mumbai,19.076,72.8777,2025-02-11 11:21:48.995285,0.10281285470778945,0.05441819705677537,0.0035547766106901503,0.16078582837525496
Mumbai,19.076,72.8777,2025-02-12 11:21:48.995285,0.12296919203201159,0.05672099769570536,0.020091072892349328,0.19978126262006626
Mumbai,19.076,72.8777,2025-02-13 11:21:48.995285,0.12286860583039402,0.05521732329460697,0.0005589595997719449,0.17864488872477294
Mumbai,19.076,72.8777,2025-02-14 11:21:48.995285,0.11125308263665684,0.05368814378298283,0.046461555435010925,0.2114027818546506
Mumbai,19.076,72.8777,2025-02-15 11:21:48.995285,0.11360818434074536,0.05389550457597341,0.014636455804149216,0.18214014472086798
Mumbai,19.076,72.8777,2025-02-16 11:21:48.995285,0.09312671726565713,0.05103968308600114,0.0033454027960775705,0.14751180314773585
Mumbai,19.076,72.8777,2025-02-17 11:21:48.995285,0.10465178093219141,0.05438603762022151,0.014306889534543777,0.1733447080869567
Mumbai,19.076,72.8777,2025-02-18 11:21:48.995285,0.09743559487826091,0.05388519941540758,0.02563557269828558,0.17695636699195408
Mumbai,19.076,72.8777,2025-02-19 11:21:48.995285,0.10087338598927865,0.05422816938488655,0.0011981716817359878,0.1562997270559012
Mumbai,19.076,72.8777,2025-02-20 11:21:48.995285,0.11512954265277642,0.04628266835266038,0.024485172535821657,0.18589738354125845
Mumbai,19.076,72.8777,2025-02-21 11:21:48.995285,0.11755307414907691,0.05450154400500436,0.004465596759834845,0.17652021491391612
Mumbai,19.076,72.8777,2025-02-22 11:21:48.995285,0.11797626366601889,0.05061357538276555,6.480257035174727e-05,0.16865464161913618
Mumbai,19.076,72.8777,2025-02-23 11:21:48.995285,0.11241682206998246,0.05469069302722418,0.0011925771424107965,0.16830009223961745
Mumbai,19.076,72.8777,2025-02-24 11:21:48.995285,0.11523291186577167,0.04952573506585132,0.021610328375658575,0.18636897530728155
Mumbai,19.076,72.8777,2025-02-25 11:21:48.995285,0.09410412813164487,0.05524736583702717,0.040551123966581636,0.18990261793525368
Mumbai,19.076,72.8777,2025-02-26 11:21:48.995285,0.09709347640107419,0.05350955930732588,0.022573442057074487,0.17317647776547454
Mumbai,19.076,72.8777,2025-02-27 11:21:48.995285,0.10788699815488416,0.05185817873118108,0.005825662523112409,0.16557083940917763
Mumbai,19.076,72.8777,2025-02-28 11:21:48.995285,0.11594145147098725,0.056429980127429016,0.03254764786995156,0.20491907946836785
Mumbai,19.076,72.8777,2025-03-01 11:21:48.995285,0.10547841505849166,0.05685290678822433,0.005223083304079156,0.16755440515079517
Mumbai,19.076,72.8777,2025-03-02 11:21:48.995285,0.09632473375947276,0.05471973657990777,0.0012069535025175339,0.15225142384189808
Mumbai,19.076,72.8777,2025-03-03 11:21:48.995285,0.10299351374004324,0.05779951113630004,0.00416942972062302,0.1649624545969663
Mumbai,19.076,72.8777,2025-03-04 11:21:48.995285,0.10055192478570611,0.05287690301140464,0.06451067152154351,0.21793949931865425
Mumbai,19.076,72.8777,2025-03-05 11:21:48.995285,0.09261459481647591,0.056929501054943224,0.009833540343281849,0.159377636214701
Mumbai,19.076,72.8777,2025-03-06 11:21:48.995285,0.1320731918312718,0.054703513914859586,0.004155134903654958,0.19093184064978636
Mumbai,19.076,72.8777,2025-03-07 11:21:48.995285,0.12212485234210078,0.04990141019378447,0.009786425713293901,0.18181268824917918
Mumbai,19.076,72.8777,2025-03-08 11:21:48.995285,0.09000351410895235,0.05087329134642712,0.005606039777465953,0.14648284523284544
Mumbai,19.076,72.8777,2025-03-09 11:21:48.995285,0.09050066793183476,0.060687599856481256,0.0005081824097146244,0.15169645019803063
Mumbai,19.076,72.8777,2025-03-10 11:21:48.995285,0.10161948690078422,0.06272138452094761,0.002245540835379285,0.1665864122571111
Mumbai,19.076,72.8777,2025-03-11 11:21:48.995285,0.09474136930613865,0.05838362131143393,0.00019422744270713587,0.1533192180602797
Mumbai,19.076,72.8777,2025-03-12 11:21:48.995285,0.13341336540643464,0.05187764615082118,0.0029409220395687184,0.18823193359682455
Mumbai,19.076,72.8777,2025-03-13 11:21:48.995285,0.10151361112627691,0.06190702250706533,0.013454020944426862,0.1768746545777691
Mumbai,19.076,72.8777,2025-03-14 11:21:48.995285,0.113099019199431,0.05780455290861386,0.0021482647725571905,0.17305183688060205
Mumbai,19.076,72.8777,2025-03-15 11:21:48.995285,0.10436965136359193,0.056392038886215204,0.007508957474186703,0.16827064772399383
Mumbai,19.076,72.8777,2025-03-16 11:21:48.995285,0.0976969693029156,0.06389595467974092,0.012093328731864045,0.17368625271452057
Mumbai,19.076,72.8777,2025-03-17 11:21:48.995285,0.11978071117980377,0.05035374225494119,0.007955840130121895,0.17809029356486686
Mumbai,19.076,72.8777,2025-03-18 11:21:48.995285,0.11579121297103973,0.05848638315796545,0.0001548988953531748,0.17443249502435834
Mumbai,19.076,72.8777,2025-03-19 11:21:48.995285,0.10858015258877375,0.05051491384416655,0.004515226135456934,0.16361029256839724
Mumbai,19.076,72.8777,2025-03-20 11:21:48.995285,0.13292539361192213,0.05151987331461506,0.005827343508911724,0.1902726104354489
Mumbai,19.076,72.8777,2025-03-21 11:21:48.995285,0.11138410901233327,0.0675270869292361,0.004196959134276914,0.1831081550758463
Mumbai,19.076,72.8777,2025-03-22 11:21:48.995285,0.10439370539430062,0.05699101396609035,0.007902392532000695,0.16928711189239168
Mumbai,19.076,72.8777,2025-03-23 11:21:48.995285,0.12803330399913165,0.06368622292387704,0.007198067729984003,0.1989175946529927
Mumbai,19.076,72.8777,2025-03-24 11:21:48.995285,0.1128388802933924,0.05711796484131374,0.0020757812477701556,0.1720326263824763
Mumbai,19.076,72.8777,2025-03-25 11:21:48.995285,0.1249962595415727,0.056370631066478015,0.013942218347922697,0.19530910895597342
Mumbai,19.076,72.8777,2025-03-26 11:21:48.995285,0.1082405354012408,0.05118522238723044,0.001757397216593892,0.16118315500506514
Mumbai,19.076,72.8777,2025-03-27 11:21:48.995285,0.07839881064295956,0.05916032214444741,0.006142719915349211,0.14370185270275618
Mumbai,19.076,72.8777,2025-03-28 11:21:48.995285,0.09286495121418455,0.05435279577796912,0.01411826348019388,0.16133601047234755
Mumbai,19.076,72.8777,2025-03-29 11:21:48.995285,0.11918636012950176,0.0545820089396026,0.011948884801221702,0.18571725387032606
Mumbai,19.076,72.8777,2025-03-30 11:21:48.995285,0.10237291242905008,0.15847839775397804,0.005659611756403273,0.2665109219394314
Mumbai,19.076,72.8777,2025-03-31 11:21:48.995285,0.11069863169048541,0.053578800199214675,0.015555200097295468,0.17983263198699556
Mumbai,19.076,72.8777,2025-04-01 11:21:48.995285,0.11940327345011692,0.054157040953997496,0.012509173081221455,0.18606948748533586
Mumbai,19.076,72.8777,2025-04-02 11:21:48.995285,0.10975667615526405,0.05459532084927729,0.0048537868969598785,0.1692057839015012
Mumbai,19.076,72.8777,2025-04-03 11:21:48.995285,0.09926249064818891,0.05367465418014716,0.0225869625186209,0.175524107346957
Mumbai,19.076,72.8777,2025-04-04 11:21:48.995285,0.10763797334511367,0.04609018125540612,0.0015310400298462635,0.15525919463036608
Mumbai,19.076,72.8777,2025-04-05 11:21:48.995285,0.10870820515678792,0.05652915298941783,0.004439182255208973,0.16967654040141472
Mumbai,19.076,72.8777,2025-04-06 11:21:48.995285,0.10344511259597163,0.05314823232404415,0.011966982324389655,0.16856032724440545
Mumbai,19.076,72.8777,2025-04-07 11:21:48.995285,0.09356243874093143,0.037119518447798754,0.020633906563140722,0.1513158637518709
Mumbai,19.076,72.8777,2025-04-08 11:21:48.995285,0.10374075243751711,0.045708363731850804,0.003894634152354975,0.15334375032172287
Mumbai,19.076,72.8777,2025-04-09 11:21:48.995285,0.1062486286414976,0.051221103382945325,0.008238081813617208,0.16570781383806013
Mumbai,19.076,72.8777,2025-04-10 11:21:48.995285,0.09262401990044422,0.05992089951713429,0.0001191039785923375,0.15266402339617086
Mumbai,19.076,72.8777,2025-04-11 11:21:48.995285,0.09775189987891558,0.05650498344973153,0.004633741262644656,0.15889062459129177
Mumbai,19.076,72.8777,2025-04-12 11:21:48.995285,0.09963922696613406,0.04996811100384731,0.004018740736083301,0.15362607870606468
Mumbai,19.076,72.8777,2025-04-13 11:21:48.995285,0.08807702015561651,0.05238682152432305,0.018481451165942304,0.15894529284588185
Mumbai,19.076,72.8777,2025-04-14 11:21:48.995285,0.10783392028523886,0.05879849766504188,0.0007685587248173506,0.1674009766750981
Mumbai,19.076,72.8777,2025-04-15 11:21:48.995285,0.10879011514905433,0.0501286099626415,0.0006412748254348735,0.15955999993713071
Mumbai,19.076,72.8777,2025-04-16 11:21:48.995285,0.10084436838093169,0.047714036766493016,0.0058465524167919305,0.15440495756421665
Mumbai,19.076,72.8777,2025-04-17 11:21:48.995285,0.09246669248882028,0.05747916581199221,0.005232170886682477,0.15517802918749496
Mumbai,19.076,72.8777,2025-04-18 11:21:48.995285,0.11008610608770493,0.05858846389183997,0.0017621217378943138,0.1704366917174392
Mumbai,19.076,72.8777,2025-04-19 11:21:48.995285,0.11133865005973025,0.049914444230896304,0.003056345176034524,0.1643094394666611
Mumbai,19.076,72.8777,2025-04-20 11:21:48.995285,0.10672354605035592,0.055306925343298,0.03657167113197836,0.1986021425256323
Mumbai,19.076,72.8777,2025-04-21 11:21:48.995285,0.10601150879652275,0.052594946819401016,0.007198661016594901,0.16580511663251868
Mumbai,19.076,72.8777,2025-04-22 11:21:48.995285,0.11139183932828967,0.04977286681935134,0.0009195420278445797,0.16208424817548558
Mumbai,19.076,72.8777,2025-04-23 11:21:48.995285,0.10435261380849008,0.05849731159752128,0.0005102682715788497,0.1633601936775902
Mumbai,19.076,72.8777,2025-04-24 11:21:48.995285,0.09598304348819187,0.04926046031936975,0.00042842648960199174,0.1456719302971636
Mumbai,19.076,72.8777,2025-04-25 11:21:48.995285,0.10430957806777337,0.05628622507851403,0.00492689483626129,0.1655226979825487
Mumbai,19.076,72.8777,2025-04-26 11:21:48.995285,0.1009422076330614,0.05277174496804958,0.020070641229626127,0.1737845938307371
Mumbai,19.076,72.8777,2025-04-27 11:21:48.995285,0.5200422055980517,0.05149331444433029,0.01789262150149877,0.5894281415438807
Mumbai,19.076,72.8777,2025-04-28 11:21:48.995285,0.1134017300172422,0.04950340392565048,0.004586861485496367,0.16749199542838905
Mumbai,19.076,72.8777,2025-04-29 11:21:48.995285,0.09238440335805079,0.04726951758317874,0.014890963076921993,0.15454488401815153
Mumbai,19.076,72.8777,2025-04-30 11:21:48.995285,0.10602474814988108,0.050875490487186974,0.013953288778030131,0.17085352741509818
Mumbai,19.076,72.8777,2025-05-01 11:21:48.995285,0.09156770510273325,0.04948468942689047,0.006597035923800276,0.14764943045342402
Mumbai,19.076,72.8777,2025-05-02 11:21:48.995285,0.09475409599464009,0.05243053363900634,0.0051816526299648695,0.1523662822636113
Mumbai,19.076,72.8777,2025-05-03 11:21:48.995285,0.11951545599857759,0.04590128877830154,0.001991202126559862,0.167407946903439
Mumbai,19.076,72.8777,2025-05-04 11:21:48.995285,0.10819020185003679,0.051050193904555265,0.003267985602662788,0.16250838135725484
Mumbai,19.076,72.8777,2025-05-05 11:21:48.995285,0.10506553509813542,0.05375787625808327,0.004135407829548987,0.16295881918576768
Mumbai,19.076,72.8777,2025-05-06 11:21:48.995285,0.08670936605823144,0.04828067241872744,0.016751389209197175,0.15174142768615606
Mumbai,19.076,72.8777,2025-05-07 11:21:48.995285,0.10077366773210449,0.05527044737504988,0.008050914772035489,0.16409502987918986
Mumbai,19.076,72.8777,2025-05-08 11:21:48.995285,0.0822392192015575,0.05573138976916699,0.002242873638572642,0.14021348260929714
Mumbai,19.076,72.8777,2025-05-09 11:21:48.995285,0.10317483397425194,0.04536540611907431,0.0010073524082245705,0.14954759250155084
Mumbai,19.076,72.8777,2025-05-10 11:21:48.995285,0.09016701793811713,0.04752629895174542,0.006864969972883176,0.14455828686274574
Mumbai,19.076,72.8777,2025-05-11 11:21:48.995285,0.10804865924040317,0.04453296921288266,0.010975626441477735,0.16355725489476355
Mumbai,19.076,72.8777,2025-05-12 11:21:48.995285,0.10391609585782552,0.05326692557050143,0.017086154315002624,0.1742691757433296
Mumbai,19.076,72.8777,2025-05-13 11:21:48.995285,0.08997428211543382,0.0517069946980833,0.01596100596935486,0.15764228278287196
Mumbai,19.076,72.8777,2025-05-14 11:21:48.995285,0.1057826606624805,0.04297772933523766,0.01738156440055591,0.1661419543982741
Mumbai,19.076,72.8777,2025-05-15 11:21:48.995285,0.12273154849964549,0.04763860669496186,0.00593930730961636,0.17630946250422372
Mumbai,19.076,72.8777,2025-05-16 11:21:48.995285,0.09960081575594093,0.052355644257267284,0.020073628282024355,0.17203008829523259
Mumbai,19.076,72.8777,2025-05-17 11:21:48.995285,0.11026102149205798,0.051293755826525705,0.00588081560133177,0.16743559291991547
Mumbai,19.076,72.8777,2025-05-18 11:21:48.995285,0.08025761738214693,0.056694509454951886,0.0018406863074097726,0.1387928131445086
Mumbai,19.076,72.8777,2025-05-19 11:21:48.995285,0.10579354951634509,0.04479869720851644,0.005064660565691422,0.15565690729055295
Mumbai,19.076,72.8777,2025-05-20 11:21:48.995285,0.09525264058885576,0.050428199907264146,0.004155534408781625,0.14983637490490154
Mumbai,19.076,72.8777,2025-05-21 11:21:48.995285,0.09808371656021778,0.045378132463861444,0.004978712840059291,0.1484405618641385
Mumbai,19.076,72.8777,2025-05-22 11:21:48.995285,0.10655327775252955,0.05085183397436649,0.01074756893922598,0.16815268066612202
Mumbai,19.076,72.8777,2025-05-23 11:21:48.995285,0.09799540595365688,0.04930984177825612,0.010697814703200777,0.15800306243511378
Mumbai,19.076,72.8777,2025-05-24 11:21:48.995285,0.0840838038612492,0.051487881735614215,0.0025476518593695735,0.138119337456233
Mumbai,19.076,72.8777,2025-05-25 11:21:48.995285,0.1153582735620739,0.04799727470927183,0.0037969585908304987,0.16715250686217625
Mumbai,19.076,72.8777,2025-05-26 11:21:48.995285,0.08541192685443097,0.05376860390023028,0.009047448847682934,0.14822797960234418
Mumbai,19.076,72.8777,2025-05-27 11:21:48.995285,0.09134646369194796,0.04629750735422741,0.0008787916490304189,0.1385227626952058
Mumbai,19.076,72.8777,2025-05-28 11:21:48.995285,0.10085096331031435,0.044708529097582314,0.011668831943892134,0.1572283243517888
Mumbai,19.076,72.8777,2025-05-29 11:21:48.995285,0.10077220244081019,0.05082505856270006,0.0019710100307775537,0.15356827103428777
Mumbai,19.076,72.8777,2025-05-30 11:21:48.995285,0.10350585987466068,0.05888241682616438,0.019018721753230442,0.1814069984540555
Mumbai,19.076,72.8777,2025-05-31 11:21:48.995285,0.10038731924040561,0.04192070934066815,0.005134752265883275,0.14744278084695706
Mumbai,19.076,72.8777,2025-06-01 11:21:48.995285,0.11036760822394334,0.043718942880995246,0.0024949505552391347,0.1565815016601777
Mumbai,19.076,72.8777,2025-06-02 11:21:48.995285,0.1036155038368386,0.05051402723262763,0.011020795183684215,0.16515032625315043
Mumbai,19.076,72.8777,2025-06-03 11:21:48.995285,0.08668500541333539,0.05490712946815583,0.0080750540036026,0.1496671888850938
Mumbai,19.076,72.8777,2025-06-04 11:21:48.995285,0.07239103401585069,0.05071813719050073,0.0018866438369872542,0.12499581504333868
Mumbai,19.076,72.8777,2025-06-05 11:21:48.995285,0.09971321220931259,0.04606118353894634,0.017553949878410798,0.16332834562666973
Mumbai,19.076,72.8777,2025-06-06 11:21:48.995285,0.11269469940679377,0.051118113021373396,0.006038350891401368,0.16985116331956854
Mumbai,19.076,72.8777,2025-06-07 11:21:48.995285,0.08534106172040551,0.051514055515164726,0.0016516344051305362,0.13850675164070075
Mumbai,19.076,72.8777,2025-06-08 11:21:48.995285,0.08719745112108515,0.045447523389777714,0.015905276156316588,0.14855025066717947
Mumbai,19.076,72.8777,2025-06-09 11:21:48.995285,0.10107833374780716,0.05288911682457719,0.0014321756013850292,0.15539962617376937
Mumbai,19.076,72.8777,2025-06-10 11:21:48.995285,0.10219327764808264,0.04850908881781498,0.03443223281750785,0.18513459928340548
Mumbai,19.076,72.8777,2025-06-11 11:21:48.995285,0.1084205400895865,0.03985036029634736,0.005830555293660896,0.15410145567959474
Mumbai,19.076,72.8777,2025-06-12 11:21:48.995285,0.11344397443958855,0.047842284984077894,0.01302770704588339,0.17431396646954983
Mumbai,19.076,72.8777,2025-06-13 11:21:48.995285,0.09922977754005123,0.045589151005987136,0.006014211063710143,0.1508331396097485
Mumbai,19.076,72.8777,2025-06-14 11:21:48.995285,0.08743890662980278,0.054877416979112255,0.0020771649762586163,0.14439348858517365
Mumbai,19.076,72.8777,2025-06-15 11:21:48.995285,0.08758271182847105,0.041627182075028295,0.014192888689718504,0.14340278259321784
Mumbai,19.076,72.8777,2025-06-16 11:21:48.995285,0.09094658762593627,0.04577581430182497,0.0034158511494904002,0.14013825307725164
Mumbai,19.076,72.8777,2025-06-17 11:21:48.995285,0.10653500586031461,0.049397494152413346,0.011470187002986536,0.1674026870157145
Mumbai,19.076,72.8777,2025-06-18 11:21:48.995285,0.09106325988575495,0.06012723997135793,0.002975609999614855,0.15416610985672774
Mumbai,19.076,72.8777,2025-06-19 11:21:48.995285,0.10552221354538323,0.05772784249908258,0.0027589617042245735,0.16600901774869037
Mumbai,19.076,72.8777,2025-06-20 11:21:48.995285,0.08050165704971896,0.04764881072825264,0.006114669544292848,0.13426513732226444
Mumbai,19.076,72.8777,2025-06-21 11:21:48.995285,0.09846641932170477,0.0495438694861645,0.016941212739050217,0.16495150154691948
Mumbai,19.076,72.8777,2025-06-22 11:21:48.995285,0.08793001343815306,0.050730390804345694,0.009509677186143274,0.14817008142864202
Mumbai,19.076,72.8777,2025-06-23 11:21:48.995285,0.10050949619391462,0.04258202500520331,0.0006685465142858571,0.1437600677134038
Mumbai,19.076,72.8777,2025-06-24 11:21:48.995285,0.09257453027710065,0.04761934839543638,0.013237504392156638,0.15343138306469367
Mumbai,19.076,72.8777,2025-06-25 11:21:48.995285,0.1029628898371886,0.05427487873218927,0.008669554811941347,0.16590732338131922
Mumbai,19.076,72.8777,2025-06-26 11:21:48.995285,0.090490237805848,0.04812775515838747,0.009770112970554955,0.14838810593479043
Mumbai,19.076,72.8777,2025-06-27 11:21:48.995285,0.09443296801280196,0.05709537374662568,0.004363029863662871,0.15589137162309052
Mumbai,19.076,72.8777,2025-06-28 11:21:48.995285,0.10262841123647065,0.045045604440445974,0.008122948617670628,0.15579696429458725
Mumbai,19.076,72.8777,2025-06-29 11:21:48.995285,0.09338519078721222,0.046758791292110045,0.0046503789665021215,0.14479436104582438
Mumbai,19.076,72.8777,2025-06-30 11:21:48.995285,0.09484538260690871,0.04672763126113146,0.000850195487187096,0.14242320935522726
Mumbai,19.076,72.8777,2025-07-01 11:21:48.995285,0.10172689839248228,0.04055435379923011,0.018606612908967427,0.16088786510067982
Mumbai,19.076,72.8777,2025-07-02 11:21:48.995285,0.09321623161997462,0.052521735949110825,0.011332867268424513,0.15707083483750994
Mumbai,19.076,72.8777,2025-07-03 11:21:48.995285,0.07799903871247905,0.045254842088241855,0.011099938499990244,0.13435381930071116
Mumbai,19.076,72.8777,2025-07-04 11:21:48.995285,0.08800196827333769,0.048146765248698424,0.0021527306079617073,0.1383014641299978
Mumbai,19.076,72.8777,2025-07-05 11:21:48.995285,0.07434494820357583,0.04379784526351874,0.01089444140596442,0.12903723487305901
Mumbai,19.076,72.8777,2025-07-06 11:21:48.995285,0.09094901760057862,0.05535003482521958,0.0026400542142812097,0.14893910664007942
Mumbai,19.076,72.8777,2025-07-07 11:21:48.995285,0.09803248690777969,0.05282296059868279,0.011632618147005861,0.16248806565346835
Mumbai,19.076,72.8777,2025-07-08 11:21:48.995285,0.09443824926817988,0.0468878877548719,0.004057608787753627,0.1453837458108054
Mumbai,19.076,72.8777,2025-07-09 11:21:48.995285,0.10701375895333058,0.04041262328217806,0.0017139798096732365,0.14914036204518188
Mumbai,19.076,72.8777,2025-07-10 11:21:48.995285,0.1057708465187699,0.050191841514747905,0.02367276691447282,0.17963545494799063
Mumbai,19.076,72.8777,2025-07-11 11:21:48.995285,0.09539058640448758,0.05182649391094072,0.0011054093810626466,0.14832248969649095
Mumbai,19.076,72.8777,2025-07-12 11:21:48.995285,0.06878261454096085,0.04171564239899598,0.014345934756593348,0.12484419169655017
Mumbai,19.076,72.8777,2025-07-13 11:21:48.995285,0.09930122922340444,0.04557691985166284,0.0010733542997924058,0.14595150337485968
Mumbai,19.076,72.8777,2025-07-14 11:21:48.995285,0.08475627595933789,0.04662090319294851,0.011542930139747873,0.1429201092920343
Mumbai,19.076,72.8777,2025-07-15 11:21:48.995285,0.10117339779405754,0.05161544439234489,0.0011696716256220181,0.15395851381202444
Mumbai,19.076,72.8777,2025-07-16 11:21:48.995285,0.09537766285581094,0.04536885570941817,0.007109537214287912,0.14785605577951702
Mumbai,19.076,72.8777,2025-07-17 11:21:48.995285,0.0987043379339497,0.05088196633537155,0.00208249633232701,0.15166880060164825
Mumbai,19.076,72.8777,2025-07-18 11:21:48.995285,0.09705486512699185,0.04215460418100691,0.02014265094431497,0.15935212025231374
Mumbai,19.076,72.8777,2025-07-19 11:21:48.995285,0.11583700969761819,0.040690461344508114,0.0051330297204720985,0.1616605007625984
Mumbai,19.076,72.8777,2025-07-20 11:21:48.995285,0.09704645191863696,0.055074915450639916,0.0001554657364535674,0.15227683310573045
Mumbai,19.076,72.8777,2025-07-21 11:21:48.995285,0.07893506018494806,0.03930601900857835,0.009892949923150113,0.12813402911667654
Mumbai,19.076,72.8777,2025-07-22 11:21:48.995285,0.1023538696396504,0.042064204254491755,0.0058903789740327095,0.15030845286817487
Mumbai,19.076,72.8777,2025-07-23 11:21:48.995285,0.0872430798513834,0.049698519332832466,0.0196425242444045,0.15658412342862035
Mumbai,19.076,72.8777,2025-07-24 11:21:48.995285,0.10490870850574349,0.043075123064986,0.005676502893916317,0.15366033446464583
Mumbai,19.076,72.8777,2025-07-25 11:21:48.995285,0.10679742925347677,0.04289773714668785,0.00529567629931746,0.15499084269948207
Mumbai,19.076,72.8777,2025-07-26 11:21:48.995285,0.09750139180144123,0.04465385988008285,0.006053070416457798,0.14820832209798188
Mumbai,19.076,72.8777,2025-07-27 11:21:48.995285,0.07842354376728083,0.03482006508867501,0.019650706726720292,0.13289431558267614
Mumbai,19.076,72.8777,2025-07-28 11:21:48.995285,0.0865162380596689,0.05116270570315063,0.008838781451793308,0.14651772521461284
Mumbai,19.076,72.8777,2025-07-29 11:21:48.995285,0.10444912226248672,0.046400224834488635,0.011067324286566595,0.16191667138354193
Mumbai,19.076,72.8777,2025-07-30 11:21:48.995285,0.11095646785049625,0.04142601853230523,0.01274434204129363,0.1651268284240951
Mumbai,19.076,72.8777,2025-07-31 11:21:48.995285,0.09151321504399569,0.03686545925546188,0.027728371121365163,0.15610704542082274
Mumbai,19.076,72.8777,2025-08-01 11:21:48.995285,0.08807616958448566,0.03858529796514966,0.018172040091647627,0.14483350764128294
Mumbai,19.076,72.8777,2025-08-02 11:21:48.995285,0.07895581836170787,0.037407032276552364,0.026211974342844245,0.1425748249811045
Mumbai,19.076,72.8777,2025-08-03 11:21:48.995285,0.079022267308572,0.04648268353218642,0.0042053550855489456,0.12971030592630736
Mumbai,19.076,72.8777,2025-08-04 11:21:48.995285,0.09295900791526937,0.04650180359655244,0.0024186781397444045,0.14187948965156624
Mumbai,19.076,72.8777,2025-08-05 11:21:48.995285,0.09757987008881858,0.048346987791530086,0.002273894422791144,0.14820075230313978
Mumbai,19.076,72.8777,2025-08-06 11:21:48.995285,0.07564283435523059,0.04892112678769718,0.019505284420268512,0.14406924556319628
Mumbai,19.076,72.8777,2025-08-07 11:21:48.995285,0.09875655942855462,0.04837241441923972,0.017754407323483216,0.16488338117127754
Mumbai,19.076,72.8777,2025-08-08 11:21:48.995285,0.10413559516069681,0.0528956242458554,0.010509988491296337,0.16754120789784854
Mumbai,19.076,72.8777,2025-08-09 11:21:48.995285,0.09667119659309953,0.15347656364020845,0.0006501050876600105,0.250797865320968
Mumbai,19.076,72.8777,2025-08-10 11:21:48.995285,0.10684924050270087,0.04995228182705636,0.0038279623563002643,0.16062948468605748
Mumbai,19.076,72.8777,2025-08-11 11:21:48.995285,0.09383351628183868,0.04632330700048643,0.01325015977592422,0.15340698305824935
Mumbai,19.076,72.8777,2025-08-12 11:21:48.995285,0.09389356218926596,0.04872364146340331,0.0028577558926037605,0.14547495954527304
Mumbai,19.076,72.8777,2025-08-13 11:21:48.995285,0.09366649146457398,0.04304890564904488,0.009783228520536057,0.14649862563415492
Mumbai,19.076,72.8777,2025-08-14 11:21:48.995285,0.1037649651548257,0.04398037086012025,0.00782505794245439,0.15557039395740033
Mumbai,19.076,72.8777,2025-08-15 11:21:48.995285,0.4775845649642999,0.05367733312326407,0.003047229456260406,0.5343091275438244
Mumbai,19.076,72.8777,2025-08-16 11:21:48.995285,0.0848156867439066,0.04227103680777394,0.027232353770181378,0.15431907732186192
Mumbai,19.076,72.8777,2025-08-17 11:21:48.995285,0.09432317633932069,0.041890835279639625,0.002967080836232346,0.13918109245519267
Mumbai,19.076,72.8777,2025-08-18 11:21:48.995285,0.09440190593705484,0.04322335230192334,0.022518079056378173,0.16014333729535637
Mumbai,19.076,72.8777,2025-08-19 11:21:48.995285,0.08792560721409098,0.042277945996638394,0.007785567556466465,0.13798912076719586
Mumbai,19.076,72.8777,2025-08-20 11:21:48.995285,0.10025924355106353,0.04269396586974446,0.0009632150534542571,0.14391642447426223
Mumbai,19.076,72.8777,2025-08-21 11:21:48.995285,0.09093568735414664,0.04622190638650328,0.017935095317231826,0.15509268905788176
Mumbai,19.076,72.8777,2025-08-22 11:21:48.995285,0.09706407303428695,0.0463807662749213,0.015674903638332502,0.15911974294754078
Mumbai,19.076,72.8777,2025-08-23 11:21:48.995285,0.09510213996994128,0.049557731224819164,0.017777058659175646,0.1624369298539361
Mumbai,19.076,72.8777,2025-08-24 11:21:48.995285,0.08274309669704012,0.055940802784610937,0.010165214984414235,0.14884911446606527
Mumbai,19.076,72.8777,2025-08-25 11:21:48.995285,0.08020459161945795,0.04315834468032033,0.012434610578576677,0.13579754687835496
Mumbai,19.076,72.8777,2025-08-26 11:21:48.995285,0.08284968004256421,0.044673347099418455,0.023757794228790242,0.1512808213707729
Mumbai,19.076,72.8777,2025-08-27 11:21:48.995285,0.08919591897353528,0.035814004094676985,0.0013661998269347364,0.126376122895147
Mumbai,19.076,72.8777,2025-08-28 11:21:48.995285,0.10593091615732277,0.03854628493776721,0.0008668907732112719,0.14534409186830127
Mumbai,19.076,72.8777,2025-08-29 11:21:48.995285,0.0895526326825051,0.04428231925021876,0.001336178409161138,0.13517113034188502
Mumbai,19.076,72.8777,2025-08-30 11:21:48.995285,0.09377835657774279,0.04733831658688456,0.02040772078015537,0.1615243939447827
Mumbai,19.076,72.8777,2025-08-31 11:21:48.995285,0.09878797868319761,0.04748582434674939,0.008276715135865777,0.15455051816581278
Mumbai,19.076,72.8777,2025-09-01 11:21:48.995285,0.08648924724031719,0.04812429008386826,0.0019366397705253252,0.1365501770947108
Mumbai,19.076,72.8777,2025-09-02 11:21:48.995285,0.08595395272998901,0.05133767056117742,0.0015281565110467205,0.13881977980221313
Mumbai,19.076,72.8777,2025-09-03 11:21:48.995285,0.10064229677129108,0.05359169184236377,0.005895506194118684,0.16012949480777353
Mumbai,19.076,72.8777,2025-09-04 11:21:48.995285,0.09583696450009282,0.04386064887118839,0.016913752165716823,0.15661136553699806
Mumbai,19.076,72.8777,2025-09-05 11:21:48.995285,0.08454704678268027,0.0410828370032309,0.016356623854770127,0.1419865076406813
Mumbai,19.076,72.8777,2025-09-06 11:21:48.995285,0.08609806053773317,0.04838519709154168,0.019055088663255518,0.15353834629253038
Mumbai,19.076,72.8777,2025-09-07 11:21:48.995285,0.0911121625000486,0.04979861720206606,0.014650983477730342,0.155561763179845
Mumbai,19.076,72.8777,2025-09-08 11:21:48.995285,0.0935955693376018,0.04582883829985023,0.0006360009190903988,0.14006040855654245
Mumbai,19.076,72.8777,2025-09-09 11:21:48.995285,0.10278237775376085,0.04427632263767204,0.012735619400948101,0.159794319792381
Mumbai,19.076,72.8777,2025-09-10 11:21:48.995285,0.09570865227368991,0.042673520299861475,0.007318075347653578,0.14570024792120498
Mumbai,19.076,72.8777,2025-09-11 11:21:48.995285,0.08060258656902443,0.04500764864634031,0.012961327332879594,0.13857156254824432
Mumbai,19.076,72.8777,2025-09-12 11:21:48.995285,0.08262664936017469,0.048695059337441865,0.006621966087045559,0.13794367478466213
Mumbai,19.076,72.8777,2025-09-13 11:21:48.995285,0.09364126132719738,0.04193070846752887,0.0066075560043901424,0.14217952579911639
Mumbai,19.076,72.8777,2025-09-14 11:21:48.995285,0.09202924920304129,0.04129594568290739,0.0013482898955707882,0.13467348478151947
Mumbai,19.076,72.8777,2025-09-15 11:21:48.995285,0.08222190808181797,0.04832877985039132,0.023562521672001898,0.15411320960421118
Mumbai,19.076,72.8777,2025-09-16 11:21:48.995285,0.10125355374020265,0.04112206810854852,0.0046939862256994026,0.14706960807445058
Mumbai,19.076,72.8777,2025-09-17 11:21:48.995285,0.06831097181646327,0.04615096232827264,0.008731692049471296,0.1231936261942072
Mumbai,19.076,72.8777,2025-09-18 11:21:48.995285,0.09421496151192912,0.04592041947252828,0.0023212913406435707,0.14245667232510098
Mumbai,19.076,72.8777,2025-09-19 11:21:48.995285,0.075460257255414,0.045466984752866445,0.004602733600853215,0.12552997560913368
Mumbai,19.076,72.8777,2025-09-20 11:21:48.995285,0.09981067587135549,0.04228855518945211,0.02044672439061968,0.16254595545142728
Mumbai,19.076,72.8777,2025-09-21 11:21:48.995285,0.08843028625512023,0.054209623015683314,0.0023521532943256277,0.14499206256512917
Mumbai,19.076,72.8777,2025-09-22 11:21:48.995285,0.09863659081648442,0.04757131739204801,0.0023080484086718945,0.1485159566172043
Mumbai,19.076,72.8777,2025-09-23 11:21:48.995285,0.08733114097636277,0.043048504747521504,0.0030177979367783485,0.1333974436606626
Mumbai,19.076,72.8777,2025-09-24 11:21:48.995285,0.10458287220089618,0.04731740280205109,0.008548689877083855,0.16044896488003113
Mumbai,19.076,72.8777,2025-09-25 11:21:48.995285,0.07275435999893724,0.05486730564088083,0.007354039977513914,0.134975705617332
Mumbai,19.076,72.8777,2025-09-26 11:21:48.995285,0.10029672559776065,0.046198478331187426,0.0019276227415508107,0.1484228266704989
Mumbai,19.076,72.8777,2025-09-27 11:21:48.995285,0.08551533328490865,0.053463667398067564,0.011775549195763733,0.15075454987873996
Mumbai,19.076,72.8777,2025-09-28 11:21:48.995285,0.09543929305517083,0.040105377188701594,0.02380979475123647,0.1593544649951089
Mumbai,19.076,72.8777,2025-09-29 11:21:48.995285,0.09595613372817205,0.041636871395186514,0.0022168071844148314,0.1398098123077734
Mumbai,19.076,72.8777,2025-09-30 11:21:48.995285,0.07796039739200883,0.035240301914118116,0.011176539115172383,0.12437723842129933
Mumbai,19.076,72.8777,2025-10-01 11:21:48.995285,0.10196053909223436,0.055872012845260687,0.008828187004819868,0.16666073894231492
Mumbai,19.076,72.8777,2025-10-02 11:21:48.995285,0.09602756817541197,0.037535989397648836,0.003988951782490582,0.1375525093555514
Mumbai,19.076,72.8777,2025-10-03 11:21:48.995285,0.0933664520608248,0.046969538122210115,0.009618913620063979,0.1499549038030989
Mumbai,19.076,72.8777,2025-10-04 11:21:48.995285,0.09615763327670004,0.05484111735680587,0.0023560700878890325,0.15335482072139497
Mumbai,19.076,72.8777,2025-10-05 11:21:48.995285,0.09366925726165382,0.0510642866159074,0.017954954399356543,0.16268849827691775
Mumbai,19.076,72.8777,2025-10-06 11:21:48.995285,0.1008770685687864,0.04814660288480007,0.00022462489845446435,0.14924829635204093
Mumbai,19.076,72.8777,2025-10-07 11:21:48.995285,0.08793160789989837,0.052738533003458474,0.008371630044537122,0.14904177094789395
Mumbai,19.076,72.8777,2025-10-08 11:21:48.995285,0.10112539693436509,0.043039840963997225,0.0038387023766233265,0.14800394027498565
Mumbai,19.076,72.8777,2025-10-09 11:21:48.995285,0.09860641163248467,0.04903014695111286,0.021316676493101854,0.16895323507669938
Mumbai,19.076,72.8777,2025-10-10 11:21:48.995285,0.09128524011554218,0.04593946851664595,0.006918805191959301,0.14414351382414745
Mumbai,19.076,72.8777,2025-10-11 11:21:48.995285,0.11159191756688813,0.04589850655750522,0.016219561358209438,0.17370998548260277
Mumbai,19.076,72.8777,2025-10-12 11:21:48.995285,0.0977715801696993,0.04758072384396638,0.025746608447357475,0.17109891246102316
Mumbai,19.076,72.8777,2025-10-13 11:21:48.995285,0.09533365458599351,0.05256842934144565,0.004069905982723641,0.15197198991016278
Mumbai,19.076,72.8777,2025-10-14 11:21:48.995285,0.09925331256587953,0.054589550774313,0.02123116406529368,0.17507402740548622
Mumbai,19.076,72.8777,2025-10-15 11:21:48.995285,0.09259800410200675,0.04548776414469968,0.01295645676767,0.15104222501437642
Mumbai,19.076,72.8777,2025-10-16 11:21:48.995285,0.10579053743022138,0.04144630451710934,0.0011448467797005233,0.14838168872703125
Mumbai,19.076,72.8777,2025-10-17 11:21:48.995285,0.09370165540186833,0.12857914794465453,0.0010972552710886321,0.22337805861761148
Mumbai,19.076,72.8777,2025-10-18 11:21:48.995285,0.10224701594131227,0.056765340865182846,0.01700158290986207,0.17601393971635718
Mumbai,19.076,72.8777,2025-10-19 11:21:48.995285,0.08350919719665072,0.05449988086953476,0.0063170611961234704,0.14432613926230894
Mumbai,19.076,72.8777,2025-10-20 11:21:48.995285,0.07637477844627477,0.04171008624775439,0.006834944602657983,0.12491980929668714
Mumbai,19.076,72.8777,2025-10-21 11:21:48.995285,0.098501982156312,0.05554286906333014,0.022186717816088008,0.17623156903573015
Mumbai,19.076,72.8777,2025-10-22 11:21:48.995285,0.09078188334291801,0.04375167817939752,0.023413606084886344,0.15794716760720187
Mumbai,19.076,72.8777,2025-10-23 11:21:48.995285,0.09283921394382946,0.05070594826746029,0.0011957887999244118,0.14474095101121418
Mumbai,19.076,72.8777,2025-10-24 11:21:48.995285,0.07149925673467453,0.04389460628034454,0.00467843281190226,0.12007229582692133
Mumbai,19.076,72.8777,2025-10-25 11:21:48.995285,0.11206849988588288,0.058345472262982014,0.02255956971681018,0.19297354186567506
Mumbai,19.076,72.8777,2025-10-26 11:21:48.995285,0.09625823141829612,0.0447556261890786,0.01713989579431352,0.15815375340168825
Mumbai,19.076,72.8777,2025-10-27 11:21:48.995285,0.10871024256987362,0.04243319885721103,0.012765751142766324,0.16390919256985095
Mumbai,19.076,72.8777,2025-10-28 11:21:48.995285,0.08159191633072775,0.04547623094837563,0.0010754868993573523,0.12814363417846072
Mumbai,19.076,72.8777,2025-10-29 11:21:48.995285,0.09665873341963156,0.06097050849021991,0.009707325730156192,0.16733656764000768
Mumbai,19.076,72.8777,2025-10-30 11:21:48.995285,0.09990325786537707,0.049216803985199606,0.00871918411215656,0.15783924596273324
Mumbai,19.076,72.8777,2025-10-31 11:21:48.995285,0.0973247913084945,0.042851485852025646,0.0018292221043251457,0.1420054992648453
Mumbai,19.076,72.8777,2025-11-01 11:21:48.995285,0.09847834303908751,0.04412977963234794,0.014865956506450864,0.1574740791778863
Mumbai,19.076,72.8777,2025-11-02 11:21:48.995285,0.08240360423512917,0.039412979945402105,0.003739329894698549,0.1255559140752298
Mumbai,19.076,72.8777,2025-11-03 11:21:48.995285,0.09963335328733283,0.050932281180266784,0.009692320228783961,0.1602579546963836
Mumbai,19.076,72.8777,2025-11-04 11:21:48.995285,0.08819796738227896,0.0420596710957704,0.004491591696396986,0.13474923017444634
Mumbai,19.076,72.8777,2025-11-05 11:21:48.995285,0.09061015861302968,0.05392194518216449,0.0008817046276636616,0.1454138084228578
Mumbai,19.076,72.8777,2025-11-06 11:21:48.995285,0.09711586536903356,0.052425821699810436,0.007440087628094802,0.1569817746969388
Mumbai,19.076,72.8777,2025-11-07 11:21:48.995285,0.09359605776887259,0.04805749278477347,0.003662104564283808,0.14531565511792988
Mumbai,19.076,72.8777,2025-11-08 11:21:48.995285,0.09433623757564288,0.05482081519873164,0.0007398352196460301,0.14989688799402054
Mumbai,19.076,72.8777,2025-11-09 11:21:48.995285,0.10868622500739403,0.053351180509537466,0.0022128143125216353,0.16425021982945312
Mumbai,19.076,72.8777,2025-11-10 11:21:48.995285,0.09605277357351226,0.04959118878527006,0.009645774169366106,0.15528973652814843
Mumbai,19.076,72.8777,2025-11-11 11:21:48.995285,0.09381183430983103,0.04504964661351827,0.0010689725070168847,0.13993045343036617
Mumbai,19.076,72.8777,2025-11-12 11:21:48.995285,0.09671874734964832,0.051042147516473936,0.0009153030768755651,0.14867619794299783
Mumbai,19.076,72.8777,2025-11-13 11:21:48.995285,0.08700285707581674,0.05109735735905655,0.02882788823705836,0.16692810267193167
Mumbai,19.076,72.8777,2025-11-14 11:21:48.995285,0.0999126916576533,0.05160080892889711,0.0011375496076546263,0.15265105019420505
Mumbai,19.076,72.8777,2025-11-15 11:21:48.995285,0.10567531707338694,0.04962361795246993,0.004717006336388155,0.16001594136224503
Mumbai,19.076,72.8777,2025-11-16 11:21:48.995285,0.10176704902038199,0.050949377064177855,0.0014319033666446296,0.1541483294512045
Mumbai,19.076,72.8777,2025-11-17 11:21:48.995285,0.09916448768739154,0.05090970885252119,0.02801302521748995,0.17808722175740266
Mumbai,19.076,72.8777,2025-11-18 11:21:48.995285,0.10498375749223099,0.0562949473348018,0.006561624258832879,0.16784032908586569
Mumbai,19.076,72.8777,2025-11-19 11:21:48.995285,0.09359922892962594,0.04319967448942223,0.0011779218307621235,0.13797682524981028
Mumbai,19.076,72.8777,2025-11-20 11:21:48.995285,0.0997044537965175,0.04464804551478841,0.014645432624708646,0.15899793193601458
Mumbai,19.076,72.8777,2025-11-21 11:21:48.995285,0.11346688388332894,0.05011755166513555,0.015177095383118098,0.1787615309315826
Mumbai,19.076,72.8777,2025-11-22 11:21:48.995285,0.09671502643307567,0.046027950157399695,0.023146522424791493,0.16588949901526684
Mumbai,19.076,72.8777,2025-11-23 11:21:48.995285,0.1059067270220526,0.05096829653910834,0.01223004044707007,0.16910506400823103
Mumbai,19.076,72.8777,2025-11-24 11:21:48.995285,0.10632898533915326,0.044434225737110936,0.0005627015722956843,0.15132591264855988
