name,latitude,longitude,timestamp,heavy_metals,pesticides,ph
Kyiv,50.4501,30.5234,2024-11-24 11:21:48.995285,15.205275042663809,0.5149456089663309,6.3995591037666495
Kyiv,50.4501,30.5234,2024-11-25 11:21:48.995285,14.901678617426995,0.590843665610977,5.961823666042411
Kyiv,50.4501,30.5234,2024-11-26 11:21:48.995285,15.731012240590198,0.7656923238941826,6.329988467583484
Kyiv,50.4501,30.5234,2024-11-27 11:21:48.995285,15.471294224339054,0.6239642897447163,6.320053581824881
Kyiv,50.4501,30.5234,2024-11-28 11:21:48.995285,15.505214602305136,0.6708955054841403,6.302859511316583
Kyiv,50.4501,30.5234,2024-11-29 11:21:48.995285,14.602886437052238,0.5179206377738055,6.290684328830527
Kyiv,50.4501,30.5234,2024-11-30 11:21:48.995285,15.063407485244584,0.4794549893505,6.303961131282557
Kyiv,50.4501,30.5234,2024-12-01 11:21:48.995285,14.969975070539002,0.6017022413642923,6.384037515230672
Kyiv,50.4501,30.5234,2024-12-02 11:21:48.995285,14.634478084268531,0.6195002545396019,6.309337670355333
Kyiv,50.4501,30.5234,2024-12-03 11:21:48.995285,15.334390912637165,0.5141172157260558,6.562496752587678
Kyiv,50.4501,30.5234,2024-12-04 11:21:48.995285,14.90247026529157,0.617479706847244,6.608110614771459
Kyiv,50.4501,30.5234,2024-12-05 11:21:48.995285,15.515928624768362,0.6878215773281824,6.226806473845253
Kyiv,50.4501,30.5234,2024-12-06 11:21:48.995285,14.670008718421453,0.6966345351841973,6.88131959780211
Kyiv,50.4501,30.5234,2024-12-07 11:21:48.995285,16.081441819425077,0.7235390223585997,6.205981309447816
Kyiv,50.4501,30.5234,2024-12-08 11:21:48.995285,14.790506436709919,0.7145165813748847,6.014659815855399
Kyiv,50.4501,30.5234,2024-12-09 11:21:48.995285,15.365004463716405,0.6468093541369853,6.614233421409516
Kyiv,50.4501,30.5234,2024-12-10 11:21:48.995285,15.66788781272814,0.6579761802813358,6.2547775596756985
Kyiv,50.4501,30.5234,2024-12-11 11:21:48.995285,15.003162217780554,0.6010789854676603,6.5963874412272165
Kyiv,50.4501,30.5234,2024-12-12 11:21:48.995285,15.731155546372763,0.9107976133000298,5.778899419669841
Kyiv,50.4501,30.5234,2024-12-13 11:21:48.995285,14.706677862792155,0.7447357845079797,6.91773678244492
Kyiv,50.4501,30.5234,2024-12-14 11:21:48.995285,16.063581749185392,0.7316876147765858,6.701688022412121
Kyiv,50.4501,30.5234,2024-12-15 11:21:48.995285,15.360750754659252,0.6717746391516655,6.049857035251099
Kyiv,50.4501,30.5234,2024-12-16 11:21:48.995285,15.071518838906233,1.0683868971222448,6.056366862846114
Kyiv,50.4501,30.5234,2024-12-17 11:21:48.995285,15.23607252002989,0.6773298456904203,7.001679771229258
Kyiv,50.4501,30.5234,2024-12-18 11:21:48.995285,15.805947623902334,0.751282016624987,6.278786028950613
Kyiv,50.4501,30.5234,2024-12-19 11:21:48.995285,15.124965956687097,0.8449060070200312,6.249744545380213
Kyiv,50.4501,30.5234,2024-12-20 11:21:48.995285,15.058096747839043,0.872139637002738,5.820184371755215
Kyiv,50.4501,30.5234,2024-12-21 11:21:48.995285,15.337461042948542,0.9163376407914391,6.394766538319534
Kyiv,50.4501,30.5234,2024-12-22 11:21:48.995285,14.875069214517866,1.009351472097892,6.431684115549274
Kyiv,50.4501,30.5234,2024-12-23 11:21:48.995285,16.389005794086696,0.8868631277998626,6.714647929030845
Kyiv,50.4501,30.5234,2024-12-24 11:21:48.995285,15.210578254552615,0.7379025033136544,6.080276471544657
Kyiv,50.4501,30.5234,2024-12-25 11:21:48.995285,15.924479336942307,0.824662169545519,6.043913962327817
Kyiv,50.4501,30.5234,2024-12-26 11:21:48.995285,15.628150649189436,0.887575775835208,6.635288790432943
Kyiv,50.4501,30.5234,2024-12-27 11:21:48.995285,15.045738146297316,1.0696281292716368,6.802019021368119
Kyiv,50.4501,30.5234,2024-12-28 11:21:48.995285,15.549457958561254,0.7286079672442243,6.028654294664635
Kyiv,50.4501,30.5234,2024-12-29 11:21:48.995285,15.95870314594649,0.9937925420516929,6.824454225889922
Kyiv,50.4501,30.5234,2024-12-30 11:21:48.995285,15.486669605910647,2.688689975776496,6.511262552446047
Kyiv,50.4501,30.5234,2024-12-31 11:21:48.995285,16.19128315988628,0.9662769841597103,6.827541601722394
Kyiv,50.4501,30.5234,2025-01-01 11:21:48.995285,16.11923456650606,0.8760965033983487,6.478933891544715
Kyiv,50.4501,30.5234,2025-01-02 11:21:48.995285,16.081504175770032,0.8053969190563356,5.743316624753615
Kyiv,50.4501,30.5234,2025-01-03 11:21:48.995285,15.405603914753678,0.9676098660487771,6.454409785305188
Kyiv,50.4501,30.5234,2025-01-04 11:21:48.995285,15.108708337144238,0.9603828796681567,6.818043145601381
Kyiv,50.4501,30.5234,2025-01-05 11:21:48.995285,15.35484081556088,0.9940945803411451,6.231876194274886
Kyiv,50.4501,30.5234,2025-01-06 11:21:48.995285,15.772564089166305,0.8970371349210082,6.383610509327764
Kyiv,50.4501,30.5234,2025-01-07 11:21:48.995285,15.959946123989845,0.8393919661302408,6.447159948934707
Kyiv,50.4501,30.5234,2025-01-08 11:21:48.995285,14.613672624671423,0.7440287012895721,5.630145836039455
Kyiv,50.4501,30.5234,2025-01-09 11:21:48.995285,15.7076000214759,0.9819039902758359,7.001404272631243
Kyiv,50.4501,30.5234,2025-01-10 11:21:48.995285,15.802688650957505,0.9419408344784121,6.229587296030847
Kyiv,50.4501,30.5234,2025-01-11 11:21:48.995285,15.59664489480621,0.8020852974152721,6.65172062974184
Kyiv,50.4501,30.5234,2025-01-12 11:21:48.995285,16.392609007204495,0.8434453723773033,6.473989659155538
Kyiv,50.4501,30.5234,2025-01-13 11:21:48.995285,15.969195845603998,0.8487951548977921,6.877285716907808
Kyiv,50.4501,30.5234,2025-01-14 11:21:48.995285,16.424510780924386,0.7448721775937511,6.621816836728424
Kyiv,50.4501,30.5234,2025-01-15 11:21:48.995285,15.672315590895659,0.808635980592434,6.429522718543708
Kyiv,50.4501,30.5234,2025-01-16 11:21:48.995285,16.25968440301024,0.7737920775289903,6.231945472244216
Kyiv,50.4501,30.5234,2025-01-17 11:21:48.995285,16.618894285438436,0.842239225606125,6.739355210414642
Kyiv,50.4501,30.5234,2025-01-18 11:21:48.995285,16.467385783643692,0.8054748821719123,5.937967608813615
Kyiv,50.4501,30.5234,2025-01-19 11:21:48.995285,15.275405756588048,0.7120520464314978,6.693767126082768
Kyiv,50.4501,30.5234,2025-01-20 11:21:48.995285,15.704332587594617,1.0719753119341855,6.170286574533538
Kyiv,50.4501,30.5234,2025-01-21 11:21:48.995285,15.66803605290958,0.9894959251406095,6.875685098586992
Kyiv,50.4501,30.5234,2025-01-22 11:21:48.995285,16.094444359065694,0.780433774141965,6.548389862798809
Kyiv,50.4501,30.5234,2025-01-23 11:21:48.995285,16.20194073578307,0.8792470212547754,6.693237130355032
Kyiv,50.4501,30.5234,2025-01-24 11:21:48.995285,15.44801001771673,0.887003360202094,6.524596644147416
Kyiv,50.4501,30.5234,2025-01-25 11:21:48.995285,15.909810962102712,0.9572082084185731,5.974286871457701
Kyiv,50.4501,30.5234,2025-01-26 11:21:48.995285,14.874103843865296,0.7486811768235561,6.241781250981399
Kyiv,50.4501,30.5234,2025-01-27 11:21:48.995285,16.612953849360494,0.9318026569266206,6.701716801283415
Kyiv,50.4501,30.5234,2025-01-28 11:21:48.995285,15.643443749313898,0.7594694116107924,6.549996745207953
Kyiv,50.4501,30.5234,2025-01-29 11:21:48.995285,15.934945782724883,0.6719692046993557,6.854296971591702
Kyiv,50.4501,30.5234,2025-01-30 11:21:48.995285,15.759303131191302,0.8689024602708881,6.620982368911151
Kyiv,50.4501,30.5234,2025-01-31 11:21:48.995285,16.493985075223343,0.9161466078826276,6.209989432789202
Kyiv,50.4501,30.5234,2025-02-01 11:21:48.995285,14.508788462880506,1.0361033881078594,6.2611807586838095
Kyiv,50.4501,30.5234,2025-02-02 11:21:48.995285,15.925532057659971,0.647253019176392,6.5308752171569715
Kyiv,50.4501,30.5234,2025-02-03 11:21:48.995285,15.886946679193047,0.8267138538027045,5.805786780199968
Kyiv,50.4501,30.5234,2025-02-04 11:21:48.995285,15.718778193631302,0.7051337156059778,7.002032565686895
Kyiv,50.4501,30.5234,2025-02-05 11:21:48.995285,16.81416978911297,0.8134499719693924,6.632524020913267
Kyiv,50.4501,30.5234,2025-02-06 11:21:48.995285,15.512570097164021,0.5767867498409455,6.868110379114662
Kyiv,50.4501,30.5234,2025-02-07 11:21:48.995285,16.34702787249013,0.5860150416949169,6.02581881775725
Kyiv,50.4501,30.5234,2025-02-08 11:21:48.995285,16.143866332007896,0.622909243061662,6.873369548106576
Kyiv,50.4501,30.5234,2025-02-09 11:21:48.995285,16.600823548119266,0.696360207636354,7.169449673308325
Kyiv,50.4501,30.5234,2025-02-10 11:21:48.995285,15.640505912783668,0.6120993870863625,6.103736493386805
Kyiv,50.4501,30.5234,2025-02-11 11:21:48.995285,15.611363891943778,0.7296478179175906,6.73142053847113
Kyiv,50.4501,30.5234,2025-02-12 11:21:48.995285,16.52934142401031,0.7537726479073774,6.500332983406188
Kyiv,50.4501,30.5234,2025-02-13 11:21:48.995285,16.19713447091715,0.6982026791928291,6.036669845525527
Kyiv,50.4501,30.5234,2025-02-14 11:21:48.995285,15.214880769055608,0.7871215803404176,6.647865191555561
Kyiv,50.4501,30.5234,2025-02-15 11:21:48.995285,15.720279987855719,0.6536749330252206,6.7500809614512045
Kyiv,50.4501,30.5234,2025-02-16 11:21:48.995285,16.18541353634196,0.4771192011583575,6.319662034199346
Kyiv,50.4501,30.5234,2025-02-17 11:21:48.995285,16.413100017667247,0.7217460175297524,6.849774956076567
Kyiv,50.4501,30.5234,2025-02-18 11:21:48.995285,15.6563036695507,0.5113910107296252,5.99997097796324
Kyiv,50.4501,30.5234,2025-02-19 11:21:48.995285,14.540196978199685,0.6493615287365071,6.051573156065107
Kyiv,50.4501,30.5234,2025-02-20 11:21:48.995285,16.26004701402408,0.7020370245041887,6.540979218676625
Kyiv,50.4501,30.5234,2025-02-21 11:21:48.995285,15.389089666267695,0.5766233927664252,6.507615583391681
Kyiv,50.4501,30.5234,2025-02-22 11:21:48.995285,14.991099102918685,0.3675930118853472,6.285027953472769
Kyiv,50.4501,30.5234,2025-02-23 11:21:48.995285,14.583827777244121,0.41162158210449634,6.742878330791566
Kyiv,50.4501,30.5234,2025-02-24 11:21:48.995285,16.40690708875361,0.6219470705976606,6.659268294264785
Kyiv,50.4501,30.5234,2025-02-25 11:21:48.995285,16.063855005889838,0.45900242048940126,6.7574417212802045
Kyiv,50.4501,30.5234,2025-02-26 11:21:48.995285,15.886051525228908,0.4701426535673368,6.46305906939432
Kyiv,50.4501,30.5234,2025-02-27 11:21:48.995285,16.692429342346774,0.5243831706353287,6.680774080393502
Kyiv,50.4501,30.5234,2025-02-28 11:21:48.995285,16.315321243265707,0.5045094810326257,6.366304909091002
Kyiv,50.4501,30.5234,2025-03-01 11:21:48.995285,16.803255332461656,0.44921082532111556,7.116145607025978
Kyiv,50.4501,30.5234,2025-03-02 11:21:48.995285,15.296889113183916,0.38701089478570866,6.256236268963404
Kyiv,50.4501,30.5234,2025-03-03 11:21:48.995285,15.973838752016473,0.3632669583355614,7.131589228837494
Kyiv,50.4501,30.5234,2025-03-04 11:21:48.995285,15.180320902758334,0.46710475481973823,6.510466384126823
Kyiv,50.4501,30.5234,2025-03-05 11:21:48.995285,15.871256984036096,0.42359356021696726,6.087346733129377
Kyiv,50.4501,30.5234,2025-03-06 11:21:48.995285,15.858618625096645,0.3295845076463141,6.91042380514658
Kyiv,50.4501,30.5234,2025-03-07 11:21:48.995285,16.292920510277025,0.45077512063672753,6.537770416518487
Kyiv,50.4501,30.5234,2025-03-08 11:21:48.995285,15.998792491203318,0.31709645249920004,6.755337229514072
Kyiv,50.4501,30.5234,2025-03-09 11:21:48.995285,16.28382176576902,0.23247110516317704,6.867156775562778
Kyiv,50.4501,30.5234,2025-03-10 11:21:48.995285,16.31965784959351,0.2295938472661894,6.601386666243507
Kyiv,50.4501,30.5234,2025-03-11 11:21:48.995285,17.04093488725572,0.19570095996268233,6.322327746556156
Kyiv,50.4501,30.5234,2025-03-12 11:21:48.995285,15.801069489344233,0.25466282292337095,6.792714013300775
Kyiv,50.4501,30.5234,2025-03-13 11:21:48.995285,15.483169646297256,0.3938635206718895,6.500226652236378
Kyiv,50.4501,30.5234,2025-03-14 11:21:48.995285,16.071403387670376,0.17884085660698001,6.7057573455825255
Kyiv,50.4501,30.5234,2025-03-15 11:21:48.995285,15.54162112982065,0.2673424502634765,5.853880827862562
Kyiv,50.4501,30.5234,2025-03-16 11:21:48.995285,16.677861730513698,0.17226852255362468,6.634094515102955
Kyiv,50.4501,30.5234,2025-03-17 11:21:48.995285,15.789114911565363,0.20165973208204985,6.308424252456491
Kyiv,50.4501,30.5234,2025-03-18 11:21:48.995285,15.641502538256098,0.06676243475860377,6.995992891153559
Kyiv,50.4501,30.5234,2025-03-19 11:21:48.995285,15.681925765483834,0.1861231554497512,6.686926204366729
Kyiv,50.4501,30.5234,2025-03-20 11:21:48.995285,16.269813341830037,0.17956273100670045,6.571957323754789
Kyiv,50.4501,30.5234,2025-03-21 11:21:48.995285,15.824482310708941,0.24407517785675328,6.645892998005066
Kyiv,50.4501,30.5234,2025-03-22 11:21:48.995285,15.575005880669718,0.2038549458124909,6.200467744136985
Kyiv,50.4501,30.5234,2025-03-23 11:21:48.995285,16.72073328144126,0.05354556692642913,6.9869770071584165
Kyiv,50.4501,30.5234,2025-03-24 11:21:48.995285,15.45192728364266,0.27404963263689963,7.097411125525071
Kyiv,50.4501,30.5234,2025-03-25 11:21:48.995285,15.889489355725818,0.17930143612226876,6.617874053164465
Kyiv,50.4501,30.5234,2025-03-26 11:21:48.995285,16.18929520385503,0.17115682423401998,6.977121070572092
Kyiv,50.4501,30.5234,2025-03-27 11:21:48.995285,15.03865461454129,0.1438588356096889,6.32925554039824
Kyiv,50.4501,30.5234,2025-03-28 11:21:48.995285,16.085379308056027,0.08688193434790435,6.260865930132506
Kyiv,50.4501,30.5234,2025-03-29 11:21:48.995285,15.308371641678413,0.15474678355111526,6.512277424618677
Kyiv,50.4501,30.5234,2025-03-30 11:21:48.995285,16.23774558914091,0.17526927117766647,6.630482311510369
Kyiv,50.4501,30.5234,2025-03-31 11:21:48.995285,15.335212545486428,0.0,6.381803995627064
Kyiv,50.4501,30.5234,2025-04-01 11:21:48.995285,16.152864462245375,0.06465151761321224,6.661330457110545
Kyiv,50.4501,30.5234,2025-04-02 11:21:48.995285,16.349099396929972,0.08911708353398158,6.591916844622024
Kyiv,50.4501,30.5234,2025-04-03 11:21:48.995285,16.21636811789512,0.1367697819178033,6.200507967412683
Kyiv,50.4501,30.5234,2025-04-04 11:21:48.995285,15.900542365486093,0.22748562393451657,6.655637905235516
Kyiv,50.4501,30.5234,2025-04-05 11:21:48.995285,15.648238141325693,0.028446658554789617,6.759058472756457
Kyiv,50.4501,30.5234,2025-04-06 11:21:48.995285,15.464457039364587,0.05375818972083396,6.551440795277117
Kyiv,50.4501,30.5234,2025-04-07 11:21:48.995285,16.47673935625715,0.050704464495066014,6.845794430978508
Kyiv,50.4501,30.5234,2025-04-08 11:21:48.995285,15.379809944002664,0.020680376643388954,6.134778861950914
Kyiv,50.4501,30.5234,2025-04-09 11:21:48.995285,15.199143876890965,0.06546283821383084,6.640385126639556
Kyiv,50.4501,30.5234,2025-04-10 11:21:48.995285,16.03826807762359,0.17708392610432105,6.148915788080967
Kyiv,50.4501,30.5234,2025-04-11 11:21:48.995285,15.29521282529373,0.0,6.165775592530074
Kyiv,50.4501,30.5234,2025-04-12 11:21:48.995285,15.205741660743952,0.1438514502720281,6.310720749878663
Kyiv,50.4501,30.5234,2025-04-13 11:21:48.995285,14.946261733128651,0.0,6.217381944927727
Kyiv,50.4501,30.5234,2025-04-14 11:21:48.995285,15.413701437478826,0.047893202320838164,6.335601254377659
Kyiv,50.4501,30.5234,2025-04-15 11:21:48.995285,15.600697201288316,0.07326154327736445,6.435754906786643
Kyiv,50.4501,30.5234,2025-04-16 11:21:48.995285,15.750308678426183,0.2763466306891438,6.751146345899415
Kyiv,50.4501,30.5234,2025-04-17 11:21:48.995285,16.09093772211307,0.08449420078412835,6.403652288388289
Kyiv,50.4501,30.5234,2025-04-18 11:21:48.995285,15.86507302505782,0.0,6.024312287969122
Kyiv,50.4501,30.5234,2025-04-19 11:21:48.995285,15.492349142515884,0.0,6.8420203539485485
Kyiv,50.4501,30.5234,2025-04-20 11:21:48.995285,15.474674429714465,0.12746053545790997,6.248872959915488
Kyiv,50.4501,30.5234,2025-04-21 11:21:48.995285,15.814667996867767,0.1903604121473122,6.4823838718686115
Kyiv,50.4501,30.5234,2025-04-22 11:21:48.995285,16.181525520004936,0.17189439048859181,6.633960952082213
Kyiv,50.4501,30.5234,2025-04-23 11:21:48.995285,15.593887147903533,0.15690466271920167,6.559883125520835
Kyiv,50.4501,30.5234,2025-04-24 11:21:48.995285,15.281496963910648,0.26259895577322123,6.8282538642564425
Kyiv,50.4501,30.5234,2025-04-25 11:21:48.995285,15.004808812903002,0.09905833603444797,6.643700943017827
Kyiv,50.4501,30.5234,2025-04-26 11:21:48.995285,14.763670074902576,0.24956421899167144,6.241607126090868
Kyiv,50.4501,30.5234,2025-04-27 11:21:48.995285,15.804294343695625,0.0043302609510350865,7.153568652197499
Kyiv,50.4501,30.5234,2025-04-28 11:21:48.995285,15.744895955328237,0.08488959310324888,6.55830003900147
Kyiv,50.4501,30.5234,2025-04-29 11:21:48.995285,15.729200546903826,0.002917597804107386,6.455797932013549
Kyiv,50.4501,30.5234,2025-04-30 11:21:48.995285,15.360670616793525,0.1647495391794455,6.789177626916671
Kyiv,50.4501,30.5234,2025-05-01 11:21:48.995285,16.112823331761497,0.1965850431947437,6.574835283779022
Kyiv,50.4501,30.5234,2025-05-02 11:21:48.995285,15.151531029364058,0.22195253390428704,6.619768457881798
Kyiv,50.4501,30.5234,2025-05-03 11:21:48.995285,15.855342583807568,0.22640500446805464,7.247655199580206
Kyiv,50.4501,30.5234,2025-05-04 11:21:48.995285,15.342342283234997,0.13746721938564893,6.417463571523486
Kyiv,50.4501,30.5234,2025-05-05 11:21:48.995285,15.041436930331065,0.22152409114468571,6.404671731794782
Kyiv,50.4501,30.5234,2025-05-06 11:21:48.995285,15.62567363588341,0.10143663376307788,6.534973553603739
Kyiv,50.4501,30.5234,2025-05-07 11:21:48.995285,15.517925100277825,0.3984322227289194,6.821454780674312
Kyiv,50.4501,30.5234,2025-05-08 11:21:48.995285,15.475199198906955,0.24295669019375254,6.04803979094288
Kyiv,50.4501,30.5234,2025-05-09 11:21:48.995285,15.320869886227314,0.7077279584409336,5.910333232557049
Kyiv,50.4501,30.5234,2025-05-10 11:21:48.995285,15.244718951869592,0.4554256553035666,6.323865418813956
Kyiv,50.4501,30.5234,2025-05-11 11:21:48.995285,16.441208176916156,0.1842818105987617,6.009823112282214
Kyiv,50.4501,30.5234,2025-05-12 11:21:48.995285,15.822433992828698,0.20814955190063883,6.372550595742308
Kyiv,50.4501,30.5234,2025-05-13 11:21:48.995285,15.574934362932552,0.22350052646821666,6.650749908838787
Kyiv,50.4501,30.5234,2025-05-14 11:21:48.995285,15.252572468895272,0.3389474993326088,6.232775340934321
Kyiv,50.4501,30.5234,2025-05-15 11:21:48.995285,15.683345186023898,0.4016927140932109,6.071952026965597
Kyiv,50.4501,30.5234,2025-05-16 11:21:48.995285,15.421804401134242,0.4454596821348373,6.520801148514605
Kyiv,50.4501,30.5234,2025-05-17 11:21:48.995285,15.158901573306892,0.641806558597253,6.758763045384551
Kyiv,50.4501,30.5234,2025-05-18 11:21:48.995285,14.976966014819624,0.17291543653344837,5.991507968445016
Kyiv,50.4501,30.5234,2025-05-19 11:21:48.995285,15.071200338290351,0.472104953710775,6.746069719491795
Kyiv,50.4501,30.5234,2025-05-20 11:21:48.995285,13.50932388187817,0.3689962588054793,6.745191861121498
Kyiv,50.4501,30.5234,2025-05-21 11:21:48.995285,15.182686898882283,0.3796349568454102,6.7862255306469885
Kyiv,50.4501,30.5234,2025-05-22 11:21:48.995285,14.815975237310614,0.3899395692148711,6.865544064461506
Kyiv,50.4501,30.5234,2025-05-23 11:21:48.995285,15.839357232145971,0.374737113424224,7.160604177397885
Kyiv,50.4501,30.5234,2025-05-24 11:21:48.995285,15.03549047563301,0.6478046165710436,6.3931723854142835
Kyiv,50.4501,30.5234,2025-05-25 11:21:48.995285,14.414125287121209,0.5773443902390561,6.5328714740233575
Kyiv,50.4501,30.5234,2025-05-26 11:21:48.995285,14.966452926047253,0.509204940318071,6.375068470025592
Kyiv,50.4501,30.5234,2025-05-27 11:21:48.995285,14.451121017241615,0.6557494421380011,6.500593053426743
Kyiv,50.4501,30.5234,2025-05-28 11:21:48.995285,15.193681474851703,0.3831330229650909,6.959862006690893
Kyiv,50.4501,30.5234,2025-05-29 11:21:48.995285,15.085260404803948,0.4150127048266483,6.096495654820799
Kyiv,50.4501,30.5234,2025-05-30 11:21:48.995285,15.401533336320671,0.3439267550462438,6.241685098350327
Kyiv,50.4501,30.5234,2025-05-31 11:21:48.995285,14.510022354335517,0.505349229924969,6.913154280951368
Kyiv,50.4501,30.5234,2025-06-01 11:21:48.995285,14.905345040992378,0.6049384578721415,6.806010952070627
Kyiv,50.4501,30.5234,2025-06-02 11:21:48.995285,14.188740924834102,0.6124271758397082,6.391060505954877
Kyiv,50.4501,30.5234,2025-06-03 11:21:48.995285,15.204948194042483,0.6303271642582314,6.756320600336216
Kyiv,50.4501,30.5234,2025-06-04 11:21:48.995285,15.096628577281544,0.4874021815703373,6.60236475274761
Kyiv,50.4501,30.5234,2025-06-05 11:21:48.995285,15.068135924788223,0.7217859231319509,6.950082382700296
Kyiv,50.4501,30.5234,2025-06-06 11:21:48.995285,14.804136625884894,0.6782281143213427,6.522352878148032
Kyiv,50.4501,30.5234,2025-06-07 11:21:48.995285,14.993865529954599,0.7401828691915264,6.8076896341617745
Kyiv,50.4501,30.5234,2025-06-08 11:21:48.995285,15.571863883923687,0.4900155189371589,7.292603573147786
Kyiv,50.4501,30.5234,2025-06-09 11:21:48.995285,14.610430690998058,0.7226426219260941,6.67942974651424
Kyiv,50.4501,30.5234,2025-06-10 11:21:48.995285,14.805657099127036,0.584691853549089,6.5147984497384535
Kyiv,50.4501,30.5234,2025-06-11 11:21:48.995285,14.176706175210079,2.0264092300805507,6.716734095566294
Kyiv,50.4501,30.5234,2025-06-12 11:21:48.995285,14.269156699927345,0.7801171923800853,6.390415742538835
Kyiv,50.4501,30.5234,2025-06-13 11:21:48.995285,14.735799605610827,0.7470000354098968,7.2163903116574195
Kyiv,50.4501,30.5234,2025-06-14 11:21:48.995285,15.222558291126424,0.6636647013984152,6.554021311308794
Kyiv,50.4501,30.5234,2025-06-15 11:21:48.995285,14.526247275203481,0.7600791400324345,6.418120003932346
Kyiv,50.4501,30.5234,2025-06-16 11:21:48.995285,14.52032800461417,0.6166239160088139,6.249293298493989
Kyiv,50.4501,30.5234,2025-06-17 11:21:48.995285,14.41884941254385,0.8948100704104884,6.829166057481931
Kyiv,50.4501,30.5234,2025-06-18 11:21:48.995285,14.339031387921372,0.7689292133687397,6.7601562238483215
Kyiv,50.4501,30.5234,2025-06-19 11:21:48.995285,14.73812976903879,0.9106438295041545,6.350793688575772
Kyiv,50.4501,30.5234,2025-06-20 11:21:48.995285,13.826370837441123,0.7551127620439708,6.6729354035367265
Kyiv,50.4501,30.5234,2025-06-21 11:21:48.995285,15.19995100398287,0.7640206638620528,6.047433209536143
Kyiv,50.4501,30.5234,2025-06-22 11:21:48.995285,14.211382157426812,0.7481969449391599,6.555491172521947
Kyiv,50.4501,30.5234,2025-06-23 11:21:48.995285,14.889792235045206,0.9200856437156307,6.635826905623008
Kyiv,50.4501,30.5234,2025-06-24 11:21:48.995285,13.878727994194373,0.7689837208781636,7.012198942867767
Kyiv,50.4501,30.5234,2025-06-25 11:21:48.995285,14.833178251827334,0.9114420851333564,6.2687543591813935
Kyiv,50.4501,30.5234,2025-06-26 11:21:48.995285,14.819909912891397,0.8153817642104164,6.116494211359303
Kyiv,50.4501,30.5234,2025-06-27 11:21:48.995285,14.661370987841014,0.6622560178717353,6.231371611722487
Kyiv,50.4501,30.5234,2025-06-28 11:21:48.995285,13.957545300559453,0.8086197884954869,6.099029449905524
Kyiv,50.4501,30.5234,2025-06-29 11:21:48.995285,14.565184832388862,0.7531058519953937,6.900997207327695
Kyiv,50.4501,30.5234,2025-06-30 11:21:48.995285,13.83469963972848,0.8793326955449918,6.964591788507211
Kyiv,50.4501,30.5234,2025-07-01 11:21:48.995285,14.285833120159435,0.7613818329506126,6.596064973384649
Kyiv,50.4501,30.5234,2025-07-02 11:21:48.995285,14.91308248725274,0.977049423620382,6.866388483705545
Kyiv,50.4501,30.5234,2025-07-03 11:21:48.995285,14.783066363572043,0.8789179827053002,6.540187514174071
Kyiv,50.4501,30.5234,2025-07-04 11:21:48.995285,14.378828656674383,0.8733797371263888,6.47146650568977
Kyiv,50.4501,30.5234,2025-07-05 11:21:48.995285,13.870541998802016,0.9593787404795951,6.400088714283871
Kyiv,50.4501,30.5234,2025-07-06 11:21:48.995285,14.667637498878012,0.9923636914425275,6.4068827025867305
Kyiv,50.4501,30.5234,2025-07-07 11:21:48.995285,14.34162675463548,0.8956772875806156,6.035659533107291
Kyiv,50.4501,30.5234,2025-07-08 11:21:48.995285,13.159068791407773,0.8218099592883332,6.579276429082202
Kyiv,50.4501,30.5234,2025-07-09 11:21:48.995285,14.698033686271282,0.7223030428846604,6.487899826935787
Kyiv,50.4501,30.5234,2025-07-10 11:21:48.995285,14.282299972957976,0.8313913201909581,6.723608217223362
Kyiv,50.4501,30.5234,2025-07-11 11:21:48.995285,14.883548710315573,0.8380972876101468,6.528057048931583
Kyiv,50.4501,30.5234,2025-07-12 11:21:48.995285,13.72280718649211,0.9098726096453865,6.451188889529273
Kyiv,50.4501,30.5234,2025-07-13 11:21:48.995285,12.670426082553405,0.8635274363264762,6.238642090997711
Kyiv,50.4501,30.5234,2025-07-14 11:21:48.995285,14.386875101640584,0.9652389228025247,6.521645971046528
Kyiv,50.4501,30.5234,2025-07-15 11:21:48.995285,14.381893225550444,0.8330809328584632,6.7214711692448486
Kyiv,50.4501,30.5234,2025-07-16 11:21:48.995285,13.379780144829732,0.8861413599729019,6.156998302674841
Kyiv,50.4501,30.5234,2025-07-17 11:21:48.995285,13.725100371987981,1.0072460229713136,6.526242126104222
Kyiv,50.4501,30.5234,2025-07-18 11:21:48.995285,15.581426008077337,0.9195707408211563,6.569912885458845
Kyiv,50.4501,30.5234,2025-07-19 11:21:48.995285,14.040714746602154,0.8754686444833217,6.2845805649145206
Kyiv,50.4501,30.5234,2025-07-20 11:21:48.995285,14.548941436742192,0.8169100131626507,6.3236431085276
Kyiv,50.4501,30.5234,2025-07-21 11:21:48.995285,13.8483158875919,0.8089664327436941,6.5691832546298645
Kyiv,50.4501,30.5234,2025-07-22 11:21:48.995285,13.118923071154786,0.781972125128563,6.159973694512213
Kyiv,50.4501,30.5234,2025-07-23 11:21:48.995285,14.069621819248983,0.8072416343515837,6.604977114574818
Kyiv,50.4501,30.5234,2025-07-24 11:21:48.995285,14.012875550107122,0.9307895129262288,6.23139368790224
Kyiv,50.4501,30.5234,2025-07-25 11:21:48.995285,13.936918752615902,0.8264937003545018,6.818856107909965
Kyiv,50.4501,30.5234,2025-07-26 11:21:48.995285,14.070973263537482,0.7067515609618077,7.2013483236164895
Kyiv,50.4501,30.5234,2025-07-27 11:21:48.995285,14.252121931849283,1.0111871210734331,6.241772959489454
Kyiv,50.4501,30.5234,2025-07-28 11:21:48.995285,14.036884201743604,0.8586117396928828,6.660262358712402
Kyiv,50.4501,30.5234,2025-07-29 11:21:48.995285,13.472157625291409,0.6777788054617293,6.281977428535394
Kyiv,50.4501,30.5234,2025-07-30 11:21:48.995285,14.339736593456285,0.7657687238227342,6.812286252139337
Kyiv,50.4501,30.5234,2025-07-31 11:21:48.995285,13.114709492244572,0.8121553692956452,6.120422477274436
Kyiv,50.4501,30.5234,2025-08-01 11:21:48.995285,13.057237645298507,0.9622822309643331,6.644176027528314
Kyiv,50.4501,30.5234,2025-08-02 11:21:48.995285,14.44529952515769,0.6714221982169839,6.238103309933194
Kyiv,50.4501,30.5234,2025-08-03 11:21:48.995285,14.322786205029699,0.8699134357264011,6.437904623270489
Kyiv,50.4501,30.5234,2025-08-04 11:21:48.995285,14.03442097116755,0.9020111855808681,6.190692417455808
Kyiv,50.4501,30.5234,2025-08-05 11:21:48.995285,13.359514604232043,0.6886396953308769,6.746705141268726
Kyiv,50.4501,30.5234,2025-08-06 11:21:48.995285,13.69768294965079,0.7128982634039456,6.248905893668124
Kyiv,50.4501,30.5234,2025-08-07 11:21:48.995285,13.914945629526303,0.6258779824243532,6.6655892777995485
Kyiv,50.4501,30.5234,2025-08-08 11:21:48.995285,13.243335198725648,0.69775006130823,6.3967705915213005
Kyiv,50.4501,30.5234,2025-08-09 11:21:48.995285,13.667015122424235,0.7027659589720484,6.465658288460341
Kyiv,50.4501,30.5234,2025-08-10 11:21:48.995285,14.358227386064275,0.7604740826517132,6.544326772220039
Kyiv,50.4501,30.5234,2025-08-11 11:21:48.995285,14.741534485515547,0.7913810245054288,6.2714525985023455
Kyiv,50.4501,30.5234,2025-08-12 11:21:48.995285,13.814272073038357,0.5951905295256572,6.563110134062266
Kyiv,50.4501,30.5234,2025-08-13 11:21:48.995285,14.398630485512559,0.46070360423998735,6.959100369306324
Kyiv,50.4501,30.5234,2025-08-14 11:21:48.995285,13.060043412726284,0.6425610143642827,6.266571564250186
Kyiv,50.4501,30.5234,2025-08-15 11:21:48.995285,14.343777470592975,0.6611171458866764,6.851543042982153
Kyiv,50.4501,30.5234,2025-08-16 11:21:48.995285,13.609348202403918,0.6436268964779003,6.949429290046336
Kyiv,50.4501,30.5234,2025-08-17 11:21:48.995285,14.162558744360531,0.5727988723402989,6.255153503291587
Kyiv,50.4501,30.5234,2025-08-18 11:21:48.995285,13.88286694161273,0.6045974780586384,6.0634836184728345
Kyiv,50.4501,30.5234,2025-08-19 11:21:48.995285,14.66510169379122,0.7302136367526558,6.590588270051529
Kyiv,50.4501,30.5234,2025-08-20 11:21:48.995285,13.56612327407587,0.6032962220716579,6.335777743169938
Kyiv,50.4501,30.5234,2025-08-21 11:21:48.995285,14.315885987915523,0.5141624284807238,7.060580965748901
Kyiv,50.4501,30.5234,2025-08-22 11:21:48.995285,13.8613665527667,0.48779491821728055,6.51044226214995
Kyiv,50.4501,30.5234,2025-08-23 11:21:48.995285,13.921300980307812,0.5071000751785442,6.259340177589446
Kyiv,50.4501,30.5234,2025-08-24 11:21:48.995285,13.908156394765657,0.674001372273917,6.155852146696486
Kyiv,50.4501,30.5234,2025-08-25 11:21:48.995285,13.577172708016752,0.47822713029190517,6.826971487727249
Kyiv,50.4501,30.5234,2025-08-26 11:21:48.995285,13.993182015066774,0.480811672346117,6.328644807774744
Kyiv,50.4501,30.5234,2025-08-27 11:21:48.995285,13.969425877699406,0.4208140512129849,6.513148639838128
Kyiv,50.4501,30.5234,2025-08-28 11:21:48.995285,14.1221847030478,0.5652347328955188,6.786740823533744
Kyiv,50.4501,30.5234,2025-08-29 11:21:48.995285,14.044927599738276,0.6376640467065176,6.354722494420751
Kyiv,50.4501,30.5234,2025-08-30 11:21:48.995285,14.40307827865894,0.4731546706529142,6.486221351377952
Kyiv,50.4501,30.5234,2025-08-31 11:21:48.995285,14.467536401129731,0.4228689242026241,6.495029477053244
Kyiv,50.4501,30.5234,2025-09-01 11:21:48.995285,13.482466129668168,0.40486941112504965,6.704997353454828
Kyiv,50.4501,30.5234,2025-09-02 11:21:48.995285,14.444453755208032,0.14947705104173906,6.677223300653098
Kyiv,50.4501,30.5234,2025-09-03 11:21:48.995285,13.419482344051087,0.449272270054151,6.433965880623552
Kyiv,50.4501,30.5234,2025-09-04 11:21:48.995285,14.309454127316775,0.3751717165312913,6.519094718448955
Kyiv,50.4501,30.5234,2025-09-05 11:21:48.995285,14.328562922079824,0.3917510189844865,6.388466296542953
Kyiv,50.4501,30.5234,2025-09-06 11:21:48.995285,13.06649321266309,0.26511139706538067,6.056716277924167
Kyiv,50.4501,30.5234,2025-09-07 11:21:48.995285,14.072389168092284,0.285346798362093,6.577280257219439
Kyiv,50.4501,30.5234,2025-09-08 11:21:48.995285,13.795688021468335,0.270433703280137,7.067657528249921
Kyiv,50.4501,30.5234,2025-09-09 11:21:48.995285,13.654877433377457,0.4016655730289939,6.2348842577926815
Kyiv,50.4501,30.5234,2025-09-10 11:21:48.995285,14.714296381477203,0.24983199707491735,6.268091087119189
Kyiv,50.4501,30.5234,2025-09-11 11:21:48.995285,13.716925603089384,0.4844303272469095,6.238781668506878
Kyiv,50.4501,30.5234,2025-09-12 11:21:48.995285,13.645755019145822,0.3079721409845146,6.717377533616936
Kyiv,50.4501,30.5234,2025-09-13 11:21:48.995285,14.092251082575403,0.1263178940150962,6.634545636258932
Kyiv,50.4501,30.5234,2025-09-14 11:21:48.995285,14.402938815207312,0.23032348538017858,6.452438692275063
Kyiv,50.4501,30.5234,2025-09-15 11:21:48.995285,13.99533847817201,0.16760694209894508,6.224594281508311
Kyiv,50.4501,30.5234,2025-09-16 11:21:48.995285,14.65564358925543,0.003249262263206376,6.527713037491977
Kyiv,50.4501,30.5234,2025-09-17 11:21:48.995285,14.344516543265412,0.3728763285409943,6.030613361799259
Kyiv,50.4501,30.5234,2025-09-18 11:21:48.995285,12.996766351948951,0.273825449882562,6.543027970057248
Kyiv,50.4501,30.5234,2025-09-19 11:21:48.995285,13.828252705443859,0.2477652866737144,6.76145731582638
Kyiv,50.4501,30.5234,2025-09-20 11:21:48.995285,13.819448080671906,0.20228042399848464,6.1246402590098965
Kyiv,50.4501,30.5234,2025-09-21 11:21:48.995285,14.347699130255162,0.03920626460237861,6.040244516951101
Kyiv,50.4501,30.5234,2025-09-22 11:21:48.995285,12.80352396186958,0.12109660655489263,6.973831367508458
Kyiv,50.4501,30.5234,2025-09-23 11:21:48.995285,15.398613149214619,0.2460784545371763,6.316472108148624
Kyiv,50.4501,30.5234,2025-09-24 11:21:48.995285,14.398056692717507,0.04962114580178531,6.840784353783147
Kyiv,50.4501,30.5234,2025-09-25 11:21:48.995285,14.215674443683042,0.0,6.453800700440651
Kyiv,50.4501,30.5234,2025-09-26 11:21:48.995285,14.740966766682044,0.11895368292794374,6.451413554917602
Kyiv,50.4501,30.5234,2025-09-27 11:21:48.995285,15.331208620771834,0.1215823925595597,6.631523809848994
Kyiv,50.4501,30.5234,2025-09-28 11:21:48.995285,14.604202695928395,0.14384005276423356,6.234800342976068
Kyiv,50.4501,30.5234,2025-09-29 11:21:48.995285,14.652929994933396,0.19809932583328116,6.539749143048693
Kyiv,50.4501,30.5234,2025-09-30 11:21:48.995285,14.25380595322483,0.18441594921825225,6.385553175552772
Kyiv,50.4501,30.5234,2025-10-01 11:21:48.995285,14.127876035141849,0.1423898537294737,6.103851966978491
Kyiv,50.4501,30.5234,2025-10-02 11:21:48.995285,13.971156621240771,0.23237802559904527,6.601244622417919
Kyiv,50.4501,30.5234,2025-10-03 11:21:48.995285,13.806648153071954,0.0,6.4210076579366255
Kyiv,50.4501,30.5234,2025-10-04 11:21:48.995285,13.887078123266313,0.1572875606557462,6.452892551466587
Kyiv,50.4501,30.5234,2025-10-05 11:21:48.995285,13.566416209349946,0.1671828002407581,6.136951716975752
Kyiv,50.4501,30.5234,2025-10-06 11:21:48.995285,14.215092186960932,0.0,6.977420110328842
Kyiv,50.4501,30.5234,2025-10-07 11:21:48.995285,13.422249188422821,0.0,6.763014255915834
Kyiv,50.4501,30.5234,2025-10-08 11:21:48.995285,14.371814223775942,0.025853901118426365,6.789246765251594
Kyiv,50.4501,30.5234,2025-10-09 11:21:48.995285,14.270178073697055,0.03387919228657561,6.408366589267495
Kyiv,50.4501,30.5234,2025-10-10 11:21:48.995285,14.374009322141696,0.17543454555828672,5.981245133148974
Kyiv,50.4501,30.5234,2025-10-11 11:21:48.995285,14.051881447766336,0.03917195316866472,7.085875214746853
Kyiv,50.4501,30.5234,2025-10-12 11:21:48.995285,15.863986566257307,0.01599754971300789,6.48167074759824
Kyiv,50.4501,30.5234,2025-10-13 11:21:48.995285,15.018423331847877,0.04194774256337107,6.275360061193984
Kyiv,50.4501,30.5234,2025-10-14 11:21:48.995285,13.729099188922657,0.21692345645782654,6.625040472344934
Kyiv,50.4501,30.5234,2025-10-15 11:21:48.995285,14.48100174282327,0.1087817493290514,6.8501362364009895
Kyiv,50.4501,30.5234,2025-10-16 11:21:48.995285,14.07395018009047,0.09243471539534048,6.49308483317436
Kyiv,50.4501,30.5234,2025-10-17 11:21:48.995285,13.884283266531167,0.10270347506795277,6.883572550381812
Kyiv,50.4501,30.5234,2025-10-18 11:21:48.995285,13.73523727747727,0.24671210279588976,6.824899981555061
Kyiv,50.4501,30.5234,2025-10-19 11:21:48.995285,14.635308071925826,0.046844272368818635,6.177085643779383
Kyiv,50.4501,30.5234,2025-10-20 11:21:48.995285,14.092608126174094,0.25801593756484004,6.297862968302157
Kyiv,50.4501,30.5234,2025-10-21 11:21:48.995285,14.931477698844981,0.15266111480549632,6.78726114898393
Kyiv,50.4501,30.5234,2025-10-22 11:21:48.995285,14.95888593572692,0.12115253668141099,5.686216230856869
Kyiv,50.4501,30.5234,2025-10-23 11:21:48.995285,15.163541585240175,0.3932975112096087,6.4551632920505035
Kyiv,50.4501,30.5234,2025-10-24 11:21:48.995285,14.065135673110843,0.04407936896244326,6.070750639512599
Kyiv,50.4501,30.5234,2025-10-25 11:21:48.995285,14.743907255186027,0.12112584073297807,6.357033859569943
Kyiv,50.4501,30.5234,2025-10-26 11:21:48.995285,14.837493268205362,0.040509513829808774,6.4103539732912385
Kyiv,50.4501,30.5234,2025-10-27 11:21:48.995285,14.299360641545166,0.2666555757326511,6.392526686627748
Kyiv,50.4501,30.5234,2025-10-28 11:21:48.995285,14.16588467956315,0.34837445809529727,6.3343216243662175
Kyiv,50.4501,30.5234,2025-10-29 11:21:48.995285,15.371984740337556,0.3548739377121534,6.170856905111356
Kyiv,50.4501,30.5234,2025-10-30 11:21:48.995285,14.69655433525371,0.31907255192317535,7.187573380045606
Kyiv,50.4501,30.5234,2025-10-31 11:21:48.995285,14.916495886149896,0.18607114403480882,7.060238601248405
Kyiv,50.4501,30.5234,2025-11-01 11:21:48.995285,14.20329858784243,0.17881325333830525,6.151380253923115
Kyiv,50.4501,30.5234,2025-11-02 11:21:48.995285,14.02063322384823,0.05806191586112666,6.97463502539107
Kyiv,50.4501,30.5234,2025-11-03 11:21:48.995285,14.361598990577573,0.4389335062212676,6.3801603528581445
Kyiv,50.4501,30.5234,2025-11-04 11:21:48.995285,14.600466406710888,0.2927248874587756,6.538756241999513
Kyiv,50.4501,30.5234,2025-11-05 11:21:48.995285,14.14662033489896,0.20741356146700077,6.481017812030926
Kyiv,50.4501,30.5234,2025-11-06 11:21:48.995285,14.690156371018519,0.40048557951717617,6.302075407623811
Kyiv,50.4501,30.5234,2025-11-07 11:21:48.995285,13.86726497308514,0.1817494230569514,6.795155703081844
Kyiv,50.4501,30.5234,2025-11-08 11:21:48.995285,14.168018131230959,0.33129596047604754,6.537765959172997
Kyiv,50.4501,30.5234,2025-11-09 11:21:48.995285,15.08010232902225,0.28522686650692486,6.357034573034228
Kyiv,50.4501,30.5234,2025-11-10 11:21:48.995285,15.063222494132997,0.37844760562688984,6.108623166859858
Kyiv,50.4501,30.5234,2025-11-11 11:21:48.995285,14.5821401043024,0.32053240906121444,6.231921495884264
Kyiv,50.4501,30.5234,2025-11-12 11:21:48.995285,14.286013345592904,0.19431201520648836,6.007585965319371
Kyiv,50.4501,30.5234,2025-11-13 11:21:48.995285,14.298071514393751,0.3596678201107347,6.503667064524551
Kyiv,50.4501,30.5234,2025-11-14 11:21:48.995285,14.642072732847865,0.4698772543498907,6.141000322314682
Kyiv,50.4501,30.5234,2025-11-15 11:21:48.995285,15.167950425158365,0.375109869552086,6.420331846244437
Kyiv,50.4501,30.5234,2025-11-16 11:21:48.995285,15.326844073558897,0.4687282491452661,6.911030556083111
Kyiv,50.4501,30.5234,2025-11-17 11:21:48.995285,14.631526087359662,0.2999779450302146,6.859789871876476
Kyiv,50.4501,30.5234,2025-11-18 11:21:48.995285,14.320152089560173,0.41533212072556663,6.490316931769215
Kyiv,50.4501,30.5234,2025-11-19 11:21:48.995285,15.047957020195721,0.3690316968185511,6.473874582157055
Kyiv,50.4501,30.5234,2025-11-20 11:21:48.995285,14.519430087884754,0.5197865751651645,7.063962364826303
Kyiv,50.4501,30.5234,2025-11-21 11:21:48.995285,14.689254013346144,0.46190847724722534,6.656226836107614
Kyiv,50.4501,30.5234,2025-11-22 11:21:48.995285,15.628216433595773,0.5414863969127333,6.401658062037043
Kyiv,50.4501,30.5234,2025-11-23 11:21:48.995285,15.396344358127049,0.5950023979666879,6.072194564863865
Kyiv,50.4501,30.5234,2025-11-24 11:21:48.995285,15.078987156125725,0.5691618575121394,6.618161965449423
London,51.5074,-0.1278,2024-11-24 11:21:48.995285,14.539820691846538,0.4093781873807305,6.53332024195869
London,51.5074,-0.1278,2024-11-25 11:21:48.995285,15.545742861834125,0.6444240514225484,5.979279818915712
London,51.5074,-0.1278,2024-11-26 11:21:48.995285,14.503301452951103,0.35767591388090286,7.232536575598931
London,51.5074,-0.1278,2024-11-27 11:21:48.995285,14.983683143041356,0.6196691543053492,6.359562639861143
London,51.5074,-0.1278,2024-11-28 11:21:48.995285,15.215381039463804,0.42839030524548627,6.7239119725476115
London,51.5074,-0.1278,2024-11-29 11:21:48.995285,15.762690579475505,0.7570961093211437,6.489404942121531
London,51.5074,-0.1278,2024-11-30 11:21:48.995285,15.097823480007008,0.4275818272568853,6.259074625784282
London,51.5074,-0.1278,2024-12-01 11:21:48.995285,15.588284841963459,0.7106941715896549,6.223384085846772
London,51.5074,-0.1278,2024-12-02 11:21:48.995285,15.487576470751828,0.6006198270125179,6.975703751930228
London,51.5074,-0.1278,2024-12-03 11:21:48.995285,15.216037598748853,0.5853082328786412,6.7867814180534936
London,51.5074,-0.1278,2024-12-04 11:21:48.995285,14.62653644004475,0.6535488254844214,7.083075226213269
London,51.5074,-0.1278,2024-12-05 11:21:48.995285,14.47093627939107,0.7110798510720505,6.51663600054731
London,51.5074,-0.1278,2024-12-06 11:21:48.995285,15.258357200578214,0.5701551454493022,6.5863758863738004
London,51.5074,-0.1278,2024-12-07 11:21:48.995285,14.950573076052859,0.5915314645033153,6.419842530303414
London,51.5074,-0.1278,2024-12-08 11:21:48.995285,15.698303311846596,0.750380594872429,6.4138753390654974
London,51.5074,-0.1278,2024-12-09 11:21:48.995285,15.628281554165476,0.5267759246990309,6.187433920256789
London,51.5074,-0.1278,2024-12-10 11:21:48.995285,15.17965266031558,0.6509433336270115,6.525203057277305
London,51.5074,-0.1278,2024-12-11 11:21:48.995285,14.709625970909975,1.025042820682992,6.263226021534141
London,51.5074,-0.1278,2024-12-12 11:21:48.995285,15.560288999459924,0.6355188129225923,6.632572676649261
London,51.5074,-0.1278,2024-12-13 11:21:48.995285,14.812294938624788,0.8581710272220258,6.551003065694063
London,51.5074,-0.1278,2024-12-14 11:21:48.995285,14.95829093812868,0.6955778434846898,6.586304613102716
London,51.5074,-0.1278,2024-12-15 11:21:48.995285,14.863968253068794,0.8155583617766258,7.002538981907068
London,51.5074,-0.1278,2024-12-16 11:21:48.995285,15.300474031920697,0.8402566759490886,6.488684615070323
London,51.5074,-0.1278,2024-12-17 11:21:48.995285,15.970759573278887,0.8975583224310046,6.727018100856029
London,51.5074,-0.1278,2024-12-18 11:21:48.995285,15.39896755409421,0.7741414265043167,7.115452839225674
London,51.5074,-0.1278,2024-12-19 11:21:48.995285,15.195584256398469,1.0022107872669104,6.891985120788514
London,51.5074,-0.1278,2024-12-20 11:21:48.995285,14.66996812752781,0.7531846839697922,6.8459509095364535
London,51.5074,-0.1278,2024-12-21 11:21:48.995285,15.724291634105333,0.8439664766298266,6.40799353534385
London,51.5074,-0.1278,2024-12-22 11:21:48.995285,15.073347967938536,0.8531183145427265,6.568892916670339
London,51.5074,-0.1278,2024-12-23 11:21:48.995285,15.537492649694837,0.7240505502588498,6.104517112391018
London,51.5074,-0.1278,2024-12-24 11:21:48.995285,15.316666242201658,0.8149183578124091,6.649674320289324
London,51.5074,-0.1278,2024-12-25 11:21:48.995285,15.927759553651823,0.8665080319815378,6.582338053284152
London,51.5074,-0.1278,2024-12-26 11:21:48.995285,15.444797411351274,0.8135804342708775,6.507015537546854
London,51.5074,-0.1278,2024-12-27 11:21:48.995285,15.508541994276774,1.1068979216667079,6.8081584364728585
London,51.5074,-0.1278,2024-12-28 11:21:48.995285,15.795308886895349,0.7845261477267008,6.137667553272681
London,51.5074,-0.1278,2024-12-29 11:21:48.995285,16.62017184742271,0.9914773383432128,6.990458855348104
London,51.5074,-0.1278,2024-12-30 11:21:48.995285,16.025023738633077,0.9638845362857358,6.770529406382085
London,51.5074,-0.1278,2024-12-31 11:21:48.995285,15.550423633786458,0.8811077171863352,6.478809806104408
London,51.5074,-0.1278,2025-01-01 11:21:48.995285,156.1007586542277,0.7997750696767172,6.455381123654782
London,51.5074,-0.1278,2025-01-02 11:21:48.995285,15.35961701827865,0.8128146500297913,6.6441833645745785
London,51.5074,-0.1278,2025-01-03 11:21:48.995285,15.16043444913033,0.8407258581869929,6.956255369619134
London,51.5074,-0.1278,2025-01-04 11:21:48.995285,15.37225416750182,0.7163656487629684,6.530482315607003
London,51.5074,-0.1278,2025-01-05 11:21:48.995285,15.275560136386307,0.7965423411872439,6.543209270593768
London,51.5074,-0.1278,2025-01-06 11:21:48.995285,16.00112781073089,0.7501199469225075,6.505435543287762
London,51.5074,-0.1278,2025-01-07 11:21:48.995285,15.151455338289175,1.0339616687799973,7.0346072338104415
London,51.5074,-0.1278,2025-01-08 11:21:48.995285,16.36606360774167,0.9617536400307781,6.389335069118893
London,51.5074,-0.1278,2025-01-09 11:21:48.995285,16.08767981409119,0.9785640733484413,6.491147720414278
London,51.5074,-0.1278,2025-01-10 11:21:48.995285,15.733894902979747,0.9584350813882083,6.939030696278298
London,51.5074,-0.1278,2025-01-11 11:21:48.995285,15.73557632869652,2.746080969105253,6.544103250083859
London,51.5074,-0.1278,2025-01-12 11:21:48.995285,15.46833143288928,1.0433707729198793,6.841117658013657
London,51.5074,-0.1278,2025-01-13 11:21:48.995285,15.893348014152444,2.503184311559288,6.226615982929112
London,51.5074,-0.1278,2025-01-14 11:21:48.995285,16.313461058488233,0.9038375863286975,6.438412243511446
London,51.5074,-0.1278,2025-01-15 11:21:48.995285,15.42871761994287,0.9651101030353597,6.9453302115320685
London,51.5074,-0.1278,2025-01-16 11:21:48.995285,15.024249612297412,0.7550541900240129,6.297098085270936
London,51.5074,-0.1278,2025-01-17 11:21:48.995285,16.152970215603048,1.1931460164091736,6.454610288069087
London,51.5074,-0.1278,2025-01-18 11:21:48.995285,15.97372204612926,0.8822012082826272,6.577005569267444
London,51.5074,-0.1278,2025-01-19 11:21:48.995285,15.261377152581824,0.888951483575732,6.203253644602104
London,51.5074,-0.1278,2025-01-20 11:21:48.995285,15.46447494090875,0.9954040920447296,6.375856964413431
London,51.5074,-0.1278,2025-01-21 11:21:48.995285,15.411066268609408,0.9557373853387088,6.533791004547692
London,51.5074,-0.1278,2025-01-22 11:21:48.995285,15.487550957010404,0.8621435182336095,6.514004520248588
London,51.5074,-0.1278,2025-01-23 11:21:48.995285,15.69692258125521,0.8650178253992186,6.884105606251141
London,51.5074,-0.1278,2025-01-24 11:21:48.995285,15.734182702589225,0.6948419981251666,6.962437158449676
London,51.5074,-0.1278,2025-01-25 11:21:48.995285,15.550494877610012,0.7824530451562278,6.243174538399726
London,51.5074,-0.1278,2025-01-26 11:21:48.995285,15.5049856001934,0.8822627011054599,6.533380555750247
London,51.5074,-0.1278,2025-01-27 11:21:48.995285,15.777589174499857,2.6009437872979997,6.70227449252743
London,51.5074,-0.1278,2025-01-28 11:21:48.995285,15.983476637082024,0.9363765170318946,6.95490423973976
London,51.5074,-0.1278,2025-01-29 11:21:48.995285,15.748865544620212,0.7935053392938847,6.715547089195139
London,51.5074,-0.1278,2025-01-30 11:21:48.995285,16.493461499855982,0.6577601529963517,6.587274020477699
London,51.5074,-0.1278,2025-01-31 11:21:48.995285,16.175015144927027,0.8927438085479527,6.699962759594789
London,51.5074,-0.1278,2025-02-01 11:21:48.995285,15.132118755149849,0.9209214253729926,6.7021306503008775
London,51.5074,-0.1278,2025-02-02 11:21:48.995285,16.195701111529853,0.8570500029710363,6.22168571231469
London,51.5074,-0.1278,2025-02-03 11:21:48.995285,16.242628049234686,0.7404585182088764,6.557839637751881
London,51.5074,-0.1278,2025-02-04 11:21:48.995285,15.728228903365046,0.850552445172989,6.937748298256607
London,51.5074,-0.1278,2025-02-05 11:21:48.995285,15.203457722643575,1.0780051487178106,6.437792969391799
London,51.5074,-0.1278,2025-02-06 11:21:48.995285,15.960268206297474,0.7353509364081181,6.538833992764233
London,51.5074,-0.1278,2025-02-07 11:21:48.995285,15.957275458131178,0.5811183500402609,6.427245065142193
London,51.5074,-0.1278,2025-02-08 11:21:48.995285,15.404916819388257,0.6418682204230951,5.805842151317938
London,51.5074,-0.1278,2025-02-09 11:21:48.995285,15.244454313721539,0.7510114030999506,6.506177053170404
London,51.5074,-0.1278,2025-02-10 11:21:48.995285,15.930323681945701,0.5157270826503918,6.590537579195862
London,51.5074,-0.1278,2025-02-11 11:21:48.995285,15.861309745480247,0.6806826910174555,6.34625198273573
London,51.5074,-0.1278,2025-02-12 11:21:48.995285,15.772673787610413,0.6891168511131742,6.153608915334582
London,51.5074,-0.1278,2025-02-13 11:21:48.995285,15.942768449378812,0.7917570990495586,6.235818062065505
London,51.5074,-0.1278,2025-02-14 11:21:48.995285,15.435961255483827,0.7562623019797609,6.72925628484067
London,51.5074,-0.1278,2025-02-15 11:21:48.995285,15.772522188654296,0.6985507492548635,7.091757431914072
London,51.5074,-0.1278,2025-02-16 11:21:48.995285,16.258884724725107,0.3825409711409212,6.91473000227163
London,51.5074,-0.1278,2025-02-17 11:21:48.995285,15.819232866718309,0.6775136789807109,6.096696198550834
London,51.5074,-0.1278,2025-02-18 11:21:48.995285,15.159932760250904,0.6424579728962496,6.756388193165211
London,51.5074,-0.1278,2025-02-19 11:21:48.995285,15.76097883424637,0.5839141164757847,6.301051287257213
London,51.5074,-0.1278,2025-02-20 11:21:48.995285,15.463356189402134,0.37164139023412956,6.325319881247367
London,51.5074,-0.1278,2025-02-21 11:21:48.995285,16.13281815947055,0.45327720077467915,6.361407320608615
London,51.5074,-0.1278,2025-02-22 11:21:48.995285,16.159187203670104,0.4005266162484056,6.711820084956629
London,51.5074,-0.1278,2025-02-23 11:21:48.995285,15.170603427193175,0.3019419548047664,6.787776012934711
London,51.5074,-0.1278,2025-02-24 11:21:48.995285,16.379423143945832,0.4893811087676676,6.470590678616063
London,51.5074,-0.1278,2025-02-25 11:21:48.995285,15.443453130048077,0.3961324769094049,6.475678777697593
London,51.5074,-0.1278,2025-02-26 11:21:48.995285,16.77847086082621,0.7247158581000115,6.639279122970738
London,51.5074,-0.1278,2025-02-27 11:21:48.995285,15.973529028615083,0.4316235350751768,6.670398361857273
London,51.5074,-0.1278,2025-02-28 11:21:48.995285,15.373462152484588,0.5642525104111895,6.8528677120275585
London,51.5074,-0.1278,2025-03-01 11:21:48.995285,15.424112275754357,0.26442094161324703,6.1146884073472405
London,51.5074,-0.1278,2025-03-02 11:21:48.995285,16.167304495161087,0.35486877330726824,6.506008201941209
London,51.5074,-0.1278,2025-03-03 11:21:48.995285,15.795464119044267,0.4042235905122286,6.179592687232646
London,51.5074,-0.1278,2025-03-04 11:21:48.995285,15.94035063542327,0.2904994774298369,6.484717316280979
London,51.5074,-0.1278,2025-03-05 11:21:48.995285,16.79233826631235,0.32601653862971347,6.4321474136957715
London,51.5074,-0.1278,2025-03-06 11:21:48.995285,15.633304519865446,0.33351941708373917,6.485975163829189
London,51.5074,-0.1278,2025-03-07 11:21:48.995285,16.009595120493344,0.319173090792924,6.26007713356684
London,51.5074,-0.1278,2025-03-08 11:21:48.995285,16.685932794318894,0.515511721315713,6.053813062037771
London,51.5074,-0.1278,2025-03-09 11:21:48.995285,16.107374934362262,0.35545995113976736,5.871668741985529
London,51.5074,-0.1278,2025-03-10 11:21:48.995285,15.164636415345061,0.3534419734506542,6.460645953720548
London,51.5074,-0.1278,2025-03-11 11:21:48.995285,16.216165054430217,0.347540521028166,6.3706996682501185
London,51.5074,-0.1278,2025-03-12 11:21:48.995285,15.377216388095574,0.34316646231745096,6.297218700558852
London,51.5074,-0.1278,2025-03-13 11:21:48.995285,16.657084760996927,0.2622023944507837,6.8967645388494985
London,51.5074,-0.1278,2025-03-14 11:21:48.995285,15.536927777513183,0.2272757375621463,6.242168543961407
London,51.5074,-0.1278,2025-03-15 11:21:48.995285,17.427515897263252,0.265176480113494,6.925050224641641
London,51.5074,-0.1278,2025-03-16 11:21:48.995285,16.67056934045927,0.3536178520077133,6.987153123280777
London,51.5074,-0.1278,2025-03-17 11:21:48.995285,15.53241764622399,0.340314455052832,5.9147298599631855
London,51.5074,-0.1278,2025-03-18 11:21:48.995285,15.9342976246939,0.1937267083882879,6.527714437699691
London,51.5074,-0.1278,2025-03-19 11:21:48.995285,16.294405766876125,0.2849613478322161,6.3800910527492025
London,51.5074,-0.1278,2025-03-20 11:21:48.995285,16.30243486720757,0.17947480268322988,5.626458816584821
London,51.5074,-0.1278,2025-03-21 11:21:48.995285,16.124523932312783,0.19343343839670818,6.0666076240794755
London,51.5074,-0.1278,2025-03-22 11:21:48.995285,16.521918809217965,0.1341745163315341,6.732480832132542
London,51.5074,-0.1278,2025-03-23 11:21:48.995285,15.826572849312308,0.15522026553101032,7.105759775813379
London,51.5074,-0.1278,2025-03-24 11:21:48.995285,15.696653369685519,0.29976281518751335,6.7708034428097745
London,51.5074,-0.1278,2025-03-25 11:21:48.995285,15.698274324747016,0.16751324683399285,6.597089741753893
London,51.5074,-0.1278,2025-03-26 11:21:48.995285,16.292328744035977,0.4945371701145093,6.493600285510674
London,51.5074,-0.1278,2025-03-27 11:21:48.995285,16.03691268990115,5.529302240694922e-05,7.004798874394434
London,51.5074,-0.1278,2025-03-28 11:21:48.995285,15.990890890198191,0.10773328830685336,7.144471760587292
London,51.5074,-0.1278,2025-03-29 11:21:48.995285,16.23354260404723,0.10883505920176978,6.323947196142744
London,51.5074,-0.1278,2025-03-30 11:21:48.995285,14.80082799479698,0.0447960790404677,5.900004031906913
London,51.5074,-0.1278,2025-03-31 11:21:48.995285,15.97157246338349,0.1250620838141881,5.87054376101864
London,51.5074,-0.1278,2025-04-01 11:21:48.995285,15.915764390757802,0.07560937232505638,6.896564297647941
London,51.5074,-0.1278,2025-04-02 11:21:48.995285,16.630586904432967,0.12261136609869873,6.4858824377676845
London,51.5074,-0.1278,2025-04-03 11:21:48.995285,15.021355863946882,0.12330302233026895,6.554972573137616
London,51.5074,-0.1278,2025-04-04 11:21:48.995285,16.55347735755542,0.012579087559539529,5.962804702112986
London,51.5074,-0.1278,2025-04-05 11:21:48.995285,15.801593177252876,0.06575056176614892,6.2740433261634605
London,51.5074,-0.1278,2025-04-06 11:21:48.995285,15.997161592862032,0.11129180267870152,6.411355755829765
London,51.5074,-0.1278,2025-04-07 11:21:48.995285,16.579181404653283,0.2203878186753936,6.5623515150092215
London,51.5074,-0.1278,2025-04-08 11:21:48.995285,16.009938188089272,0.12650505293341716,6.380422388325872
London,51.5074,-0.1278,2025-04-09 11:21:48.995285,15.917861058407244,0.03398796973331432,6.188802140509598
London,51.5074,-0.1278,2025-04-10 11:21:48.995285,15.826729203008338,0.13990418002990918,6.2646299022192435
London,51.5074,-0.1278,2025-04-11 11:21:48.995285,15.451542159389788,0.27105488443630266,6.86249698578417
London,51.5074,-0.1278,2025-04-12 11:21:48.995285,15.66652884722182,0.19274065801563964,6.57343538588105
London,51.5074,-0.1278,2025-04-13 11:21:48.995285,15.310307481152158,0.1570654902859812,6.683647042086665
London,51.5074,-0.1278,2025-04-14 11:21:48.995285,15.632872907496344,0.17658601951329092,6.230337856736801
London,51.5074,-0.1278,2025-04-15 11:21:48.995285,14.474089364709014,0.25020587744202616,5.613852954379813
London,51.5074,-0.1278,2025-04-16 11:21:48.995285,15.84328259837961,0.21642334279950332,6.343068707934651
London,51.5074,-0.1278,2025-04-17 11:21:48.995285,15.554415973071515,0.16865046937116293,6.240028833672351
London,51.5074,-0.1278,2025-04-18 11:21:48.995285,15.433522194891541,0.22241230841008816,6.604703680588424
London,51.5074,-0.1278,2025-04-19 11:21:48.995285,15.697664294262545,0.011412283855532432,7.485717114104553
London,51.5074,-0.1278,2025-04-20 11:21:48.995285,14.856990306421604,0.0,6.708549805285477
London,51.5074,-0.1278,2025-04-21 11:21:48.995285,16.524224260720818,0.14469319163270436,7.320788047815046
London,51.5074,-0.1278,2025-04-22 11:21:48.995285,15.493856707796851,0.14121687569092037,6.670630908601835
London,51.5074,-0.1278,2025-04-23 11:21:48.995285,15.457807831675838,0.08575664678777686,6.311034128728186
London,51.5074,-0.1278,2025-04-24 11:21:48.995285,15.033364285949391,0.2289582630054255,6.604374823436265
London,51.5074,-0.1278,2025-04-25 11:21:48.995285,15.513215004670405,0.0,7.034191579843313
London,51.5074,-0.1278,2025-04-26 11:21:48.995285,16.17975265224533,0.10659593778320853,7.048868778896372
London,51.5074,-0.1278,2025-04-27 11:21:48.995285,15.989117612389881,0.11903619496591533,6.327398789587076
London,51.5074,-0.1278,2025-04-28 11:21:48.995285,15.883125569078736,0.011754197887109546,6.57595510870979
London,51.5074,-0.1278,2025-04-29 11:21:48.995285,15.71371826018413,0.33309483802421946,6.0712199360986565
London,51.5074,-0.1278,2025-04-30 11:21:48.995285,15.24572907618825,0.05631394238009241,6.747400587407429
London,51.5074,-0.1278,2025-05-01 11:21:48.995285,14.68427437529727,0.1423771591906094,6.966006409716768
London,51.5074,-0.1278,2025-05-02 11:21:48.995285,15.293070890723149,0.30134036046214846,6.511939836234805
London,51.5074,-0.1278,2025-05-03 11:21:48.995285,15.259772232937127,0.2848212035222143,6.299784783691962
London,51.5074,-0.1278,2025-05-04 11:21:48.995285,15.886110950565389,0.11940508281834705,6.608039285383269
London,51.5074,-0.1278,2025-05-05 11:21:48.995285,15.500307533900642,0.30879709651207093,6.62523770940895
London,51.5074,-0.1278,2025-05-06 11:21:48.995285,16.135564246176305,0.2801597484894749,6.524343149554886
London,51.5074,-0.1278,2025-05-07 11:21:48.995285,15.911851310954916,0.49541288142684115,6.553614537300786
London,51.5074,-0.1278,2025-05-08 11:21:48.995285,15.068465014521443,0.3137133390903831,6.4478555448591885
London,51.5074,-0.1278,2025-05-09 11:21:48.995285,14.382666076889281,0.27067374927782717,6.798786478467922
London,51.5074,-0.1278,2025-05-10 11:21:48.995285,15.956453109698748,0.21088142674721605,6.720868233549538
London,51.5074,-0.1278,2025-05-11 11:21:48.995285,15.926714792096309,0.2340821272581275,6.205069055856756
London,51.5074,-0.1278,2025-05-12 11:21:48.995285,14.5471998747795,0.2381313537570199,6.1968228190524215
London,51.5074,-0.1278,2025-05-13 11:21:48.995285,15.968140925353547,0.47023244034626543,6.423687674892031
London,51.5074,-0.1278,2025-05-14 11:21:48.995285,15.387731475089836,0.3475316290042041,6.721051137231553
London,51.5074,-0.1278,2025-05-15 11:21:48.995285,15.260109334788389,0.4150542635269242,6.544417224167244
London,51.5074,-0.1278,2025-05-16 11:21:48.995285,15.970198640062181,0.5229168953211426,6.307054876963203
London,51.5074,-0.1278,2025-05-17 11:21:48.995285,15.818141783535182,0.14876061262700954,6.578455579017749
London,51.5074,-0.1278,2025-05-18 11:21:48.995285,15.454413653450182,0.5257460584235623,6.400756844143318
London,51.5074,-0.1278,2025-05-19 11:21:48.995285,15.348267540027686,0.41677108597666673,6.764145938067239
London,51.5074,-0.1278,2025-05-20 11:21:48.995285,15.402733895082378,0.46821415322674687,6.5999175305201145
London,51.5074,-0.1278,2025-05-21 11:21:48.995285,14.877357762292199,0.35543614955946246,6.405416543764357
London,51.5074,-0.1278,2025-05-22 11:21:48.995285,15.032662552499634,0.376404342195407,6.5694556316139385
London,51.5074,-0.1278,2025-05-23 11:21:48.995285,14.59186365570726,0.5144986694863202,6.894514417857261
London,51.5074,-0.1278,2025-05-24 11:21:48.995285,14.859298552357673,0.7178119131438453,6.329110977036087
London,51.5074,-0.1278,2025-05-25 11:21:48.995285,14.825290057554223,0.593445988819156,6.620797094494148
London,51.5074,-0.1278,2025-05-26 11:21:48.995285,14.67374031830048,0.6334376346041876,6.4788618978602015
London,51.5074,-0.1278,2025-05-27 11:21:48.995285,15.0425548110971,1.5043432195894775,6.62809510515863
London,51.5074,-0.1278,2025-05-28 11:21:48.995285,14.794987341645182,0.4743654970364157,6.303630517521281
London,51.5074,-0.1278,2025-05-29 11:21:48.995285,15.190904082810194,0.4700027228018416,6.533100629947813
London,51.5074,-0.1278,2025-05-30 11:21:48.995285,14.111453214119654,0.5128961557960438,6.83234698472504
London,51.5074,-0.1278,2025-05-31 11:21:48.995285,14.84878585312915,0.3700124406202452,6.218897905626168
London,51.5074,-0.1278,2025-06-01 11:21:48.995285,14.954116812967053,0.516276670912506,6.101178469002475
London,51.5074,-0.1278,2025-06-02 11:21:48.995285,14.715937202628979,0.5461060024404905,6.112563330653911
London,51.5074,-0.1278,2025-06-03 11:21:48.995285,14.76800445317551,0.5978571557127593,6.148801240939943
London,51.5074,-0.1278,2025-06-04 11:21:48.995285,14.044569981696554,0.6416828756516747,6.6785969863678
London,51.5074,-0.1278,2025-06-05 11:21:48.995285,14.998471966609182,0.6777155357331097,6.078242094240361
London,51.5074,-0.1278,2025-06-06 11:21:48.995285,15.127130101489959,0.6527728252531468,6.410631396576941
London,51.5074,-0.1278,2025-06-07 11:21:48.995285,15.033247731662087,0.608733132410651,6.685486790993212
London,51.5074,-0.1278,2025-06-08 11:21:48.995285,15.28905785949048,0.482955872369612,6.624997718164578
London,51.5074,-0.1278,2025-06-09 11:21:48.995285,14.853742622410316,1.9018880256184074,6.384332306011254
London,51.5074,-0.1278,2025-06-10 11:21:48.995285,14.975675097597462,0.6062233137721413,6.557277119526532
London,51.5074,-0.1278,2025-06-11 11:21:48.995285,14.79781469402921,0.7618087434431802,6.53214359892127
London,51.5074,-0.1278,2025-06-12 11:21:48.995285,15.047062540522758,0.8176094421858163,6.432727713335544
London,51.5074,-0.1278,2025-06-13 11:21:48.995285,13.898278140998112,0.8317477814902994,6.436749584403626
London,51.5074,-0.1278,2025-06-14 11:21:48.995285,14.223801033786465,0.8245139729891291,7.170628230427088
London,51.5074,-0.1278,2025-06-15 11:21:48.995285,15.447837515845812,0.7460992508687438,6.74279327117939
London,51.5074,-0.1278,2025-06-16 11:21:48.995285,13.40806835822213,0.7175818909855886,7.2441952752536425
London,51.5074,-0.1278,2025-06-17 11:21:48.995285,14.552203069883364,0.7050730554539522,6.35091106012385
London,51.5074,-0.1278,2025-06-18 11:21:48.995285,15.192547203147567,0.6387077236581897,6.474510020933556
London,51.5074,-0.1278,2025-06-19 11:21:48.995285,14.544013708413498,0.8979742051294076,6.100362270417006
London,51.5074,-0.1278,2025-06-20 11:21:48.995285,14.372494124305097,0.7902948269605777,6.257129959373128
London,51.5074,-0.1278,2025-06-21 11:21:48.995285,14.624192054057156,0.6917442333406236,7.07057394459875
London,51.5074,-0.1278,2025-06-22 11:21:48.995285,14.367533216490319,0.7419664860319211,6.343389713047473
London,51.5074,-0.1278,2025-06-23 11:21:48.995285,14.544265238704606,0.745770904903068,7.075784390043338
London,51.5074,-0.1278,2025-06-24 11:21:48.995285,14.172036774631247,2.5326878553375716,6.126991321796033
London,51.5074,-0.1278,2025-06-25 11:21:48.995285,15.053095396532086,0.9537293269989073,6.183959289778017
London,51.5074,-0.1278,2025-06-26 11:21:48.995285,15.195570069516979,0.8188280490177872,6.397630633692974
London,51.5074,-0.1278,2025-06-27 11:21:48.995285,14.402574790782255,0.6345989963825324,6.480875023496247
London,51.5074,-0.1278,2025-06-28 11:21:48.995285,13.761514851113727,0.8467331617582414,6.776926187735039
London,51.5074,-0.1278,2025-06-29 11:21:48.995285,14.178489152433126,0.855397283421959,6.6352311251558795
London,51.5074,-0.1278,2025-06-30 11:21:48.995285,14.334233402044193,0.8534504000832059,6.375105422796792
London,51.5074,-0.1278,2025-07-01 11:21:48.995285,14.664984186159131,0.8176764898704915,6.460005258044568
London,51.5074,-0.1278,2025-07-02 11:21:48.995285,13.894369325189738,0.9061958216215046,6.40428112406459
London,51.5074,-0.1278,2025-07-03 11:21:48.995285,14.000134240715596,0.8946396802555031,6.225603879402281
London,51.5074,-0.1278,2025-07-04 11:21:48.995285,14.62657525433357,0.888656305189598,6.233611119019513
London,51.5074,-0.1278,2025-07-05 11:21:48.995285,14.827399702783216,0.9350536628451335,6.808365167430023
London,51.5074,-0.1278,2025-07-06 11:21:48.995285,14.034046620205572,0.8529897157201559,5.951550521621858
London,51.5074,-0.1278,2025-07-07 11:21:48.995285,13.66532760881097,0.8490285957875154,6.985207609233516
London,51.5074,-0.1278,2025-07-08 11:21:48.995285,15.961285691166927,1.0369423182018023,6.397101732319331
London,51.5074,-0.1278,2025-07-09 11:21:48.995285,14.69837089165738,0.955635545467417,6.2682474180823515
London,51.5074,-0.1278,2025-07-10 11:21:48.995285,14.160914509009306,0.982690901988756,6.7219277872091805
London,51.5074,-0.1278,2025-07-11 11:21:48.995285,14.716838724089458,1.0224289708083498,6.945564975244135
London,51.5074,-0.1278,2025-07-12 11:21:48.995285,14.208214131056302,0.9517612824086369,6.835289732481187
London,51.5074,-0.1278,2025-07-13 11:21:48.995285,14.692356433701498,0.9908809923538962,6.650555614807967
London,51.5074,-0.1278,2025-07-14 11:21:48.995285,14.327029771356102,0.7385111093903558,6.8260590469165505
London,51.5074,-0.1278,2025-07-15 11:21:48.995285,14.281747336293243,0.9147946471851348,5.985050726856841
London,51.5074,-0.1278,2025-07-16 11:21:48.995285,14.168325024517564,0.8735736304767633,6.343450837553555
London,51.5074,-0.1278,2025-07-17 11:21:48.995285,13.490659478189741,1.0566156877416055,6.226648981992547
London,51.5074,-0.1278,2025-07-18 11:21:48.995285,15.172864585913954,0.9781527726059898,6.867391619364552
London,51.5074,-0.1278,2025-07-19 11:21:48.995285,13.722753093545183,0.8184278795728602,6.384956594322834
London,51.5074,-0.1278,2025-07-20 11:21:48.995285,13.503450160398787,0.914383873209089,6.753621967034617
London,51.5074,-0.1278,2025-07-21 11:21:48.995285,14.067215859897908,0.8890577057601158,6.660757082746591
London,51.5074,-0.1278,2025-07-22 11:21:48.995285,13.68333861382611,0.9124665937389806,6.241307919150896
London,51.5074,-0.1278,2025-07-23 11:21:48.995285,14.128894547366802,0.7594580739924084,6.323912537007114
London,51.5074,-0.1278,2025-07-24 11:21:48.995285,14.489559754531058,0.8912245755756198,6.888145307244418
London,51.5074,-0.1278,2025-07-25 11:21:48.995285,14.634509322214699,0.8258673925549052,6.267355205394676
London,51.5074,-0.1278,2025-07-26 11:21:48.995285,14.53565904210152,0.8699738443054909,6.5374602830586435
London,51.5074,-0.1278,2025-07-27 11:21:48.995285,13.967171768633625,0.7619316752552378,6.265237614102067
London,51.5074,-0.1278,2025-07-28 11:21:48.995285,14.1367385912013,0.7681089034387066,6.4058143439252415
London,51.5074,-0.1278,2025-07-29 11:21:48.995285,14.308100234713837,0.9358573475497165,6.486151416809008
London,51.5074,-0.1278,2025-07-30 11:21:48.995285,13.21775048570428,2.1143965821384016,6.265140046910752
London,51.5074,-0.1278,2025-07-31 11:21:48.995285,14.374687719965713,0.7032912909085987,6.211865913804836
London,51.5074,-0.1278,2025-08-01 11:21:48.995285,13.35376673014869,0.7866648959130376,6.585882001033233
London,51.5074,-0.1278,2025-08-02 11:21:48.995285,15.09588257726015,0.7050444065242754,6.2465787773626475
London,51.5074,-0.1278,2025-08-03 11:21:48.995285,13.867018526641173,0.6838065005645266,6.256802733290399
London,51.5074,-0.1278,2025-08-04 11:21:48.995285,13.970681065107273,0.7725701400044633,6.218284056889408
London,51.5074,-0.1278,2025-08-05 11:21:48.995285,13.672385306990652,0.6009985401479635,6.476627586100604
London,51.5074,-0.1278,2025-08-06 11:21:48.995285,13.736653404059984,0.6398534017986051,6.783110490319952
London,51.5074,-0.1278,2025-08-07 11:21:48.995285,15.183365787941174,0.9349184654540945,6.95195859089368
London,51.5074,-0.1278,2025-08-08 11:21:48.995285,14.511467027324354,0.7640436813131614,6.282224574201867
London,51.5074,-0.1278,2025-08-09 11:21:48.995285,132.61928228861933,0.6317686211793504,7.1450932379993635
London,51.5074,-0.1278,2025-08-10 11:21:48.995285,14.78416866731855,0.736330590670096,6.198588541787961
London,51.5074,-0.1278,2025-08-11 11:21:48.995285,14.624502940941655,0.739095725102047,6.825064556998361
London,51.5074,-0.1278,2025-08-12 11:21:48.995285,13.883383218223488,0.7694415779968458,6.283491063795367
London,51.5074,-0.1278,2025-08-13 11:21:48.995285,14.173734779369429,0.6447205077169137,6.238723019038997
London,51.5074,-0.1278,2025-08-14 11:21:48.995285,14.00960140830948,0.7423352625691958,6.2765731529646835
London,51.5074,-0.1278,2025-08-15 11:21:48.995285,15.000341802259635,0.42791874040159505,6.484265690105264
London,51.5074,-0.1278,2025-08-16 11:21:48.995285,13.613177315271614,0.5130543146618207,6.673991651310083
London,51.5074,-0.1278,2025-08-17 11:21:48.995285,14.081891240894409,0.6218533372648489,6.7009604113714465
London,51.5074,-0.1278,2025-08-18 11:21:48.995285,13.792670485236183,0.6250856213730241,6.216804495395634
London,51.5074,-0.1278,2025-08-19 11:21:48.995285,13.288374486590374,0.48749092715056686,6.20310221374662
London,51.5074,-0.1278,2025-08-20 11:21:48.995285,15.099160225773323,0.5910648043017228,6.225008391990936
London,51.5074,-0.1278,2025-08-21 11:21:48.995285,13.411299549583402,0.48911524611230617,6.466593679284347
London,51.5074,-0.1278,2025-08-22 11:21:48.995285,14.111184878158854,0.5101187905041635,6.436953318742738
London,51.5074,-0.1278,2025-08-23 11:21:48.995285,13.130103416122475,0.6265626910128184,6.214947361379061
London,51.5074,-0.1278,2025-08-24 11:21:48.995285,13.800548071723714,0.601221125779713,6.580881108218973
London,51.5074,-0.1278,2025-08-25 11:21:48.995285,14.210993670980537,0.3968511685081987,7.178770642500595
London,51.5074,-0.1278,2025-08-26 11:21:48.995285,13.587864508268929,0.3770659605961774,6.348585361449454
London,51.5074,-0.1278,2025-08-27 11:21:48.995285,14.294150914128144,0.42792806875128353,6.36994645363894
London,51.5074,-0.1278,2025-08-28 11:21:48.995285,13.867044032900395,0.4526617670340298,6.667898471097311
London,51.5074,-0.1278,2025-08-29 11:21:48.995285,14.582716283091152,0.3758904723745759,6.332355112478962
London,51.5074,-0.1278,2025-08-30 11:21:48.995285,14.684961460522933,0.5321576099897423,6.700689344515455
London,51.5074,-0.1278,2025-08-31 11:21:48.995285,13.712409712741042,0.44933061799493706,6.284437187966288
London,51.5074,-0.1278,2025-09-01 11:21:48.995285,14.046144220278547,0.44179963879506906,7.04963588227319
London,51.5074,-0.1278,2025-09-02 11:21:48.995285,14.101794618148762,0.26125384702581644,6.6034324917776885
London,51.5074,-0.1278,2025-09-03 11:21:48.995285,14.322325205323363,0.4914862553640472,6.313993115276986
London,51.5074,-0.1278,2025-09-04 11:21:48.995285,14.022717181370039,0.07973819270763782,6.323392490159218
London,51.5074,-0.1278,2025-09-05 11:21:48.995285,14.113799009399811,0.43232235910335093,6.3458600741875895
London,51.5074,-0.1278,2025-09-06 11:21:48.995285,13.900448421096783,0.4296887902408283,6.911824899874662
London,51.5074,-0.1278,2025-09-07 11:21:48.995285,14.083519478313589,0.280552367532006,6.119374697719615
London,51.5074,-0.1278,2025-09-08 11:21:48.995285,14.67890617491606,0.4388272186551967,6.2996174988621485
London,51.5074,-0.1278,2025-09-09 11:21:48.995285,14.357301682951073,0.29319351932625537,6.331501832922372
London,51.5074,-0.1278,2025-09-10 11:21:48.995285,14.389498035849384,0.293951151067971,6.495293609972919
London,51.5074,-0.1278,2025-09-11 11:21:48.995285,14.405300335475882,0.31011717377635134,6.418667092205962
London,51.5074,-0.1278,2025-09-12 11:21:48.995285,13.972039094764328,0.5835433902641164,6.052631650582861
London,51.5074,-0.1278,2025-09-13 11:21:48.995285,14.213817134362623,0.3883295508229698,6.38005319492136
London,51.5074,-0.1278,2025-09-14 11:21:48.995285,13.517557102890231,0.3132912347766661,6.470134795044509
London,51.5074,-0.1278,2025-09-15 11:21:48.995285,14.700566599335552,0.14149400565446715,6.311570649476065
London,51.5074,-0.1278,2025-09-16 11:21:48.995285,12.680978100249193,0.237046491793158,6.706032646714299
London,51.5074,-0.1278,2025-09-17 11:21:48.995285,14.035454516115653,0.13161682514497666,6.775822528626094
London,51.5074,-0.1278,2025-09-18 11:21:48.995285,14.656320000389805,0.28572228038884295,6.476483990081182
London,51.5074,-0.1278,2025-09-19 11:21:48.995285,13.411052220382693,0.20849125245726882,6.569162476055219
London,51.5074,-0.1278,2025-09-20 11:21:48.995285,14.300259089156182,0.0732878900071247,5.851683200795219
London,51.5074,-0.1278,2025-09-21 11:21:48.995285,13.767635430250937,0.18552047981347267,6.373669168351451
London,51.5074,-0.1278,2025-09-22 11:21:48.995285,13.931530857462201,0.08451657353880575,6.801446507527373
London,51.5074,-0.1278,2025-09-23 11:21:48.995285,14.597078775175476,0.17702199919252973,6.372969025046217
London,51.5074,-0.1278,2025-09-24 11:21:48.995285,14.231572108212978,0.06883541714350994,6.278821497082411
London,51.5074,-0.1278,2025-09-25 11:21:48.995285,13.124058107782016,0.15074388174666706,7.183306677809279
London,51.5074,-0.1278,2025-09-26 11:21:48.995285,13.661970138606673,0.2167112698995458,7.045723157058742
London,51.5074,-0.1278,2025-09-27 11:21:48.995285,14.647049461809901,0.13045294876980296,6.6402724737446475
London,51.5074,-0.1278,2025-09-28 11:21:48.995285,14.393300732730692,0.09119488440552379,6.841673183444014
London,51.5074,-0.1278,2025-09-29 11:21:48.995285,15.052591232959728,0.1455750835875738,5.832219374612577
London,51.5074,-0.1278,2025-09-30 11:21:48.995285,15.029784737999288,0.19037363007441668,6.2637345678113885
London,51.5074,-0.1278,2025-10-01 11:21:48.995285,14.027516346751927,0.0057945462169054635,6.359012638048054
London,51.5074,-0.1278,2025-10-02 11:21:48.995285,15.460673245777967,0.1388905022608946,6.4292059703399165
London,51.5074,-0.1278,2025-10-03 11:21:48.995285,14.23194398385518,0.2413498616487928,6.353016793707811
London,51.5074,-0.1278,2025-10-04 11:21:48.995285,13.749250905911548,0.1641950755356787,5.734992112545096
London,51.5074,-0.1278,2025-10-05 11:21:48.995285,13.924874258566149,0.11030437857378662,6.615807385612568
London,51.5074,-0.1278,2025-10-06 11:21:48.995285,13.124665359658735,0.16667101096292375,6.663096238484182
London,51.5074,-0.1278,2025-10-07 11:21:48.995285,15.068092481160654,0.1465860849086002,6.980569637476995
London,51.5074,-0.1278,2025-10-08 11:21:48.995285,15.07373695622602,0.1758082246819679,6.263507220567511
London,51.5074,-0.1278,2025-10-09 11:21:48.995285,13.780589658311566,0.0,6.238951052666029
London,51.5074,-0.1278,2025-10-10 11:21:48.995285,14.1865995287574,0.0,5.696004654210659
London,51.5074,-0.1278,2025-10-11 11:21:48.995285,14.360751004832622,0.20110874648609794,6.411929949022734
London,51.5074,-0.1278,2025-10-12 11:21:48.995285,13.845379855095997,0.0,6.7703335343186515
London,51.5074,-0.1278,2025-10-13 11:21:48.995285,13.460814366122142,0.1432649798047475,6.316469641342184
London,51.5074,-0.1278,2025-10-14 11:21:48.995285,14.246191637076562,0.0698552574391762,7.143033445563095
London,51.5074,-0.1278,2025-10-15 11:21:48.995285,14.204027984380199,0.00785848733175648,6.423021549263143
London,51.5074,-0.1278,2025-10-16 11:21:48.995285,14.183747631064746,0.14532479364577902,6.544097685286567
London,51.5074,-0.1278,2025-10-17 11:21:48.995285,14.502881161185357,0.13380737530971498,6.091069075825522
London,51.5074,-0.1278,2025-10-18 11:21:48.995285,15.120033142302233,0.32854033457287524,6.586166103552584
London,51.5074,-0.1278,2025-10-19 11:21:48.995285,14.267653366700335,0.0592803245755539,5.906204061544192
London,51.5074,-0.1278,2025-10-20 11:21:48.995285,14.518519743069563,0.27047612047774705,6.708109386503944
London,51.5074,-0.1278,2025-10-21 11:21:48.995285,14.810999948704847,0.1668537763517774,6.717328452870624
London,51.5074,-0.1278,2025-10-22 11:21:48.995285,14.739066291718077,0.07109228672467452,6.907787427300953
London,51.5074,-0.1278,2025-10-23 11:21:48.995285,14.169372630410528,0.2231321071679051,6.194009384369694
London,51.5074,-0.1278,2025-10-24 11:21:48.995285,14.539517617704913,0.20621716838769802,6.548168635489226
London,51.5074,-0.1278,2025-10-25 11:21:48.995285,14.77999435992455,0.1600787461754836,6.669144967815951
London,51.5074,-0.1278,2025-10-26 11:21:48.995285,13.957090491128822,0.19038217339027114,6.632684491499093
London,51.5074,-0.1278,2025-10-27 11:21:48.995285,15.168219234495401,0.11171067557448094,6.240410217459544
London,51.5074,-0.1278,2025-10-28 11:21:48.995285,15.267565110866643,0.09687685220467868,5.782405433133158
London,51.5074,-0.1278,2025-10-29 11:21:48.995285,14.205834279727322,0.2638258769539478,6.604088089065344
London,51.5074,-0.1278,2025-10-30 11:21:48.995285,14.679641406561768,0.17428373417724746,6.454250096507024
London,51.5074,-0.1278,2025-10-31 11:21:48.995285,14.919651139129542,0.19782489098949613,6.329998822111568
London,51.5074,-0.1278,2025-11-01 11:21:48.995285,14.341529515592017,0.24331951068171762,6.7291836091146395
London,51.5074,-0.1278,2025-11-02 11:21:48.995285,14.871082379953375,0.251707727588914,6.48652413855367
London,51.5074,-0.1278,2025-11-03 11:21:48.995285,14.72795169096971,0.09241350560568187,6.10424148416966
London,51.5074,-0.1278,2025-11-04 11:21:48.995285,13.928518011586487,0.37445228828941474,5.920564313271133
London,51.5074,-0.1278,2025-11-05 11:21:48.995285,14.908310996296914,0.2687274671440169,6.16131102046005
London,51.5074,-0.1278,2025-11-06 11:21:48.995285,14.145007567208191,0.24741456433626446,7.217903688430036
London,51.5074,-0.1278,2025-11-07 11:21:48.995285,15.181118992950413,0.32211047524992614,6.7168330321798315
London,51.5074,-0.1278,2025-11-08 11:21:48.995285,14.39243630489895,0.31428797641526646,6.556583702592503
London,51.5074,-0.1278,2025-11-09 11:21:48.995285,14.664003988053238,0.37919604888497854,6.445501721844258
London,51.5074,-0.1278,2025-11-10 11:21:48.995285,15.447466690717338,0.36837825885395387,6.4257821180157695
London,51.5074,-0.1278,2025-11-11 11:21:48.995285,15.026269310260256,0.39867438587945325,6.8501587950077285
London,51.5074,-0.1278,2025-11-12 11:21:48.995285,14.255158540344107,0.4745041948903624,6.352821277428971
London,51.5074,-0.1278,2025-11-13 11:21:48.995285,14.304315004757214,0.4404726377408282,6.673076123205288
London,51.5074,-0.1278,2025-11-14 11:21:48.995285,14.52905546150666,0.3489422181294982,6.3954716149125215
London,51.5074,-0.1278,2025-11-15 11:21:48.995285,15.043013221014052,0.2657413945298012,7.082046989550519
London,51.5074,-0.1278,2025-11-16 11:21:48.995285,15.041871135353118,0.5579965302868091,6.722686552273491
London,51.5074,-0.1278,2025-11-17 11:21:48.995285,14.458240802769211,0.3807585562629086,6.873667044405088
London,51.5074,-0.1278,2025-11-18 11:21:48.995285,14.313293559745386,0.3706474587164996,6.324677067593528
London,51.5074,-0.1278,2025-11-19 11:21:48.995285,15.05482690380547,0.2578100605509649,6.817440833770227
London,51.5074,-0.1278,2025-11-20 11:21:48.995285,14.840267540302598,0.4789358016859046,6.406226772381593
London,51.5074,-0.1278,2025-11-21 11:21:48.995285,16.026988276500614,0.47364798141640274,6.533010447179855
London,51.5074,-0.1278,2025-11-22 11:21:48.995285,14.983880216658793,0.3209675356541239,6.990514301185837
London,51.5074,-0.1278,2025-11-23 11:21:48.995285,15.889913057694303,0.5315587595642188,6.1871674829730745
London,51.5074,-0.1278,2025-11-24 11:21:48.995285,14.41480820094783,0.45018080792985665,6.56097431939162
New York,40.7128,-74.006,2024-11-24 11:21:48.995285,15.484014803598175,0.667369069732134,6.385792793269276
New York,40.7128,-74.006,2024-11-25 11:21:48.995285,16.186624826919957,0.4912573885805867,6.507711464608372
New York,40.7128,-74.006,2024-11-26 11:21:48.995285,15.451839480415076,0.6799886450056847,6.570476915149163
New York,40.7128,-74.006,2024-11-27 11:21:48.995285,14.970202647447701,0.540718019232692,6.593915014645616
New York,40.7128,-74.006,2024-11-28 11:21:48.995285,14.91052957519745,0.5886721310926031,6.843973718394611
New York,40.7128,-74.006,2024-11-29 11:21:48.995285,14.981432807901193,0.5650864220153451,6.170391255479441
New York,40.7128,-74.006,2024-11-30 11:21:48.995285,14.72273477405893,0.5288574376663249,6.6710758170630875
New York,40.7128,-74.006,2024-12-01 11:21:48.995285,15.246407148225378,0.5684636165879489,6.726508338055894
New York,40.7128,-74.006,2024-12-02 11:21:48.995285,14.568047476536112,0.746694403330499,6.795755533700452
New York,40.7128,-74.006,2024-12-03 11:21:48.995285,14.209459927365332,0.39055209159526877,6.076124720175538
New York,40.7128,-74.006,2024-12-04 11:21:48.995285,15.281093985088251,0.5111125653571615,6.5764457655041
New York,40.7128,-74.006,2024-12-05 11:21:48.995285,15.198843242731154,0.575342646220459,7.014822783919556
New York,40.7128,-74.006,2024-12-06 11:21:48.995285,14.919519491650023,0.5527607164387871,6.470263844253013
New York,40.7128,-74.006,2024-12-07 11:21:48.995285,14.580573201698982,0.8241081980617214,6.645048410589287
New York,40.7128,-74.006,2024-12-08 11:21:48.995285,15.383544779462968,0.8111878061464608,6.734118678375555
New York,40.7128,-74.006,2024-12-09 11:21:48.995285,14.76026577583096,0.7567134010034524,6.192359046680522
New York,40.7128,-74.006,2024-12-10 11:21:48.995285,15.20248598210144,0.6455858361984665,7.050147418699992
New York,40.7128,-74.006,2024-12-11 11:21:48.995285,16.17096835994383,0.8544793119464615,6.6498502390906715
New York,40.7128,-74.006,2024-12-12 11:21:48.995285,15.630516109443981,0.573507116781966,6.655850844258028
New York,40.7128,-74.006,2024-12-13 11:21:48.995285,14.636703330501515,0.957589012060844,6.001391786596839
New York,40.7128,-74.006,2024-12-14 11:21:48.995285,14.700097114087962,0.6857099406383159,6.738363439463994
New York,40.7128,-74.006,2024-12-15 11:21:48.995285,15.42958566854825,0.7384503251127675,6.6519231024137415
New York,40.7128,-74.006,2024-12-16 11:21:48.995285,14.682064201861163,0.7318867218399954,6.987257398316619
New York,40.7128,-74.006,2024-12-17 11:21:48.995285,14.384800665626464,0.6773519075028421,6.406620435708694
New York,40.7128,-74.006,2024-12-18 11:21:48.995285,15.667673994854335,0.9866781215792861,6.203702501120468
New York,40.7128,-74.006,2024-12-19 11:21:48.995285,15.57766147977275,0.8822117864698737,6.2953283015677
New York,40.7128,-74.006,2024-12-20 11:21:48.995285,15.658074758189997,0.933665394636289,6.3485065294978105
New York,40.7128,-74.006,2024-12-21 11:21:48.995285,15.579746932649364,0.6981775080637935,6.164346044560588
New York,40.7128,-74.006,2024-12-22 11:21:48.995285,15.430894915066652,0.8466844040213657,6.887048007129798
New York,40.7128,-74.006,2024-12-23 11:21:48.995285,15.147639566277459,0.8883502311869318,6.8983093588795
New York,40.7128,-74.006,2024-12-24 11:21:48.995285,15.751843033203949,2.611743706995916,6.4412624896579835
New York,40.7128,-74.006,2024-12-25 11:21:48.995285,16.27361268805468,0.7343193369508971,6.382172023374742
New York,40.7128,-74.006,2024-12-26 11:21:48.995285,15.272801103643824,0.9643425406968832,5.955355426004206
New York,40.7128,-74.006,2024-12-27 11:21:48.995285,15.02763506643415,0.8749605333995699,6.708788376591081
New York,40.7128,-74.006,2024-12-28 11:21:48.995285,14.984875603462,0.7728921115223536,6.9960320326477525
New York,40.7128,-74.006,2024-12-29 11:21:48.995285,15.133336639624257,0.6880098375739037,6.308841584822133
New York,40.7128,-74.006,2024-12-30 11:21:48.995285,15.682099535691837,0.9389052063198451,6.464964642267081
New York,40.7128,-74.006,2024-12-31 11:21:48.995285,14.524912905183983,1.1275395040499123,6.63028743839472
New York,40.7128,-74.006,2025-01-01 11:21:48.995285,15.82806208233129,0.7847705477273137,7.017325508182972
New York,40.7128,-74.006,2025-01-02 11:21:48.995285,15.944003253588946,0.9066848871102648,6.559932866550528
New York,40.7128,-74.006,2025-01-03 11:21:48.995285,14.736393120918736,1.0035723160178014,6.558628974807956
New York,40.7128,-74.006,2025-01-04 11:21:48.995285,15.159039342896182,0.7679745503474645,6.553795550347941
New York,40.7128,-74.006,2025-01-05 11:21:48.995285,15.701475108164985,0.8488932068586704,6.072490247928898
New York,40.7128,-74.006,2025-01-06 11:21:48.995285,15.602708753680748,0.8123517205327315,6.065962803851041
New York,40.7128,-74.006,2025-01-07 11:21:48.995285,15.946871501357963,0.9978418379446803,6.257601449265538
New York,40.7128,-74.006,2025-01-08 11:21:48.995285,15.628889916293465,1.0324596577273621,6.803867172211212
New York,40.7128,-74.006,2025-01-09 11:21:48.995285,16.344041385669257,0.9158702899350687,6.399392878836202
New York,40.7128,-74.006,2025-01-10 11:21:48.995285,15.563059338774071,0.8153784793346034,6.3411187853593125
New York,40.7128,-74.006,2025-01-11 11:21:48.995285,15.24390052960411,0.8543844669088834,6.33584761875687
New York,40.7128,-74.006,2025-01-12 11:21:48.995285,15.215251154565678,0.8342528882822904,6.458702936458197
New York,40.7128,-74.006,2025-01-13 11:21:48.995285,16.126040063119408,0.7977441499306356,7.010632380230492
New York,40.7128,-74.006,2025-01-14 11:21:48.995285,15.784225397862397,0.8829668007101464,6.454640784290864
New York,40.7128,-74.006,2025-01-15 11:21:48.995285,16.09715380143337,0.9478868686991336,6.2641107783875425
New York,40.7128,-74.006,2025-01-16 11:21:48.995285,16.09750690637137,0.9362008576524776,6.50757368872449
New York,40.7128,-74.006,2025-01-17 11:21:48.995285,14.791436161792756,0.8826638903379675,7.026525081728461
New York,40.7128,-74.006,2025-01-18 11:21:48.995285,15.241497758495639,0.8850500156874049,6.349152584319315
New York,40.7128,-74.006,2025-01-19 11:21:48.995285,15.311164033050504,0.8665974590091948,6.1456984974707165
New York,40.7128,-74.006,2025-01-20 11:21:48.995285,15.423138532119927,0.7399951349606101,6.349702619080875
New York,40.7128,-74.006,2025-01-21 11:21:48.995285,15.630440742346215,0.8802553417359738,6.53862912090453
New York,40.7128,-74.006,2025-01-22 11:21:48.995285,16.34939188883612,0.7999731577484985,6.706472285247602
New York,40.7128,-74.006,2025-01-23 11:21:48.995285,16.458005134467754,0.7172705596734705,6.802065073604674
New York,40.7128,-74.006,2025-01-24 11:21:48.995285,15.7210109396281,0.8823274079315229,6.186284817811302
New York,40.7128,-74.006,2025-01-25 11:21:48.995285,15.75025127448187,0.7769266192993709,6.214746399662279
New York,40.7128,-74.006,2025-01-26 11:21:48.995285,15.53135064791472,0.8533170716154475,6.403021322183753
New York,40.7128,-74.006,2025-01-27 11:21:48.995285,15.93657519507882,0.9073557600353207,6.7053479074090685
New York,40.7128,-74.006,2025-01-28 11:21:48.995285,16.000891311019213,0.7192360699169627,6.121997630704323
New York,40.7128,-74.006,2025-01-29 11:21:48.995285,16.310251590303768,0.8147675733235142,6.317801926874691
New York,40.7128,-74.006,2025-01-30 11:21:48.995285,16.31334735117661,0.6154465161664022,6.322176881176415
New York,40.7128,-74.006,2025-01-31 11:21:48.995285,14.769912262182109,0.9403240745313124,6.782524656609311
New York,40.7128,-74.006,2025-02-01 11:21:48.995285,15.851269209760638,0.6414058410659128,6.658478228199331
New York,40.7128,-74.006,2025-02-02 11:21:48.995285,16.62588724426798,0.7157435794456759,6.771115508314976
New York,40.7128,-74.006,2025-02-03 11:21:48.995285,15.720798594289437,0.8906598756710213,6.901603392269917
New York,40.7128,-74.006,2025-02-04 11:21:48.995285,16.51521729660879,0.7226615473772325,6.408304971473276
New York,40.7128,-74.006,2025-02-05 11:21:48.995285,15.79783061628956,0.6153743322869593,6.143778153543895
New York,40.7128,-74.006,2025-02-06 11:21:48.995285,16.04369656031289,0.7951430281927241,6.145710914645894
New York,40.7128,-74.006,2025-02-07 11:21:48.995285,15.392684437672726,0.7813452654798918,5.948567730482348
New York,40.7128,-74.006,2025-02-08 11:21:48.995285,15.416115658871597,0.6371780914417869,6.362369951100142
New York,40.7128,-74.006,2025-02-09 11:21:48.995285,16.332809707983014,0.6359711509915057,6.384733215550479
New York,40.7128,-74.006,2025-02-10 11:21:48.995285,16.415009595272753,0.6326666166783894,6.736266022041514
New York,40.7128,-74.006,2025-02-11 11:21:48.995285,15.991062794605904,0.6430399874576455,6.505074265152981
New York,40.7128,-74.006,2025-02-12 11:21:48.995285,15.367544348952414,0.46178607838940533,6.352901466697218
New York,40.7128,-74.006,2025-02-13 11:21:48.995285,16.0063760950557,0.6201025389564835,6.465200382151824
New York,40.7128,-74.006,2025-02-14 11:21:48.995285,16.615966922731126,0.8036342361926456,6.188307954885571
New York,40.7128,-74.006,2025-02-15 11:21:48.995285,16.861365730113235,0.522495273356016,6.807621971225386
New York,40.7128,-74.006,2025-02-16 11:21:48.995285,15.833868243254974,0.5404595128453978,6.264225331157148
New York,40.7128,-74.006,2025-02-17 11:21:48.995285,15.164283981765058,0.46704659985627883,6.158020618419231
New York,40.7128,-74.006,2025-02-18 11:21:48.995285,16.416100795924567,0.6331228269297603,6.745364590012241
New York,40.7128,-74.006,2025-02-19 11:21:48.995285,15.859343424880654,0.6786394145821877,6.672249262509156
New York,40.7128,-74.006,2025-02-20 11:21:48.995285,16.469955741936083,0.6626953867664406,5.982894386432297
New York,40.7128,-74.006,2025-02-21 11:21:48.995285,16.139786123748493,0.4061535328040192,6.7565004904130666
New York,40.7128,-74.006,2025-02-22 11:21:48.995285,15.558046449098965,0.5671880662515082,6.277522208271783
New York,40.7128,-74.006,2025-02-23 11:21:48.995285,16.02911292006588,0.6468178021768991,6.387768641730824
New York,40.7128,-74.006,2025-02-24 11:21:48.995285,16.654085842181903,0.5406389346801593,6.556106032308182
New York,40.7128,-74.006,2025-02-25 11:21:48.995285,15.924969286203735,0.5237556573880605,6.675987464785046
New York,40.7128,-74.006,2025-02-26 11:21:48.995285,15.481477133862345,0.4150210422096044,6.633643752406258
New York,40.7128,-74.006,2025-02-27 11:21:48.995285,15.203595076567064,0.47051171139833414,6.485054500728199
New York,40.7128,-74.006,2025-02-28 11:21:48.995285,15.610576558321844,0.5585090127952339,6.3726070013252265
New York,40.7128,-74.006,2025-03-01 11:21:48.995285,15.790037180215206,0.45415174092544586,6.6236662080696345
New York,40.7128,-74.006,2025-03-02 11:21:48.995285,16.403256417226043,0.2830502563047826,6.464483648796731
New York,40.7128,-74.006,2025-03-03 11:21:48.995285,15.430689430087645,0.3489296354802,7.041606337737777
New York,40.7128,-74.006,2025-03-04 11:21:48.995285,16.765553533097158,0.5022428261795033,6.67592270299097
New York,40.7128,-74.006,2025-03-05 11:21:48.995285,15.317372044543234,0.40071093914529743,6.222975312502894
New York,40.7128,-74.006,2025-03-06 11:21:48.995285,17.1486695982584,0.36722071553240065,6.356720014587904
New York,40.7128,-74.006,2025-03-07 11:21:48.995285,16.842372970022726,0.28716233601274344,6.514457653177949
New York,40.7128,-74.006,2025-03-08 11:21:48.995285,16.046593675326363,0.4488597820656219,6.889829364521137
New York,40.7128,-74.006,2025-03-09 11:21:48.995285,15.148271429244266,0.48387858237884207,6.923331502733641
New York,40.7128,-74.006,2025-03-10 11:21:48.995285,15.940225752032854,0.4318098294583272,6.381159583890331
New York,40.7128,-74.006,2025-03-11 11:21:48.995285,15.770050069570896,0.4378342057381962,6.219909735023167
New York,40.7128,-74.006,2025-03-12 11:21:48.995285,15.321574205461834,0.24603320050712302,6.181550707638144
New York,40.7128,-74.006,2025-03-13 11:21:48.995285,16.099185810254166,0.22047418310087985,6.575728627164734
New York,40.7128,-74.006,2025-03-14 11:21:48.995285,15.53654001508435,0.2437158573601123,7.191135292765248
New York,40.7128,-74.006,2025-03-15 11:21:48.995285,15.58530821986563,0.25235219835929157,6.6617282312765305
New York,40.7128,-74.006,2025-03-16 11:21:48.995285,15.835042029009253,0.38103943512889155,6.021826241994797
New York,40.7128,-74.006,2025-03-17 11:21:48.995285,15.643269516685129,0.3442793101560353,6.282198769026199
New York,40.7128,-74.006,2025-03-18 11:21:48.995285,16.963369030748108,0.27161349468257845,6.312825739446526
New York,40.7128,-74.006,2025-03-19 11:21:48.995285,15.649726309559618,0.06505830178071623,6.253399243965528
New York,40.7128,-74.006,2025-03-20 11:21:48.995285,16.131045135791453,0.030131084527509122,6.383631852519734
New York,40.7128,-74.006,2025-03-21 11:21:48.995285,15.976117048429865,0.21409265793335408,6.610818458305983
New York,40.7128,-74.006,2025-03-22 11:21:48.995285,16.072214403364345,0.2695531750470255,6.704594350796794
New York,40.7128,-74.006,2025-03-23 11:21:48.995285,16.10260152443496,0.1654280745230199,6.827529047274993
New York,40.7128,-74.006,2025-03-24 11:21:48.995285,16.320692947276598,0.3571202587303859,6.657260771914153
New York,40.7128,-74.006,2025-03-25 11:21:48.995285,16.004929356518645,0.050027027722025635,5.913754927901348
New York,40.7128,-74.006,2025-03-26 11:21:48.995285,15.975590025493071,0.030482277566711402,6.182808623740606
New York,40.7128,-74.006,2025-03-27 11:21:48.995285,15.883560703983896,0.0783489735007707,6.452571788942243
New York,40.7128,-74.006,2025-03-28 11:21:48.995285,15.776040131183077,0.06842795775100276,6.544183956730244
New York,40.7128,-74.006,2025-03-29 11:21:48.995285,15.380026538588298,0.1855951364444406,6.758425507962877
New York,40.7128,-74.006,2025-03-30 11:21:48.995285,15.795920010013807,0.08553924240045793,6.512955252865032
New York,40.7128,-74.006,2025-03-31 11:21:48.995285,15.937171739078682,0.0,6.515212176159102
New York,40.7128,-74.006,2025-04-01 11:21:48.995285,16.00756222460734,0.2076854470173335,6.571339208941718
New York,40.7128,-74.006,2025-04-02 11:21:48.995285,15.886325250277734,0.0,6.423493478365639
New York,40.7128,-74.006,2025-04-03 11:21:48.995285,15.669172348354447,0.004030899047304581,6.5260655419633435
New York,40.7128,-74.006,2025-04-04 11:21:48.995285,15.746344089769092,0.0,6.837749653703526
New York,40.7128,-74.006,2025-04-05 11:21:48.995285,15.487065370515147,0.12633286772155522,6.474826730364799
New York,40.7128,-74.006,2025-04-06 11:21:48.995285,15.90927882303529,0.12215914561773937,6.490936181964715
New York,40.7128,-74.006,2025-04-07 11:21:48.995285,15.630657896891535,0.29360330766135634,6.489924378569843
New York,40.7128,-74.006,2025-04-08 11:21:48.995285,15.819838023185222,0.19221580126839813,6.8893321441373505
New York,40.7128,-74.006,2025-04-09 11:21:48.995285,16.21807843536724,0.24434610605927715,6.167584001951167
New York,40.7128,-74.006,2025-04-10 11:21:48.995285,15.350904155285969,0.12886466923537326,7.032754068437359
New York,40.7128,-74.006,2025-04-11 11:21:48.995285,15.99162891734222,0.00260681339507024,6.147085443645346
New York,40.7128,-74.006,2025-04-12 11:21:48.995285,15.697378499419703,0.1138807709560874,6.303733921601673
New York,40.7128,-74.006,2025-04-13 11:21:48.995285,16.67866066400391,0.16155493798114987,6.723421480914596
New York,40.7128,-74.006,2025-04-14 11:21:48.995285,15.54700619297733,0.17440774019021626,6.809095008642101
New York,40.7128,-74.006,2025-04-15 11:21:48.995285,15.989637004812096,0.058969258888328824,6.078950294900453
New York,40.7128,-74.006,2025-04-16 11:21:48.995285,15.636439540473823,0.15773931077597722,6.172189441025874
New York,40.7128,-74.006,2025-04-17 11:21:48.995285,14.921132345806582,0.018671634175270693,6.583352842841554
New York,40.7128,-74.006,2025-04-18 11:21:48.995285,15.34127951546535,0.011220327040007957,7.203325816329139
New York,40.7128,-74.006,2025-04-19 11:21:48.995285,16.02802080500667,0.00799892234339003,6.873878834299604
New York,40.7128,-74.006,2025-04-20 11:21:48.995285,15.357425037600187,0.12652017567892157,6.4255708851104565
New York,40.7128,-74.006,2025-04-21 11:21:48.995285,14.44946110499037,0.011199691060690978,5.7742612585772735
New York,40.7128,-74.006,2025-04-22 11:21:48.995285,15.529538930078399,0.09187436573876574,6.524492820326348
New York,40.7128,-74.006,2025-04-23 11:21:48.995285,14.984561899186428,0.23043930728049844,6.6086890410939665
New York,40.7128,-74.006,2025-04-24 11:21:48.995285,15.581971257314212,0.04346002821482402,6.385191457675159
New York,40.7128,-74.006,2025-04-25 11:21:48.995285,16.276815354144784,0.10258625475772945,6.2447828028360215
New York,40.7128,-74.006,2025-04-26 11:21:48.995285,15.87100136251014,0.16723629106660587,6.547749578096417
New York,40.7128,-74.006,2025-04-27 11:21:48.995285,16.23948742204385,0.1922204396069035,6.217321641831812
New York,40.7128,-74.006,2025-04-28 11:21:48.995285,15.175150682786212,0.1254553173164994,7.061734598242618
New York,40.7128,-74.006,2025-04-29 11:21:48.995285,15.36893561753273,0.2623077441708047,6.955023439260145
New York,40.7128,-74.006,2025-04-30 11:21:48.995285,14.902782241565664,0.2512792993248972,6.697373789477829
New York,40.7128,-74.006,2025-05-01 11:21:48.995285,15.067334236295574,0.3151968253575483,6.526913170735795
New York,40.7128,-74.006,2025-05-02 11:21:48.995285,14.930147860513376,0.20238219224692905,6.301950774015932
New York,40.7128,-74.006,2025-05-03 11:21:48.995285,14.724346480597987,0.16893478823370678,6.4937638448327295
New York,40.7128,-74.006,2025-05-04 11:21:48.995285,16.044642043395438,0.1619593502656095,6.991789140562183
New York,40.7128,-74.006,2025-05-05 11:21:48.995285,14.299632165157522,0.2712509273789436,6.760596217530988
New York,40.7128,-74.006,2025-05-06 11:21:48.995285,16.014477934626807,0.21346572234252545,6.561107683542938
New York,40.7128,-74.006,2025-05-07 11:21:48.995285,15.936136503395943,0.2051923474476155,6.777192300250278
New York,40.7128,-74.006,2025-05-08 11:21:48.995285,15.54660915701299,0.22849057105902043,6.663683199014248
New York,40.7128,-74.006,2025-05-09 11:21:48.995285,14.72297704115218,0.21642888287225515,6.618883261966062
New York,40.7128,-74.006,2025-05-10 11:21:48.995285,14.472577937006404,0.31643373373543154,6.794168977697461
New York,40.7128,-74.006,2025-05-11 11:21:48.995285,14.972820339849154,0.16724814569927854,6.6551082934474275
New York,40.7128,-74.006,2025-05-12 11:21:48.995285,15.542865898400574,0.351009892551332,6.757565441031014
New York,40.7128,-74.006,2025-05-13 11:21:48.995285,15.215052734160134,0.4007774349953682,6.548416114890353
New York,40.7128,-74.006,2025-05-14 11:21:48.995285,14.674923142246199,0.28764672368482724,6.423762253042969
New York,40.7128,-74.006,2025-05-15 11:21:48.995285,15.753868978053807,0.5507332450901059,6.335551136317956
New York,40.7128,-74.006,2025-05-16 11:21:48.995285,16.004998677029285,0.3732542664207392,6.2998071183587125
New York,40.7128,-74.006,2025-05-17 11:21:48.995285,15.032499614912576,0.22847272853776718,6.018448867267541
New York,40.7128,-74.006,2025-05-18 11:21:48.995285,15.183416629251253,0.3697343913198577,6.226418015956501
New York,40.7128,-74.006,2025-05-19 11:21:48.995285,14.357234665306947,0.41749700929191297,6.217743941125345
New York,40.7128,-74.006,2025-05-20 11:21:48.995285,14.88734339176268,0.46960607161972384,6.347796441204789
New York,40.7128,-74.006,2025-05-21 11:21:48.995285,15.332606468233958,0.4125334193232029,6.968673263191487
New York,40.7128,-74.006,2025-05-22 11:21:48.995285,15.237641547494682,0.3507597544698198,6.452731413333867
New York,40.7128,-74.006,2025-05-23 11:21:48.995285,14.789188308399677,0.35611601869379306,6.572530066965293
New York,40.7128,-74.006,2025-05-24 11:21:48.995285,14.888696685988908,0.4139922045925312,6.581995893353578
New York,40.7128,-74.006,2025-05-25 11:21:48.995285,14.785001628616413,0.43733712128578955,6.9762742738527095
New York,40.7128,-74.006,2025-05-26 11:21:48.995285,14.85216064625212,0.3933879259724078,6.3273243638464125
New York,40.7128,-74.006,2025-05-27 11:21:48.995285,15.185798961031931,0.44736655077893117,6.433243375922581
New York,40.7128,-74.006,2025-05-28 11:21:48.995285,13.973209224310908,0.600331771938914,6.468140188467745
New York,40.7128,-74.006,2025-05-29 11:21:48.995285,14.902611965230246,0.7129244787291896,6.8409604567324305
New York,40.7128,-74.006,2025-05-30 11:21:48.995285,15.097601288579382,0.6372696996528089,6.903231708126336
New York,40.7128,-74.006,2025-05-31 11:21:48.995285,14.620220907362262,0.705876792555979,6.642375145908184
New York,40.7128,-74.006,2025-06-01 11:21:48.995285,14.648674470895864,0.686180452025036,6.8698728122185635
New York,40.7128,-74.006,2025-06-02 11:21:48.995285,14.646054602139694,0.6854543508863092,6.553298298940697
New York,40.7128,-74.006,2025-06-03 11:21:48.995285,14.614675816311546,0.5816133468465106,6.448219025714954
New York,40.7128,-74.006,2025-06-04 11:21:48.995285,14.84013487598667,0.6425989525156403,6.853617225975687
New York,40.7128,-74.006,2025-06-05 11:21:48.995285,14.884734793281329,0.5994085146249466,6.646285302570139
New York,40.7128,-74.006,2025-06-06 11:21:48.995285,13.753069952089524,0.6323546462640801,6.279340800227725
New York,40.7128,-74.006,2025-06-07 11:21:48.995285,15.112919270296349,0.6736941510835852,6.7992262814373055
New York,40.7128,-74.006,2025-06-08 11:21:48.995285,14.624694887595908,0.7506483518540668,6.437452210693916
New York,40.7128,-74.006,2025-06-09 11:21:48.995285,15.719459407253332,0.7338258741978275,6.400752943182739
New York,40.7128,-74.006,2025-06-10 11:21:48.995285,14.140510237822639,0.6872854512394062,6.767901310459914
New York,40.7128,-74.006,2025-06-11 11:21:48.995285,14.286112070423616,0.7207559427044864,6.473350357746526
New York,40.7128,-74.006,2025-06-12 11:21:48.995285,14.60183269143488,0.7700270699357995,6.616687560812087
New York,40.7128,-74.006,2025-06-13 11:21:48.995285,14.893505683907192,0.804630118590089,6.69858187522124
New York,40.7128,-74.006,2025-06-14 11:21:48.995285,13.69520785408972,0.5969191830506267,6.265117076218285
New York,40.7128,-74.006,2025-06-15 11:21:48.995285,14.239837661271213,0.651712928024099,6.615455169404661
New York,40.7128,-74.006,2025-06-16 11:21:48.995285,14.933946349557154,0.8805085009271125,6.9048419315784875
New York,40.7128,-74.006,2025-06-17 11:21:48.995285,14.148230061579765,0.773696373827553,6.213059856878117
New York,40.7128,-74.006,2025-06-18 11:21:48.995285,15.291422911531647,0.7470499559816669,6.634972666649368
New York,40.7128,-74.006,2025-06-19 11:21:48.995285,14.363702241759844,0.772438887786018,6.251159679625914
New York,40.7128,-74.006,2025-06-20 11:21:48.995285,14.125313059359499,0.7813954001959198,6.80641930515212
New York,40.7128,-74.006,2025-06-21 11:21:48.995285,14.864603344544266,0.8721720408551484,6.803571675124932
New York,40.7128,-74.006,2025-06-22 11:21:48.995285,15.347901999903765,0.7138139842048677,6.393703297925271
New York,40.7128,-74.006,2025-06-23 11:21:48.995285,14.737038621698085,0.8349460251959994,7.162888595657259
New York,40.7128,-74.006,2025-06-24 11:21:48.995285,15.14394199250294,0.8645386095560517,6.831987592741186
New York,40.7128,-74.006,2025-06-25 11:21:48.995285,15.337075856872707,0.8866093335483891,6.712078695540851
New York,40.7128,-74.006,2025-06-26 11:21:48.995285,14.023008269020359,0.8759134035983748,6.6951832688318405
New York,40.7128,-74.006,2025-06-27 11:21:48.995285,14.93846561886786,0.9114429708923001,6.795178072761867
New York,40.7128,-74.006,2025-06-28 11:21:48.995285,13.693024306807576,0.8083815801683022,6.201307277826752
New York,40.7128,-74.006,2025-06-29 11:21:48.995285,14.652862003483015,0.776836400199183,6.558382279538307
New York,40.7128,-74.006,2025-06-30 11:21:48.995285,14.390568786838266,1.1216428675018095,6.6149571156131985
New York,40.7128,-74.006,2025-07-01 11:21:48.995285,15.033689849228558,0.850296138060638,6.379959181009232
New York,40.7128,-74.006,2025-07-02 11:21:48.995285,14.984501693267497,0.8660064664834636,6.63943858083319
New York,40.7128,-74.006,2025-07-03 11:21:48.995285,14.669607075303873,0.9558095785123913,6.869508290130201
New York,40.7128,-74.006,2025-07-04 11:21:48.995285,14.520451135145574,1.050748265821687,6.373469273670228
New York,40.7128,-74.006,2025-07-05 11:21:48.995285,14.612129625124412,0.8393367150073673,6.483672709888609
New York,40.7128,-74.006,2025-07-06 11:21:48.995285,14.375729078479187,0.7960914712159887,6.253824411243817
New York,40.7128,-74.006,2025-07-07 11:21:48.995285,14.301338265232515,0.7734718276784197,5.9639032970567625
New York,40.7128,-74.006,2025-07-08 11:21:48.995285,15.040515676649205,1.058240611393555,6.733679654156154
New York,40.7128,-74.006,2025-07-09 11:21:48.995285,15.08816368295211,0.79588930584977,6.492279861548226
New York,40.7128,-74.006,2025-07-10 11:21:48.995285,14.223586791041718,0.8972407022429194,6.514273825145836
New York,40.7128,-74.006,2025-07-11 11:21:48.995285,14.40114128782941,0.802090029070646,6.203967914547942
New York,40.7128,-74.006,2025-07-12 11:21:48.995285,14.3112700582999,0.7543312725503265,6.444348941289142
New York,40.7128,-74.006,2025-07-13 11:21:48.995285,13.452928768182808,0.8688045891309104,6.828978136754637
New York,40.7128,-74.006,2025-07-14 11:21:48.995285,14.079115383661987,0.8026669589632658,6.500246401033838
New York,40.7128,-74.006,2025-07-15 11:21:48.995285,15.035963487733508,0.8252164174432008,6.508755127416624
New York,40.7128,-74.006,2025-07-16 11:21:48.995285,13.850228021117053,1.0924559863999364,6.5622584833590265
New York,40.7128,-74.006,2025-07-17 11:21:48.995285,15.271621876071936,0.9313368890688649,6.129085361478063
New York,40.7128,-74.006,2025-07-18 11:21:48.995285,14.789880291012077,0.9785351713810586,6.687476139230707
New York,40.7128,-74.006,2025-07-19 11:21:48.995285,14.39426912895216,0.9639383549371034,6.123440565525251
New York,40.7128,-74.006,2025-07-20 11:21:48.995285,14.463883591542295,2.6010550951447975,6.218115325616292
New York,40.7128,-74.006,2025-07-21 11:21:48.995285,13.715042453108579,0.8283177364774295,6.18523556929785
New York,40.7128,-74.006,2025-07-22 11:21:48.995285,14.031460144469014,0.8919269116098695,6.447432510010836
New York,40.7128,-74.006,2025-07-23 11:21:48.995285,14.875450497807815,0.8781873979231231,6.394264188938643
New York,40.7128,-74.006,2025-07-24 11:21:48.995285,13.838413160663407,0.7983423873352665,6.499632488507523
New York,40.7128,-74.006,2025-07-25 11:21:48.995285,14.667423750424488,0.8616673105304147,6.228423152067067
New York,40.7128,-74.006,2025-07-26 11:21:48.995285,13.43977358657215,0.7710958972303017,6.801648596091914
New York,40.7128,-74.006,2025-07-27 11:21:48.995285,13.52090858978896,0.8172243987033708,6.750208270617899
New York,40.7128,-74.006,2025-07-28 11:21:48.995285,15.062635010163666,0.7930868731266328,6.447855946132484
New York,40.7128,-74.006,2025-07-29 11:21:48.995285,14.098242136144929,0.6915858862524684,6.356489985023619
New York,40.7128,-74.006,2025-07-30 11:21:48.995285,13.827394254178145,0.5748377952355996,6.32619275199644
New York,40.7128,-74.006,2025-07-31 11:21:48.995285,14.770765783405265,0.7071604060188336,6.406956501496796
New York,40.7128,-74.006,2025-08-01 11:21:48.995285,14.70532715142236,0.9722334880932255,6.079926431374647
New York,40.7128,-74.006,2025-08-02 11:21:48.995285,14.536086560435525,0.7512652658391981,6.2121178063364475
New York,40.7128,-74.006,2025-08-03 11:21:48.995285,13.784327109255967,0.8499061798804469,6.7580361175954895
New York,40.7128,-74.006,2025-08-04 11:21:48.995285,13.919659865735731,0.549618028574298,6.59054374582276
New York,40.7128,-74.006,2025-08-05 11:21:48.995285,14.213053268471946,0.6506765190419012,6.990282345792959
New York,40.7128,-74.006,2025-08-06 11:21:48.995285,14.398838091061446,0.6052006635537339,6.410241454949204
New York,40.7128,-74.006,2025-08-07 11:21:48.995285,13.792077216360285,0.7092789061530187,6.391546031867939
New York,40.7128,-74.006,2025-08-08 11:21:48.995285,14.126650738323052,0.9602917234697848,6.3776303226369055
New York,40.7128,-74.006,2025-08-09 11:21:48.995285,14.170225101834555,0.7524488507291333,6.4042506550345495
New York,40.7128,-74.006,2025-08-10 11:21:48.995285,14.675447095163562,0.8640703361712849,6.302013796056021
New York,40.7128,-74.006,2025-08-11 11:21:48.995285,14.405114717838497,0.6569190046348177,6.58129646440616
New York,40.7128,-74.006,2025-08-12 11:21:48.995285,13.270588626949985,0.8064870733733291,6.508731220144523
New York,40.7128,-74.006,2025-08-13 11:21:48.995285,13.913571154111818,0.8647617813308759,6.347025649448518
New York,40.7128,-74.006,2025-08-14 11:21:48.995285,13.552681763028309,0.633748585650861,6.875344673905671
New York,40.7128,-74.006,2025-08-15 11:21:48.995285,14.298095560342006,1.7335107653012274,7.068974876745892
New York,40.7128,-74.006,2025-08-16 11:21:48.995285,14.472899085020181,0.48690403401038085,6.84997316167202
New York,40.7128,-74.006,2025-08-17 11:21:48.995285,14.059663928811668,0.5745601712335063,6.667437203925019
New York,40.7128,-74.006,2025-08-18 11:21:48.995285,13.872679635418661,0.6003119356123241,6.728530917879132
New York,40.7128,-74.006,2025-08-19 11:21:48.995285,14.039479585417293,0.781764517652346,7.056924655347901
New York,40.7128,-74.006,2025-08-20 11:21:48.995285,14.107800734984707,0.4356254077657983,6.728095794727827
New York,40.7128,-74.006,2025-08-21 11:21:48.995285,13.682033013276156,0.5574654603507301,6.3244442442202145
New York,40.7128,-74.006,2025-08-22 11:21:48.995285,13.391764734030284,0.3563838877879184,6.617681757995165
New York,40.7128,-74.006,2025-08-23 11:21:48.995285,12.975384198034966,0.48140902806246044,6.687873279818995
New York,40.7128,-74.006,2025-08-24 11:21:48.995285,14.633674407214704,0.5414669118320549,6.201584817789224
New York,40.7128,-74.006,2025-08-25 11:21:48.995285,14.248192382081292,0.5478155165133807,6.414520754407047
New York,40.7128,-74.006,2025-08-26 11:21:48.995285,14.181487003692196,0.54169341476238,6.8301175472166396
New York,40.7128,-74.006,2025-08-27 11:21:48.995285,14.633349432736791,0.5087858115952997,5.952952179485124
New York,40.7128,-74.006,2025-08-28 11:21:48.995285,13.373830573998227,0.5133785911609464,6.124871436487822
New York,40.7128,-74.006,2025-08-29 11:21:48.995285,13.134859588964336,0.4462542341323163,6.4470778839115015
New York,40.7128,-74.006,2025-08-30 11:21:48.995285,14.196196962112367,0.32330673511087826,6.6061038786517114
New York,40.7128,-74.006,2025-08-31 11:21:48.995285,14.152417780827763,0.22942593745607592,6.092710266515328
New York,40.7128,-74.006,2025-09-01 11:21:48.995285,13.142124385745692,0.3465223456339045,6.461963224500217
New York,40.7128,-74.006,2025-09-02 11:21:48.995285,14.189828035982883,0.37444618661399065,6.84613056172657
New York,40.7128,-74.006,2025-09-03 11:21:48.995285,13.81253908140623,0.5001503633432173,6.520595437122285
New York,40.7128,-74.006,2025-09-04 11:21:48.995285,13.611982153379117,0.3516949074160882,6.781726683089339
New York,40.7128,-74.006,2025-09-05 11:21:48.995285,13.851981675587183,0.32925991049674475,6.322365763599499
New York,40.7128,-74.006,2025-09-06 11:21:48.995285,12.801387373035107,0.37481032915792917,6.257024942963246
New York,40.7128,-74.006,2025-09-07 11:21:48.995285,13.73021243313161,0.296791287514682,6.754662149085514
New York,40.7128,-74.006,2025-09-08 11:21:48.995285,13.67778879340639,0.3925903968251482,6.610779660396857
New York,40.7128,-74.006,2025-09-09 11:21:48.995285,14.312811285813217,0.49743663646007785,6.144321197667662
New York,40.7128,-74.006,2025-09-10 11:21:48.995285,13.959755147872256,0.5067865321562968,6.259747725151163
New York,40.7128,-74.006,2025-09-11 11:21:48.995285,14.363199610247534,0.2858683577603786,6.969374372317224
New York,40.7128,-74.006,2025-09-12 11:21:48.995285,12.774173811336507,0.29857513555255566,6.222633434159206
New York,40.7128,-74.006,2025-09-13 11:21:48.995285,13.634854501287332,0.4117717720520177,6.780298624017799
New York,40.7128,-74.006,2025-09-14 11:21:48.995285,14.338142467843827,0.22818191241574717,6.35654399082989
New York,40.7128,-74.006,2025-09-15 11:21:48.995285,13.911730455890497,0.3006936685070046,6.49904724296986
New York,40.7128,-74.006,2025-09-16 11:21:48.995285,14.495188582907987,0.10917149627662628,6.5883777862830115
New York,40.7128,-74.006,2025-09-17 11:21:48.995285,13.176727257588754,0.1818453197021155,5.869705636850121
New York,40.7128,-74.006,2025-09-18 11:21:48.995285,14.451427431659404,0.3191226573250924,6.06118479937181
New York,40.7128,-74.006,2025-09-19 11:21:48.995285,13.773416578304843,0.12262499150502082,6.525899905636149
New York,40.7128,-74.006,2025-09-20 11:21:48.995285,13.73227058815642,0.17293494009554644,6.282707730864836
New York,40.7128,-74.006,2025-09-21 11:21:48.995285,14.603542177004178,0.019987056911410422,6.798974388582387
New York,40.7128,-74.006,2025-09-22 11:21:48.995285,14.696883055034888,0.37003514996139997,6.018163735739563
New York,40.7128,-74.006,2025-09-23 11:21:48.995285,14.641458142899399,0.28820318404046535,6.669576516877396
New York,40.7128,-74.006,2025-09-24 11:21:48.995285,15.151864607794536,0.1735531053953104,6.087133633878702
New York,40.7128,-74.006,2025-09-25 11:21:48.995285,14.774637845945865,0.19874640561881857,6.394368501756672
New York,40.7128,-74.006,2025-09-26 11:21:48.995285,13.752464616606321,0.18125409440037318,6.180686670728611
New York,40.7128,-74.006,2025-09-27 11:21:48.995285,14.230200658433347,0.27418932326539214,7.0707289641413595
New York,40.7128,-74.006,2025-09-28 11:21:48.995285,13.988730419391725,0.07840370688562541,6.09815235110899
New York,40.7128,-74.006,2025-09-29 11:21:48.995285,15.19306837667212,0.1984742234746507,6.463382091389293
New York,40.7128,-74.006,2025-09-30 11:21:48.995285,14.740895918341995,0.22839701788034872,5.981949155593955
New York,40.7128,-74.006,2025-10-01 11:21:48.995285,14.104198843468597,0.2380454702527272,6.9798710366211765
New York,40.7128,-74.006,2025-10-02 11:21:48.995285,14.648009242119723,0.0,6.620384724853161
New York,40.7128,-74.006,2025-10-03 11:21:48.995285,13.603604915772673,0.04966833192053835,6.5410919268796
New York,40.7128,-74.006,2025-10-04 11:21:48.995285,14.355716041938798,0.004912317077816752,6.942293881787518
New York,40.7128,-74.006,2025-10-05 11:21:48.995285,13.772732945219895,0.11948779246413242,6.544226732426783
New York,40.7128,-74.006,2025-10-06 11:21:48.995285,13.40873181198974,0.0,6.565871406842323
New York,40.7128,-74.006,2025-10-07 11:21:48.995285,14.656851095800931,0.0,6.539517586419546
New York,40.7128,-74.006,2025-10-08 11:21:48.995285,14.730651509297862,0.3174576129536125,6.669090297632936
New York,40.7128,-74.006,2025-10-09 11:21:48.995285,14.516949695824218,0.16180227536443886,6.352267584823621
New York,40.7128,-74.006,2025-10-10 11:21:48.995285,14.2090581526651,0.1121935235279248,6.435713807791
New York,40.7128,-74.006,2025-10-11 11:21:48.995285,13.679767905353128,0.13699309632167245,6.743100388537234
New York,40.7128,-74.006,2025-10-12 11:21:48.995285,13.744882945808431,0.11626649391604628,6.583211885467365
New York,40.7128,-74.006,2025-10-13 11:21:48.995285,13.853725391888323,0.2028461818879796,6.465726825769362
New York,40.7128,-74.006,2025-10-14 11:21:48.995285,14.234533793102557,0.041815803836007484,6.079843282690787
New York,40.7128,-74.006,2025-10-15 11:21:48.995285,14.90265706591228,0.1261388944987131,6.949415085360979
New York,40.7128,-74.006,2025-10-16 11:21:48.995285,14.908155357098458,0.13310194472480322,6.301563767014769
New York,40.7128,-74.006,2025-10-17 11:21:48.995285,13.567239330078435,0.009018229092224148,6.796171171525777
New York,40.7128,-74.006,2025-10-18 11:21:48.995285,14.058656644680763,0.24520437526954272,6.552726095506426
New York,40.7128,-74.006,2025-10-19 11:21:48.995285,14.059119216760278,0.07719377103900188,6.111964843181039
New York,40.7128,-74.006,2025-10-20 11:21:48.995285,13.167506679458258,0.22820727545171976,6.875682643259185
New York,40.7128,-74.006,2025-10-21 11:21:48.995285,14.730625160307333,0.14310275755049398,6.576362193919862
New York,40.7128,-74.006,2025-10-22 11:21:48.995285,14.338914916302441,0.3005529581198516,6.900603607021113
New York,40.7128,-74.006,2025-10-23 11:21:48.995285,14.420013124318963,0.03906955256402815,6.445277389779224
New York,40.7128,-74.006,2025-10-24 11:21:48.995285,15.164264585335715,0.04116743779125791,6.711215368990116
New York,40.7128,-74.006,2025-10-25 11:21:48.995285,14.5503789564822,0.0659248575892478,5.971241866596496
New York,40.7128,-74.006,2025-10-26 11:21:48.995285,14.305900927401202,0.1770821927976462,6.349935240921873
New York,40.7128,-74.006,2025-10-27 11:21:48.995285,14.82248853959962,0.32555621825685466,6.118102000330619
New York,40.7128,-74.006,2025-10-28 11:21:48.995285,15.08120658154737,0.3387649265466544,6.387564844988482
New York,40.7128,-74.006,2025-10-29 11:21:48.995285,14.715458190474182,0.0,6.641543521851844
New York,40.7128,-74.006,2025-10-30 11:21:48.995285,14.927401196736758,0.22164839273082876,6.318625973703757
New York,40.7128,-74.006,2025-10-31 11:21:48.995285,14.525728185922585,0.0,6.759152628091634
New York,40.7128,-74.006,2025-11-01 11:21:48.995285,14.573407720576562,0.2948405304657934,6.243016206934996
New York,40.7128,-74.006,2025-11-02 11:21:48.995285,14.686785812258742,0.3369958346000539,6.765570984094993
New York,40.7128,-74.006,2025-11-03 11:21:48.995285,14.269763402607296,0.2313217252338698,6.892927149762211
New York,40.7128,-74.006,2025-11-04 11:21:48.995285,14.378446293221087,0.2542252373934043,6.804057840527296
New York,40.7128,-74.006,2025-11-05 11:21:48.995285,15.367670159216871,0.26397314124797305,6.396743284451068
New York,40.7128,-74.006,2025-11-06 11:21:48.995285,15.699056823274871,0.18923569874435475,5.862363920616757
New York,40.7128,-74.006,2025-11-07 11:21:48.995285,15.50761652413848,0.3221964532650995,6.674650099021204
New York,40.7128,-74.006,2025-11-08 11:21:48.995285,14.066413164081622,0.2674929568884544,6.462429585585409
New York,40.7128,-74.006,2025-11-09 11:21:48.995285,14.034717937591324,0.3955189508649702,6.206482117961794
New York,40.7128,-74.006,2025-11-10 11:21:48.995285,14.16597251802147,0.30321719818693676,6.333116280538877
New York,40.7128,-74.006,2025-11-11 11:21:48.995285,14.845272207935572,0.24078745233100068,6.93032759493344
New York,40.7128,-74.006,2025-11-12 11:21:48.995285,13.390533203952549,0.18581833723105973,6.158797939816954
New York,40.7128,-74.006,2025-11-13 11:21:48.995285,14.517372506847005,0.16570370033815973,6.640492752686364
New York,40.7128,-74.006,2025-11-14 11:21:48.995285,15.532256500399079,0.49624177455779805,6.565387452691221
New York,40.7128,-74.006,2025-11-15 11:21:48.995285,15.336910594700171,0.33225257485158255,6.39278370060103
New York,40.7128,-74.006,2025-11-16 11:21:48.995285,14.60817390259998,0.42507415599452236,6.693359806193914
New York,40.7128,-74.006,2025-11-17 11:21:48.995285,14.663114234515328,0.5828538827720717,6.9896735776696595
New York,40.7128,-74.006,2025-11-18 11:21:48.995285,15.180519155956016,0.3616777669227627,6.41120854883414
New York,40.7128,-74.006,2025-11-19 11:21:48.995285,15.381669578884653,0.3687349938892934,6.427045715576869
New York,40.7128,-74.006,2025-11-20 11:21:48.995285,14.664628939327798,0.4318723159191611,6.68661947149706
New York,40.7128,-74.006,2025-11-21 11:21:48.995285,14.831197321917026,0.461702591063025,6.7754728464305005
New York,40.7128,-74.006,2025-11-22 11:21:48.995285,14.682573524117243,0.6612341643046566,6.4616878378554095
New York,40.7128,-74.006,2025-11-23 11:21:48.995285,14.317111923156558,0.6428134147603126,6.408387879171905
New York,40.7128,-74.006,2025-11-24 11:21:48.995285,14.890128125989094,0.5620875415906753,5.834706043784072
Tokyo,35.6762,139.6503,2024-11-24 11:21:48.995285,13.981710850582328,0.4688696892489665,6.591562712625355
Tokyo,35.6762,139.6503,2024-11-25 11:21:48.995285,15.043085030260322,0.4966920177336616,6.624844454155787
Tokyo,35.6762,139.6503,2024-11-26 11:21:48.995285,15.858814594487722,0.7131145620743244,6.448734121464814
Tokyo,35.6762,139.6503,2024-11-27 11:21:48.995285,14.982340959007763,0.4158220155471058,6.548225449939146
Tokyo,35.6762,139.6503,2024-11-28 11:21:48.995285,14.888134733456546,0.614391328471413,6.28402807859577
Tokyo,35.6762,139.6503,2024-11-29 11:21:48.995285,15.073780877489526,0.6238662240283732,5.967546579290681
Tokyo,35.6762,139.6503,2024-11-30 11:21:48.995285,16.19270425340182,0.9174991388640854,6.794941130391697
Tokyo,35.6762,139.6503,2024-12-01 11:21:48.995285,15.49616015822592,0.48775602437919147,6.159688519004149
Tokyo,35.6762,139.6503,2024-12-02 11:21:48.995285,14.67049114626307,0.5461847836632986,6.4518638410658715
Tokyo,35.6762,139.6503,2024-12-03 11:21:48.995285,15.168360772615333,0.7035607184457711,6.2752611101293985
Tokyo,35.6762,139.6503,2024-12-04 11:21:48.995285,15.337511599758948,0.6149827739174589,6.976102783962824
Tokyo,35.6762,139.6503,2024-12-05 11:21:48.995285,14.660057276553822,0.6015847214830943,6.476106585647385
Tokyo,35.6762,139.6503,2024-12-06 11:21:48.995285,15.5846728110399,0.7563463445147057,6.40686306113538
Tokyo,35.6762,139.6503,2024-12-07 11:21:48.995285,14.813017114431988,0.6464533933898005,6.724359760617794
Tokyo,35.6762,139.6503,2024-12-08 11:21:48.995285,14.483199882335914,0.5962342013229986,7.146942250282456
Tokyo,35.6762,139.6503,2024-12-09 11:21:48.995285,15.293420072036076,0.770131235540189,6.6217068581174265
Tokyo,35.6762,139.6503,2024-12-10 11:21:48.995285,15.230880227788928,0.7468950437490062,6.386774161510449
Tokyo,35.6762,139.6503,2024-12-11 11:21:48.995285,15.287971481779262,0.6896894657064502,6.708978194406407
Tokyo,35.6762,139.6503,2024-12-12 11:21:48.995285,14.922598915824894,0.6962899575055183,6.02819627942553
Tokyo,35.6762,139.6503,2024-12-13 11:21:48.995285,15.008713352756843,0.6519000875519941,6.513928778019319
Tokyo,35.6762,139.6503,2024-12-14 11:21:48.995285,15.901746229778668,0.8266826058676051,7.098187296486923
Tokyo,35.6762,139.6503,2024-12-15 11:21:48.995285,15.574218929676746,0.7286430655714738,6.5473242190057315
Tokyo,35.6762,139.6503,2024-12-16 11:21:48.995285,14.89135150460203,0.6978365165320999,6.532333296847295
Tokyo,35.6762,139.6503,2024-12-17 11:21:48.995285,14.410314959033553,0.6561071321935243,6.506190962107252
Tokyo,35.6762,139.6503,2024-12-18 11:21:48.995285,14.944279788149869,0.8333822449764778,6.38135711587214
Tokyo,35.6762,139.6503,2024-12-19 11:21:48.995285,15.495843138692411,0.7524640255001254,6.5943472017094615
Tokyo,35.6762,139.6503,2024-12-20 11:21:48.995285,15.116809733373211,0.610850809029403,6.732581903498091
Tokyo,35.6762,139.6503,2024-12-21 11:21:48.995285,15.093404239152001,0.700217556305466,6.400453984252768
Tokyo,35.6762,139.6503,2024-12-22 11:21:48.995285,15.168970051437519,0.8052309277550674,5.752774478509754
Tokyo,35.6762,139.6503,2024-12-23 11:21:48.995285,15.442380058747645,0.8156935957620746,6.639685251583626
Tokyo,35.6762,139.6503,2024-12-24 11:21:48.995285,15.886089506639152,0.819151358273256,7.139937822956031
Tokyo,35.6762,139.6503,2024-12-25 11:21:48.995285,15.508461341879258,0.812081070900941,6.3871215775831605
Tokyo,35.6762,139.6503,2024-12-26 11:21:48.995285,15.554384118124375,0.7092071663101783,6.058650985173019
Tokyo,35.6762,139.6503,2024-12-27 11:21:48.995285,15.425574989596889,0.7753506727061493,6.703223895419744
Tokyo,35.6762,139.6503,2024-12-28 11:21:48.995285,15.30275689709025,0.9867662137350641,7.023149679255201
Tokyo,35.6762,139.6503,2024-12-29 11:21:48.995285,16.013822191951082,0.9771577042144767,6.65881207091457
Tokyo,35.6762,139.6503,2024-12-30 11:21:48.995285,15.952001307375898,0.9360337332052623,7.017410016249953
Tokyo,35.6762,139.6503,2024-12-31 11:21:48.995285,16.617366645793787,0.9314441910408291,6.738100563687714
Tokyo,35.6762,139.6503,2025-01-01 11:21:48.995285,15.913759019309753,0.976771565868491,6.7120552957033075
Tokyo,35.6762,139.6503,2025-01-02 11:21:48.995285,15.372839587537136,0.7775607083197582,6.344599795177366
Tokyo,35.6762,139.6503,2025-01-03 11:21:48.995285,15.183106646335082,0.8958154247843387,6.585622067225965
Tokyo,35.6762,139.6503,2025-01-04 11:21:48.995285,16.12510219139079,0.7829130618928986,6.491158712984667
Tokyo,35.6762,139.6503,2025-01-05 11:21:48.995285,15.254141176087224,0.7865974367906455,6.480879283830005
Tokyo,35.6762,139.6503,2025-01-06 11:21:48.995285,16.079311962093982,0.9351740922335658,6.42384046161468
Tokyo,35.6762,139.6503,2025-01-07 11:21:48.995285,15.30709577027736,0.9940492123758132,6.567684040237566
Tokyo,35.6762,139.6503,2025-01-08 11:21:48.995285,15.874037518945288,0.8805224873497025,6.111096504758982
Tokyo,35.6762,139.6503,2025-01-09 11:21:48.995285,15.181781014848593,1.0648667066828454,6.743515519784473
Tokyo,35.6762,139.6503,2025-01-10 11:21:48.995285,16.113586715461953,0.9207303189385672,6.2366764121659415
Tokyo,35.6762,139.6503,2025-01-11 11:21:48.995285,15.118581195209362,0.8209850074600169,6.424918632498588
Tokyo,35.6762,139.6503,2025-01-12 11:21:48.995285,15.883450752449907,0.7886298845195985,6.5991679679105495
Tokyo,35.6762,139.6503,2025-01-13 11:21:48.995285,15.659385841365056,0.9972841845114079,6.221817974481346
Tokyo,35.6762,139.6503,2025-01-14 11:21:48.995285,15.820318045497068,0.9060165323659745,5.910061081308424
Tokyo,35.6762,139.6503,2025-01-15 11:21:48.995285,15.582393933989959,0.9580089580698956,6.385085996690748
Tokyo,35.6762,139.6503,2025-01-16 11:21:48.995285,15.581315683071281,0.6213787871643015,6.07067075222489
Tokyo,35.6762,139.6503,2025-01-17 11:21:48.995285,15.878751690179563,0.9079543302296125,6.7136932798011415
Tokyo,35.6762,139.6503,2025-01-18 11:21:48.995285,15.310469869962434,0.8281672131552449,6.153948928237362
Tokyo,35.6762,139.6503,2025-01-19 11:21:48.995285,15.317465522469076,0.7353765849264863,6.9455466691127485
Tokyo,35.6762,139.6503,2025-01-20 11:21:48.995285,15.651895876546602,0.8634480545823948,6.498262133229432
Tokyo,35.6762,139.6503,2025-01-21 11:21:48.995285,15.641883335774974,0.973423205403132,6.517752258378269
Tokyo,35.6762,139.6503,2025-01-22 11:21:48.995285,15.347118859625342,1.0849585449359354,5.905810601436601
Tokyo,35.6762,139.6503,2025-01-23 11:21:48.995285,16.320871304733135,0.8762201223216654,6.543458788655157
Tokyo,35.6762,139.6503,2025-01-24 11:21:48.995285,15.700219645513796,0.7743421922238123,6.475946024938024
Tokyo,35.6762,139.6503,2025-01-25 11:21:48.995285,15.762560603646188,0.7611493672893788,6.110273289522359
Tokyo,35.6762,139.6503,2025-01-26 11:21:48.995285,15.220303346958591,0.9268549156960839,6.526180501639042
Tokyo,35.6762,139.6503,2025-01-27 11:21:48.995285,16.927799273765608,0.7229045666130887,6.380623096757773
Tokyo,35.6762,139.6503,2025-01-28 11:21:48.995285,17.1131645674297,0.8765026799842621,6.434963654631392
Tokyo,35.6762,139.6503,2025-01-29 11:21:48.995285,15.51681452360046,0.8349235641121789,6.507764528658214
Tokyo,35.6762,139.6503,2025-01-30 11:21:48.995285,16.527171178769883,0.8147989435277263,6.358563736052539
Tokyo,35.6762,139.6503,2025-01-31 11:21:48.995285,15.875064595847839,0.6302589064823055,6.57393698808466
Tokyo,35.6762,139.6503,2025-02-01 11:21:48.995285,16.72942647998575,0.7416166705321585,6.474033355294711
Tokyo,35.6762,139.6503,2025-02-02 11:21:48.995285,16.10195377202312,0.6214097665496521,6.641830540515973
Tokyo,35.6762,139.6503,2025-02-03 11:21:48.995285,15.989737142325595,0.697997145162949,6.341397621808403
Tokyo,35.6762,139.6503,2025-02-04 11:21:48.995285,14.695961617617852,0.8378277061373823,6.180524074119813
Tokyo,35.6762,139.6503,2025-02-05 11:21:48.995285,15.511753529581812,0.8582198912525458,6.287339441468559
Tokyo,35.6762,139.6503,2025-02-06 11:21:48.995285,15.966495161379378,0.7452305699131591,6.932797030655534
Tokyo,35.6762,139.6503,2025-02-07 11:21:48.995285,16.060462910224288,0.6552579680213748,6.786789957862024
Tokyo,35.6762,139.6503,2025-02-08 11:21:48.995285,15.358323080686162,0.8593066586143522,6.8640137397797325
Tokyo,35.6762,139.6503,2025-02-09 11:21:48.995285,15.605678157513367,0.6301047396939276,6.884814187451066
Tokyo,35.6762,139.6503,2025-02-10 11:21:48.995285,16.25082396379783,0.5626388645592976,6.360104582848039
Tokyo,35.6762,139.6503,2025-02-11 11:21:48.995285,15.28624297663898,0.733390680317927,6.5887435806225385
Tokyo,35.6762,139.6503,2025-02-12 11:21:48.995285,16.04817133213338,0.6968565903385566,6.522751700854388
Tokyo,35.6762,139.6503,2025-02-13 11:21:48.995285,16.60345058249662,0.5839873339757093,6.6978615576774265
Tokyo,35.6762,139.6503,2025-02-14 11:21:48.995285,16.180084256949897,0.6352653393312875,6.41324952643071
Tokyo,35.6762,139.6503,2025-02-15 11:21:48.995285,16.157675866670342,0.6563082689648637,6.527892247127301
Tokyo,35.6762,139.6503,2025-02-16 11:21:48.995285,14.98214648482905,0.6191767562975559,6.521681443285906
Tokyo,35.6762,139.6503,2025-02-17 11:21:48.995285,15.583261518685005,0.6313022616723765,6.65967871997471
Tokyo,35.6762,139.6503,2025-02-18 11:21:48.995285,17.023019912942697,0.5213351481342275,6.6967151663214795
Tokyo,35.6762,139.6503,2025-02-19 11:21:48.995285,15.69774401433519,0.61094418319191,6.52810130970206
Tokyo,35.6762,139.6503,2025-02-20 11:21:48.995285,16.630673525929097,0.5464193866070063,6.537197235219742
Tokyo,35.6762,139.6503,2025-02-21 11:21:48.995285,15.693829566561542,0.4837735395397499,6.5677694062246115
Tokyo,35.6762,139.6503,2025-02-22 11:21:48.995285,15.860858251225158,0.4926204169784847,6.993965426186913
Tokyo,35.6762,139.6503,2025-02-23 11:21:48.995285,16.25778416241295,0.4936526151630337,5.98100066260492
Tokyo,35.6762,139.6503,2025-02-24 11:21:48.995285,16.050263166651742,0.3451347902030192,6.209096101634658
Tokyo,35.6762,139.6503,2025-02-25 11:21:48.995285,16.190302506187898,0.41224876439669006,6.702103878933783
Tokyo,35.6762,139.6503,2025-02-26 11:21:48.995285,15.58968458822154,0.46867585163239883,6.5809353196517275
Tokyo,35.6762,139.6503,2025-02-27 11:21:48.995285,15.429782066131013,0.31340162548008255,6.578824865045263
Tokyo,35.6762,139.6503,2025-02-28 11:21:48.995285,15.553723094558919,0.3728848286431353,6.700248649614007
Tokyo,35.6762,139.6503,2025-03-01 11:21:48.995285,15.728946240369515,0.6597953419197568,6.564197867937129
Tokyo,35.6762,139.6503,2025-03-02 11:21:48.995285,15.878616158238708,0.2949518954256358,6.332215256465233
Tokyo,35.6762,139.6503,2025-03-03 11:21:48.995285,16.509751754313367,0.3561524116437542,6.688642742032478
Tokyo,35.6762,139.6503,2025-03-04 11:21:48.995285,16.032348318244864,0.29794314443773084,6.506266148899724
Tokyo,35.6762,139.6503,2025-03-05 11:21:48.995285,16.228246701218122,0.35654960671485425,6.365726846333134
Tokyo,35.6762,139.6503,2025-03-06 11:21:48.995285,16.05372705827005,0.27382267339459504,6.7071081873733736
Tokyo,35.6762,139.6503,2025-03-07 11:21:48.995285,15.421896564881102,0.3182395770081702,6.6953101574846
Tokyo,35.6762,139.6503,2025-03-08 11:21:48.995285,15.984645313635193,0.2581451604971891,6.564429947480238
Tokyo,35.6762,139.6503,2025-03-09 11:21:48.995285,16.03750925172483,0.42315010423359883,7.015135746198367
Tokyo,35.6762,139.6503,2025-03-10 11:21:48.995285,16.347899393694718,0.31365462092847857,6.8980480204310854
Tokyo,35.6762,139.6503,2025-03-11 11:21:48.995285,15.429176513742417,0.1932777778973369,6.80055715821614
Tokyo,35.6762,139.6503,2025-03-12 11:21:48.995285,14.938512384413116,0.365983476967009,7.269909671842624
Tokyo,35.6762,139.6503,2025-03-13 11:21:48.995285,16.041812904215696,0.17466443123525893,6.456060979400685
Tokyo,35.6762,139.6503,2025-03-14 11:21:48.995285,16.12528658080636,0.1029423558188658,6.360559901205172
Tokyo,35.6762,139.6503,2025-03-15 11:21:48.995285,15.853068740231896,0.24819062541838546,6.758108929791008
Tokyo,35.6762,139.6503,2025-03-16 11:21:48.995285,15.950891796658826,0.4286638995503639,6.4242097106017155
Tokyo,35.6762,139.6503,2025-03-17 11:21:48.995285,16.370110120329382,0.044924223317604844,6.503578314694347
Tokyo,35.6762,139.6503,2025-03-18 11:21:48.995285,15.694887933929339,0.08466776380021931,6.204224010274909
Tokyo,35.6762,139.6503,2025-03-19 11:21:48.995285,15.778263204980103,0.2834295446814894,6.681997837313938
Tokyo,35.6762,139.6503,2025-03-20 11:21:48.995285,15.950122852401131,0.13470112902600062,6.058697826338717
Tokyo,35.6762,139.6503,2025-03-21 11:21:48.995285,15.293448462740013,0.2512412401778381,6.471068533652189
Tokyo,35.6762,139.6503,2025-03-22 11:21:48.995285,15.819890678211031,0.09777796379275912,6.495393278745273
Tokyo,35.6762,139.6503,2025-03-23 11:21:48.995285,15.856185663962389,0.1875809971625513,6.369188347274051
Tokyo,35.6762,139.6503,2025-03-24 11:21:48.995285,16.698533311133673,0.3400772007710942,5.97283557240155
Tokyo,35.6762,139.6503,2025-03-25 11:21:48.995285,15.722648489895091,0.038812167397882125,5.970610671867665
Tokyo,35.6762,139.6503,2025-03-26 11:21:48.995285,15.963147748022145,0.2536935535300017,6.27614827799846
Tokyo,35.6762,139.6503,2025-03-27 11:21:48.995285,16.3136309724447,0.2127477506114115,6.661715098628619
Tokyo,35.6762,139.6503,2025-03-28 11:21:48.995285,15.42650669469785,0.0,6.586677458432583
Tokyo,35.6762,139.6503,2025-03-29 11:21:48.995285,16.52379567285672,0.18885660195041998,6.495069392350658
Tokyo,35.6762,139.6503,2025-03-30 11:21:48.995285,16.708289314752548,0.13499104047106883,6.2346234541947565
Tokyo,35.6762,139.6503,2025-03-31 11:21:48.995285,15.802089907621578,0.13200494363520468,6.602339666378333
Tokyo,35.6762,139.6503,2025-04-01 11:21:48.995285,15.536766915591254,0.1521793579929921,5.960291216588325
Tokyo,35.6762,139.6503,2025-04-02 11:21:48.995285,16.60974257597781,0.07957519613276001,5.781035155288407
Tokyo,35.6762,139.6503,2025-04-03 11:21:48.995285,16.183465291462788,0.11816261724261529,6.427078534635498
Tokyo,35.6762,139.6503,2025-04-04 11:21:48.995285,15.815868643698959,0.1322997658458328,6.336184585970892
Tokyo,35.6762,139.6503,2025-04-05 11:21:48.995285,16.477310522598394,0.5406796017090623,6.803951389294237
Tokyo,35.6762,139.6503,2025-04-06 11:21:48.995285,16.41316292180667,0.0,6.54739513333185
Tokyo,35.6762,139.6503,2025-04-07 11:21:48.995285,15.573093533869484,0.23104646520883146,6.995220592999956
Tokyo,35.6762,139.6503,2025-04-08 11:21:48.995285,15.853922480736061,0.0,6.335535479391362
Tokyo,35.6762,139.6503,2025-04-09 11:21:48.995285,16.00607315763894,0.1763443341396958,6.646031687456649
Tokyo,35.6762,139.6503,2025-04-10 11:21:48.995285,15.719948625051103,0.10794821403280194,6.424316861175311
Tokyo,35.6762,139.6503,2025-04-11 11:21:48.995285,14.997845931434837,0.0,6.914515917239341
Tokyo,35.6762,139.6503,2025-04-12 11:21:48.995285,15.211643657627892,0.15388455772713822,6.438784865862776
Tokyo,35.6762,139.6503,2025-04-13 11:21:48.995285,14.98893247148342,0.007772173322902073,6.7563220340437296
Tokyo,35.6762,139.6503,2025-04-14 11:21:48.995285,15.901618508721088,0.21090655748082276,6.176714310642752
Tokyo,35.6762,139.6503,2025-04-15 11:21:48.995285,15.049878554674692,0.03512698944903865,6.375436207060386
Tokyo,35.6762,139.6503,2025-04-16 11:21:48.995285,15.72497185000455,0.0,6.47478697642176
Tokyo,35.6762,139.6503,2025-04-17 11:21:48.995285,16.531236513100907,0.26535894176302666,6.87902526198884
Tokyo,35.6762,139.6503,2025-04-18 11:21:48.995285,16.315509155680996,0.13368045357477054,5.840843917697589
Tokyo,35.6762,139.6503,2025-04-19 11:21:48.995285,14.669076928825485,0.2062965060580701,6.400206666066266
Tokyo,35.6762,139.6503,2025-04-20 11:21:48.995285,14.93442153251882,0.038910388947905133,6.39005596207181
Tokyo,35.6762,139.6503,2025-04-21 11:21:48.995285,15.171331050320246,0.0,5.876907943281686
Tokyo,35.6762,139.6503,2025-04-22 11:21:48.995285,14.960728593930966,0.30186904713464424,6.360789271775955
Tokyo,35.6762,139.6503,2025-04-23 11:21:48.995285,14.703822859501066,0.4185149127636233,6.037799860642612
Tokyo,35.6762,139.6503,2025-04-24 11:21:48.995285,15.510642221153232,0.19550818543900916,5.800800956588782
Tokyo,35.6762,139.6503,2025-04-25 11:21:48.995285,15.853792088154057,0.21867703616798806,6.421306151451403
Tokyo,35.6762,139.6503,2025-04-26 11:21:48.995285,15.963289726470133,0.12653405808741996,6.411156463758843
Tokyo,35.6762,139.6503,2025-04-27 11:21:48.995285,15.23392142230196,0.19015470421522848,6.4265139251122
Tokyo,35.6762,139.6503,2025-04-28 11:21:48.995285,15.319954843350663,0.33477963564759994,6.5758574737695055
Tokyo,35.6762,139.6503,2025-04-29 11:21:48.995285,15.618357406912873,0.180377614409356,6.23618095303589
Tokyo,35.6762,139.6503,2025-04-30 11:21:48.995285,15.370757559049979,0.8593326026651467,7.037256804033776
Tokyo,35.6762,139.6503,2025-05-01 11:21:48.995285,15.814659346863523,0.0020864669183157936,6.490011797560549
Tokyo,35.6762,139.6503,2025-05-02 11:21:48.995285,15.608772708073722,0.3229184477135565,6.885929138918446
Tokyo,35.6762,139.6503,2025-05-03 11:21:48.995285,15.189555753446951,0.06801623937874376,5.996030227553386
Tokyo,35.6762,139.6503,2025-05-04 11:21:48.995285,14.433395574903047,0.3311634348701718,6.249641104972437
Tokyo,35.6762,139.6503,2025-05-05 11:21:48.995285,16.09512811541173,0.2796112976311344,6.705894441513269
Tokyo,35.6762,139.6503,2025-05-06 11:21:48.995285,14.986367337502369,0.24158923301626492,6.4320307172966205
Tokyo,35.6762,139.6503,2025-05-07 11:21:48.995285,15.491886363800958,0.25215050309490145,6.17804618378811
Tokyo,35.6762,139.6503,2025-05-08 11:21:48.995285,14.338416984913943,0.2480461881478192,5.948411030406776
Tokyo,35.6762,139.6503,2025-05-09 11:21:48.995285,15.274572383506312,0.202730979440324,6.7199611016721095
Tokyo,35.6762,139.6503,2025-05-10 11:21:48.995285,15.313796473159107,0.2759339945961537,6.695480676484657
Tokyo,35.6762,139.6503,2025-05-11 11:21:48.995285,15.321323216754767,0.5293123717045936,6.572996207425769
Tokyo,35.6762,139.6503,2025-05-12 11:21:48.995285,16.73720231158961,0.4509389343823087,6.351228142764225
Tokyo,35.6762,139.6503,2025-05-13 11:21:48.995285,14.897961728543079,0.2460222411028298,6.166072991711059
Tokyo,35.6762,139.6503,2025-05-14 11:21:48.995285,15.607005003271924,0.3725033777352858,6.484105538030989
Tokyo,35.6762,139.6503,2025-05-15 11:21:48.995285,15.441382811830252,1.104382402359283,6.10540441890638
Tokyo,35.6762,139.6503,2025-05-16 11:21:48.995285,14.823487516604724,0.35726279102208675,6.274524775830623
Tokyo,35.6762,139.6503,2025-05-17 11:21:48.995285,15.548633898510339,0.28432927118400814,6.8783751744198645
Tokyo,35.6762,139.6503,2025-05-18 11:21:48.995285,15.046587708987179,0.44244848043419,5.944749271060575
Tokyo,35.6762,139.6503,2025-05-19 11:21:48.995285,15.549280615910055,0.49583855778979696,6.7032583480701105
Tokyo,35.6762,139.6503,2025-05-20 11:21:48.995285,16.075018061528056,0.34131944755602445,6.948258785434749
Tokyo,35.6762,139.6503,2025-05-21 11:21:48.995285,15.152785924550512,0.6338306134632083,6.744877915814796
Tokyo,35.6762,139.6503,2025-05-22 11:21:48.995285,14.919650662831568,0.6041171069638143,6.619463863527945
Tokyo,35.6762,139.6503,2025-05-23 11:21:48.995285,15.568800324909736,0.5204306364001445,6.360928146148662
Tokyo,35.6762,139.6503,2025-05-24 11:21:48.995285,15.724145023194303,0.35618016284381704,6.306233583669796
Tokyo,35.6762,139.6503,2025-05-25 11:21:48.995285,14.566978227192665,0.5332555201361221,5.825560740181004
Tokyo,35.6762,139.6503,2025-05-26 11:21:48.995285,14.764914458342275,0.5350831426187801,6.511102004080194
Tokyo,35.6762,139.6503,2025-05-27 11:21:48.995285,15.311893195693498,0.5719633945111507,6.3793278653812715
Tokyo,35.6762,139.6503,2025-05-28 11:21:48.995285,14.89096176178811,0.693432346723952,6.2905896773954275
Tokyo,35.6762,139.6503,2025-05-29 11:21:48.995285,14.462620716140814,0.5304858124980789,6.4939756913362965
Tokyo,35.6762,139.6503,2025-05-30 11:21:48.995285,15.192960934714234,0.766506186231287,6.518710844061396
Tokyo,35.6762,139.6503,2025-05-31 11:21:48.995285,15.241208108036187,0.6159411185366728,6.309332810789884
Tokyo,35.6762,139.6503,2025-06-01 11:21:48.995285,14.721148114929818,0.5597222876355397,6.983924235043036
Tokyo,35.6762,139.6503,2025-06-02 11:21:48.995285,14.901926205213037,0.8420790387171159,6.719180833733727
Tokyo,35.6762,139.6503,2025-06-03 11:21:48.995285,14.565914268607067,0.6983821631542524,6.768883567511984
Tokyo,35.6762,139.6503,2025-06-04 11:21:48.995285,14.289574274105497,0.5830344759811983,6.469009164908178
Tokyo,35.6762,139.6503,2025-06-05 11:21:48.995285,14.571701110960344,0.6498921077651929,6.6533707196783425
Tokyo,35.6762,139.6503,2025-06-06 11:21:48.995285,14.840293285294376,0.7177886646828963,6.231288619820431
Tokyo,35.6762,139.6503,2025-06-07 11:21:48.995285,14.048934473825556,0.6517913383663925,6.699877562075092
Tokyo,35.6762,139.6503,2025-06-08 11:21:48.995285,14.55768786414331,0.6926825236006591,6.438679217805878
Tokyo,35.6762,139.6503,2025-06-09 11:21:48.995285,14.796892884815435,0.609773175680043,6.193404939495703
Tokyo,35.6762,139.6503,2025-06-10 11:21:48.995285,15.333664462334426,0.5349489244600509,6.493169998634231
Tokyo,35.6762,139.6503,2025-06-11 11:21:48.995285,14.563473147400517,0.725844000889791,6.412383790925033
Tokyo,35.6762,139.6503,2025-06-12 11:21:48.995285,14.0803360056719,0.7406834847390357,7.196920798166275
Tokyo,35.6762,139.6503,2025-06-13 11:21:48.995285,14.58206295271531,0.7906026339400909,6.6306182745439735
Tokyo,35.6762,139.6503,2025-06-14 11:21:48.995285,14.387306865730425,0.6911997286657273,6.973915240234467
Tokyo,35.6762,139.6503,2025-06-15 11:21:48.995285,14.930476964857949,0.6253963949599262,6.839386131907618
Tokyo,35.6762,139.6503,2025-06-16 11:21:48.995285,14.469333606089117,0.6732450005584434,6.51133417993925
Tokyo,35.6762,139.6503,2025-06-17 11:21:48.995285,13.2670087240064,0.8853467065046412,6.366884239120987
Tokyo,35.6762,139.6503,2025-06-18 11:21:48.995285,16.452221973942436,0.7227964840976077,5.977932025639904
Tokyo,35.6762,139.6503,2025-06-19 11:21:48.995285,14.661825686979844,0.7545807364982456,6.238716934800578
Tokyo,35.6762,139.6503,2025-06-20 11:21:48.995285,14.619595415184737,0.776524574370464,6.698826037326264
Tokyo,35.6762,139.6503,2025-06-21 11:21:48.995285,13.788776229650988,0.7544506457740321,6.409360884463789
Tokyo,35.6762,139.6503,2025-06-22 11:21:48.995285,13.811808673510736,0.7552945408496612,6.612746097721533
Tokyo,35.6762,139.6503,2025-06-23 11:21:48.995285,14.48286601348962,0.7453558940829421,5.890917454595799
Tokyo,35.6762,139.6503,2025-06-24 11:21:48.995285,14.68181295904713,0.9799924940678312,6.636054454729212
Tokyo,35.6762,139.6503,2025-06-25 11:21:48.995285,14.849815256142602,0.9149926102261318,6.828944467159785
Tokyo,35.6762,139.6503,2025-06-26 11:21:48.995285,14.602656437643278,0.9784090812923693,5.967272513058124
Tokyo,35.6762,139.6503,2025-06-27 11:21:48.995285,13.876298850253999,1.004786323506981,6.61146917190704
Tokyo,35.6762,139.6503,2025-06-28 11:21:48.995285,13.202526256919326,0.6306632155308354,6.903060396082538
Tokyo,35.6762,139.6503,2025-06-29 11:21:48.995285,14.39029956290072,0.9053621376344863,7.0040259948018395
Tokyo,35.6762,139.6503,2025-06-30 11:21:48.995285,14.159240396791112,0.8173245597869262,6.348950278742612
Tokyo,35.6762,139.6503,2025-07-01 11:21:48.995285,13.780928885651385,0.9921035709533964,6.73397910338346
Tokyo,35.6762,139.6503,2025-07-02 11:21:48.995285,14.81240504882789,2.4309143796739927,6.928936946001625
Tokyo,35.6762,139.6503,2025-07-03 11:21:48.995285,13.596927025446679,0.782610593104232,6.620414417234113
Tokyo,35.6762,139.6503,2025-07-04 11:21:48.995285,14.679721605132457,0.7477347505369525,6.885523276699043
Tokyo,35.6762,139.6503,2025-07-05 11:21:48.995285,13.652876299254697,0.8635220356029567,6.48924150399851
Tokyo,35.6762,139.6503,2025-07-06 11:21:48.995285,14.411887985582581,0.9874675242877724,6.618294243131239
Tokyo,35.6762,139.6503,2025-07-07 11:21:48.995285,14.798923296795778,0.9233038844437119,6.313517232061339
Tokyo,35.6762,139.6503,2025-07-08 11:21:48.995285,14.150259932721847,0.7786651627296479,6.450619952697872
Tokyo,35.6762,139.6503,2025-07-09 11:21:48.995285,15.151678690366433,1.1149659135320624,6.630114850962909
Tokyo,35.6762,139.6503,2025-07-10 11:21:48.995285,15.253359552689574,0.9649501598436329,6.29101420248627
Tokyo,35.6762,139.6503,2025-07-11 11:21:48.995285,14.400910586333865,0.9775595238507115,6.432924088057773
Tokyo,35.6762,139.6503,2025-07-12 11:21:48.995285,14.54113513120865,1.0276697470809226,6.728262104284041
Tokyo,35.6762,139.6503,2025-07-13 11:21:48.995285,14.789132422309665,0.734020565577701,7.11576725995283
Tokyo,35.6762,139.6503,2025-07-14 11:21:48.995285,14.519546358710736,0.8053022117385935,5.885168452505428
Tokyo,35.6762,139.6503,2025-07-15 11:21:48.995285,14.454732996008728,0.9766803956779594,7.092973000197085
Tokyo,35.6762,139.6503,2025-07-16 11:21:48.995285,13.963081257244914,0.8107716438560484,6.4220384706731695
Tokyo,35.6762,139.6503,2025-07-17 11:21:48.995285,13.37067205733243,0.8613459314261198,6.789469960708216
Tokyo,35.6762,139.6503,2025-07-18 11:21:48.995285,13.508769429592647,0.8776141541425297,6.848327809997522
Tokyo,35.6762,139.6503,2025-07-19 11:21:48.995285,15.384703733059816,0.7537318597891864,6.969349032182164
Tokyo,35.6762,139.6503,2025-07-20 11:21:48.995285,14.344691427456585,0.8410227391428043,6.281611440581063
Tokyo,35.6762,139.6503,2025-07-21 11:21:48.995285,14.050804060580425,0.963739894150375,6.43241860756466
Tokyo,35.6762,139.6503,2025-07-22 11:21:48.995285,14.795738150140318,0.9399788394055419,6.483921170314129
Tokyo,35.6762,139.6503,2025-07-23 11:21:48.995285,13.780021956216022,0.9726437871266205,6.392769847250797
Tokyo,35.6762,139.6503,2025-07-24 11:21:48.995285,14.437231963956767,0.956210516430877,6.895628292451741
Tokyo,35.6762,139.6503,2025-07-25 11:21:48.995285,14.175453888730107,0.8892699200539871,6.47695168969656
Tokyo,35.6762,139.6503,2025-07-26 11:21:48.995285,14.35830743184248,0.8743967177309008,6.014435700557489
Tokyo,35.6762,139.6503,2025-07-27 11:21:48.995285,13.951782861379536,0.8597032677781166,6.310095853305871
Tokyo,35.6762,139.6503,2025-07-28 11:21:48.995285,13.629595523725317,0.7639105038529704,6.026479991990936
Tokyo,35.6762,139.6503,2025-07-29 11:21:48.995285,13.69272517269527,0.7154786731409849,6.431498363991998
Tokyo,35.6762,139.6503,2025-07-30 11:21:48.995285,13.704702096545168,0.7409938819348266,6.701764902370381
Tokyo,35.6762,139.6503,2025-07-31 11:21:48.995285,14.087910213744706,0.7684637993570566,6.3036569983088935
Tokyo,35.6762,139.6503,2025-08-01 11:21:48.995285,13.304348783703634,0.7262404271603178,6.379090110609627
Tokyo,35.6762,139.6503,2025-08-02 11:21:48.995285,13.45199497029586,0.8236166178912624,6.4175704122985415
Tokyo,35.6762,139.6503,2025-08-03 11:21:48.995285,14.137038217726621,0.7924988853972317,6.542222748150573
Tokyo,35.6762,139.6503,2025-08-04 11:21:48.995285,13.99928113149761,0.7929948927556556,6.6548248335906575
Tokyo,35.6762,139.6503,2025-08-05 11:21:48.995285,14.15235462373793,0.7866459324299119,6.74217662838061
Tokyo,35.6762,139.6503,2025-08-06 11:21:48.995285,14.029116652821275,0.8602160190684223,7.176655094880957
Tokyo,35.6762,139.6503,2025-08-07 11:21:48.995285,15.30579410681366,0.7286516179230201,6.537048779300021
Tokyo,35.6762,139.6503,2025-08-08 11:21:48.995285,14.10465140000814,0.8189331187997216,6.720737916193914
Tokyo,35.6762,139.6503,2025-08-09 11:21:48.995285,13.846989626692213,0.7580834922042582,6.023732975696517
Tokyo,35.6762,139.6503,2025-08-10 11:21:48.995285,14.08262810965669,0.8074724365069847,6.38624510433034
Tokyo,35.6762,139.6503,2025-08-11 11:21:48.995285,14.537859324626103,0.8438256608420414,6.418874931961378
Tokyo,35.6762,139.6503,2025-08-12 11:21:48.995285,13.9991752546789,0.727665093985729,6.194805533303869
Tokyo,35.6762,139.6503,2025-08-13 11:21:48.995285,14.362750487672633,0.6678129356297866,6.339202180589739
Tokyo,35.6762,139.6503,2025-08-14 11:21:48.995285,14.215096430221125,0.6544162740362377,6.467754584703312
Tokyo,35.6762,139.6503,2025-08-15 11:21:48.995285,13.868844061614848,0.5847467849336284,6.348600987750558
Tokyo,35.6762,139.6503,2025-08-16 11:21:48.995285,14.066760309208636,0.5683079130517905,7.280550256351448
Tokyo,35.6762,139.6503,2025-08-17 11:21:48.995285,14.808346993102584,0.6956779134223569,6.653682602473319
Tokyo,35.6762,139.6503,2025-08-18 11:21:48.995285,14.128282298251568,0.4957552388474894,7.100306821657801
Tokyo,35.6762,139.6503,2025-08-19 11:21:48.995285,13.511884176813767,0.7401464194736537,6.947795353650202
Tokyo,35.6762,139.6503,2025-08-20 11:21:48.995285,13.843585884679392,0.5499504798850049,6.308226159964884
Tokyo,35.6762,139.6503,2025-08-21 11:21:48.995285,12.944959214268206,0.8377070602933137,6.511268140225943
Tokyo,35.6762,139.6503,2025-08-22 11:21:48.995285,14.069819637791406,0.4685031572439184,6.369552613677627
Tokyo,35.6762,139.6503,2025-08-23 11:21:48.995285,14.65648489120405,0.5491042029443507,6.451453172214101
Tokyo,35.6762,139.6503,2025-08-24 11:21:48.995285,13.329380457278335,0.4751424490660111,6.207069899243381
Tokyo,35.6762,139.6503,2025-08-25 11:21:48.995285,14.074875627517834,0.4172487920901977,6.3675394012489335
Tokyo,35.6762,139.6503,2025-08-26 11:21:48.995285,14.492947400954753,0.5891711418860597,6.607855664459971
Tokyo,35.6762,139.6503,2025-08-27 11:21:48.995285,14.546319305358558,0.35848998886683453,6.599936617082661
Tokyo,35.6762,139.6503,2025-08-28 11:21:48.995285,14.641465164982352,0.3877289464538989,6.57602109956488
Tokyo,35.6762,139.6503,2025-08-29 11:21:48.995285,13.068548111219094,0.500312292123541,6.482097552534932
Tokyo,35.6762,139.6503,2025-08-30 11:21:48.995285,14.256546481158727,0.5025894468047158,6.7582227275710824
Tokyo,35.6762,139.6503,2025-08-31 11:21:48.995285,13.252999500558744,0.2754030917013295,6.422887092176438
Tokyo,35.6762,139.6503,2025-09-01 11:21:48.995285,13.508611722295832,0.4593588163291636,6.917465701928485
Tokyo,35.6762,139.6503,2025-09-02 11:21:48.995285,14.420628634716898,0.4007977212619475,5.945720732894731
Tokyo,35.6762,139.6503,2025-09-03 11:21:48.995285,14.091674118531822,0.2829848478395162,6.697043307192727
Tokyo,35.6762,139.6503,2025-09-04 11:21:48.995285,14.378694220367594,0.2828669213981515,6.646511333674207
Tokyo,35.6762,139.6503,2025-09-05 11:21:48.995285,13.55413522732754,0.1455716711235739,6.297630032824535
Tokyo,35.6762,139.6503,2025-09-06 11:21:48.995285,14.758953213575781,0.5080020592535089,6.393430691943417
Tokyo,35.6762,139.6503,2025-09-07 11:21:48.995285,14.370066511748105,0.42533452775750286,6.639437281732711
Tokyo,35.6762,139.6503,2025-09-08 11:21:48.995285,14.474585137795223,0.18262169591263241,6.774780574144625
Tokyo,35.6762,139.6503,2025-09-09 11:21:48.995285,13.494176674287578,0.3793940419008696,5.975161049500668
Tokyo,35.6762,139.6503,2025-09-10 11:21:48.995285,14.624570836234009,0.23030574634026002,6.688473820296276
Tokyo,35.6762,139.6503,2025-09-11 11:21:48.995285,13.885684385087892,0.3676453486708997,6.362704644332733
Tokyo,35.6762,139.6503,2025-09-12 11:21:48.995285,13.743330348632151,0.21527854216710263,6.8375869322895655
Tokyo,35.6762,139.6503,2025-09-13 11:21:48.995285,14.367135382595688,0.2175507505038735,5.948217435855147
Tokyo,35.6762,139.6503,2025-09-14 11:21:48.995285,14.351749829452073,0.21434338792960778,7.2335896895363625
Tokyo,35.6762,139.6503,2025-09-15 11:21:48.995285,13.642753347298406,0.16703892014845534,6.234158020095771
Tokyo,35.6762,139.6503,2025-09-16 11:21:48.995285,15.100608821517064,0.3626146467685392,6.928988356036903
Tokyo,35.6762,139.6503,2025-09-17 11:21:48.995285,14.986204000478253,0.3027819338377632,6.47924461408015
Tokyo,35.6762,139.6503,2025-09-18 11:21:48.995285,14.388389582220551,0.21450604949388954,6.254399978839961
Tokyo,35.6762,139.6503,2025-09-19 11:21:48.995285,14.308187898563208,0.29690137128236416,6.579534201614424
Tokyo,35.6762,139.6503,2025-09-20 11:21:48.995285,14.265262243477904,0.02303288644396828,6.808737633486911
Tokyo,35.6762,139.6503,2025-09-21 11:21:48.995285,13.333020340531116,0.054562143616519135,6.034188559776571
Tokyo,35.6762,139.6503,2025-09-22 11:21:48.995285,14.172336184017368,0.21691379674623257,6.710476654786103
Tokyo,35.6762,139.6503,2025-09-23 11:21:48.995285,14.173879085803632,0.23545403263956388,6.496346450402873
Tokyo,35.6762,139.6503,2025-09-24 11:21:48.995285,13.844537802151212,0.18268390340561075,6.6731132247699
Tokyo,35.6762,139.6503,2025-09-25 11:21:48.995285,13.986561455723404,0.0,6.503292607201694
Tokyo,35.6762,139.6503,2025-09-26 11:21:48.995285,12.959536711114735,0.035430831272261556,6.328439348373604
Tokyo,35.6762,139.6503,2025-09-27 11:21:48.995285,13.610745129303027,0.1774173346127304,6.1660630245884365
Tokyo,35.6762,139.6503,2025-09-28 11:21:48.995285,14.629742519387838,0.3729309400468894,6.701793533614108
Tokyo,35.6762,139.6503,2025-09-29 11:21:48.995285,15.044121897517266,0.24703872798767035,6.70018159765965
Tokyo,35.6762,139.6503,2025-09-30 11:21:48.995285,13.716770598344754,0.2783857978422086,6.698681674307243
Tokyo,35.6762,139.6503,2025-10-01 11:21:48.995285,14.290063239313293,0.15048541542411142,6.628278895832172
Tokyo,35.6762,139.6503,2025-10-02 11:21:48.995285,14.758245507941881,0.14607398486931206,6.783409661551841
Tokyo,35.6762,139.6503,2025-10-03 11:21:48.995285,13.959596635981848,0.006247233021445198,6.921820783930893
Tokyo,35.6762,139.6503,2025-10-04 11:21:48.995285,14.56870926173337,0.20201158451316886,5.937074645778044
Tokyo,35.6762,139.6503,2025-10-05 11:21:48.995285,14.224799343731357,0.09721079365296356,5.797460766839274
Tokyo,35.6762,139.6503,2025-10-06 11:21:48.995285,14.84822890651612,0.17197049783940618,7.015384207963893
Tokyo,35.6762,139.6503,2025-10-07 11:21:48.995285,13.623357607201703,0.10440507458642545,6.097686045624443
Tokyo,35.6762,139.6503,2025-10-08 11:21:48.995285,13.724067647320261,0.12835995624106045,6.174127013963114
Tokyo,35.6762,139.6503,2025-10-09 11:21:48.995285,14.428112962189632,0.09126052490824262,6.4137157064375225
Tokyo,35.6762,139.6503,2025-10-10 11:21:48.995285,14.34864472289857,0.12255506899033294,6.003808526386069
Tokyo,35.6762,139.6503,2025-10-11 11:21:48.995285,14.284785284529667,0.2006334872922973,6.385523990807709
Tokyo,35.6762,139.6503,2025-10-12 11:21:48.995285,14.613473461269296,0.0,6.2155683967632
Tokyo,35.6762,139.6503,2025-10-13 11:21:48.995285,13.873040599478854,0.0,6.429997739090898
Tokyo,35.6762,139.6503,2025-10-14 11:21:48.995285,13.666652633154303,0.14764668080629526,6.58395239147213
Tokyo,35.6762,139.6503,2025-10-15 11:21:48.995285,14.114513645095458,0.25153484168211787,6.396938532371131
Tokyo,35.6762,139.6503,2025-10-16 11:21:48.995285,14.183813972210084,0.27963427961113985,6.381785814380856
Tokyo,35.6762,139.6503,2025-10-17 11:21:48.995285,14.249649539355918,0.0,6.577398739037494
Tokyo,35.6762,139.6503,2025-10-18 11:21:48.995285,15.039796168716174,0.07721868582300014,6.8132875393849845
Tokyo,35.6762,139.6503,2025-10-19 11:21:48.995285,14.804408349945803,0.0,6.980889304076499
Tokyo,35.6762,139.6503,2025-10-20 11:21:48.995285,14.699918178286596,0.07140394583211765,6.434438523799336
Tokyo,35.6762,139.6503,2025-10-21 11:21:48.995285,14.558564484147034,0.24389629441828212,7.047466745576971
Tokyo,35.6762,139.6503,2025-10-22 11:21:48.995285,14.244900600603923,0.1359052965231058,6.763012050428374
Tokyo,35.6762,139.6503,2025-10-23 11:21:48.995285,14.049611814242727,0.10582005345380177,6.130397463808047
Tokyo,35.6762,139.6503,2025-10-24 11:21:48.995285,13.892750345801884,0.2041518935834239,6.121637523315897
Tokyo,35.6762,139.6503,2025-10-25 11:21:48.995285,14.158971024604686,0.07698920770873155,6.326813644819199
Tokyo,35.6762,139.6503,2025-10-26 11:21:48.995285,14.499805165703718,0.32305047423439454,6.933381195007918
Tokyo,35.6762,139.6503,2025-10-27 11:21:48.995285,13.958957629005814,0.17213787590318144,6.349589805330339
Tokyo,35.6762,139.6503,2025-10-28 11:21:48.995285,14.636530537127893,0.13927614043413944,5.932292952648118
Tokyo,35.6762,139.6503,2025-10-29 11:21:48.995285,14.470005343831746,0.24656658305125068,6.431334737333687
Tokyo,35.6762,139.6503,2025-10-30 11:21:48.995285,14.384157191616081,0.2906062926296795,5.905828409731878
Tokyo,35.6762,139.6503,2025-10-31 11:21:48.995285,15.179278461399845,0.36543071482933126,6.183504305918938
Tokyo,35.6762,139.6503,2025-11-01 11:21:48.995285,13.384027282645027,0.19434046046147346,6.323891478112224
Tokyo,35.6762,139.6503,2025-11-02 11:21:48.995285,14.438410684466863,0.3337845453799049,6.544900673277407
Tokyo,35.6762,139.6503,2025-11-03 11:21:48.995285,13.47010515500889,0.24546731389308807,6.807248697982064
Tokyo,35.6762,139.6503,2025-11-04 11:21:48.995285,14.781758436870609,0.1846890775465594,6.708240783011529
Tokyo,35.6762,139.6503,2025-11-05 11:21:48.995285,15.059821129907098,0.1789280990535256,6.146202560465754
Tokyo,35.6762,139.6503,2025-11-06 11:21:48.995285,14.019525673236808,0.157981546255179,6.388486321350304
Tokyo,35.6762,139.6503,2025-11-07 11:21:48.995285,14.099988775173696,0.20485647484404007,6.52291267661077
Tokyo,35.6762,139.6503,2025-11-08 11:21:48.995285,13.878891926610667,0.40220441922978856,6.42133786266605
Tokyo,35.6762,139.6503,2025-11-09 11:21:48.995285,14.776467701240396,0.3731607401146121,6.4192114322395115
Tokyo,35.6762,139.6503,2025-11-10 11:21:48.995285,14.590933095892037,0.19045872604466477,5.9831770026037185
Tokyo,35.6762,139.6503,2025-11-11 11:21:48.995285,14.638751121800036,0.15225067095833303,6.154179754658108
Tokyo,35.6762,139.6503,2025-11-12 11:21:48.995285,14.61090968038844,0.22817548873796967,6.379118045258218
Tokyo,35.6762,139.6503,2025-11-13 11:21:48.995285,14.324973757972787,0.2744365620190161,5.572032297516452
Tokyo,35.6762,139.6503,2025-11-14 11:21:48.995285,15.39464386776654,0.33466426910465363,6.692193296002956
Tokyo,35.6762,139.6503,2025-11-15 11:21:48.995285,14.981861519401532,0.4953178624383559,6.088196270086679
Tokyo,35.6762,139.6503,2025-11-16 11:21:48.995285,14.270389459497931,0.33644505109639083,6.706051439979541
Tokyo,35.6762,139.6503,2025-11-17 11:21:48.995285,14.529518547184395,0.5725808896153473,6.679674801341273
Tokyo,35.6762,139.6503,2025-11-18 11:21:48.995285,14.460863915318827,0.24993821082041506,6.336892087066285
Tokyo,35.6762,139.6503,2025-11-19 11:21:48.995285,15.616999152999083,0.39661949025117815,6.800164497710461
Tokyo,35.6762,139.6503,2025-11-20 11:21:48.995285,15.286807209539111,0.5236433580683336,6.72295920347748
Tokyo,35.6762,139.6503,2025-11-21 11:21:48.995285,14.885135604315469,0.5434798462576691,6.4073115587496074
Tokyo,35.6762,139.6503,2025-11-22 11:21:48.995285,15.819188980854184,0.4389076336402327,6.373472115442491
Tokyo,35.6762,139.6503,2025-11-23 11:21:48.995285,15.708808441443757,0.5864066987293209,6.829169835699307
Tokyo,35.6762,139.6503,2025-11-24 11:21:48.995285,14.884644552929116,0.5812196442506888,6.5696041518223
Sydney,-33.8688,151.2093,2024-11-24 11:21:48.995285,14.981450515101102,0.606035729337558,6.185642412535716
Sydney,-33.8688,151.2093,2024-11-25 11:21:48.995285,15.123959272004303,0.45469940240358203,6.018764252623738
Sydney,-33.8688,151.2093,2024-11-26 11:21:48.995285,14.96320594322569,0.4799872595950848,6.6108200199043115
Sydney,-33.8688,151.2093,2024-11-27 11:21:48.995285,14.705014045358805,0.3392958514722001,6.448169992816847
Sydney,-33.8688,151.2093,2024-11-28 11:21:48.995285,15.529133499633089,0.5686518739544504,6.606182319742946
Sydney,-33.8688,151.2093,2024-11-29 11:21:48.995285,14.260138016637885,0.49381132337871025,6.6562254066810125
Sydney,-33.8688,151.2093,2024-11-30 11:21:48.995285,14.964139761439888,0.590842938163441,6.726940651028072
Sydney,-33.8688,151.2093,2024-12-01 11:21:48.995285,14.86124276373886,0.39884169691195703,6.622076522344634
Sydney,-33.8688,151.2093,2024-12-02 11:21:48.995285,15.643200322134597,0.6061076294147482,6.206117420961735
Sydney,-33.8688,151.2093,2024-12-03 11:21:48.995285,14.924867273499599,0.7918356204858651,6.673857657575293
Sydney,-33.8688,151.2093,2024-12-04 11:21:48.995285,15.390124922570132,0.640423275960878,6.566541421762312
Sydney,-33.8688,151.2093,2024-12-05 11:21:48.995285,15.35475010792295,0.5704215984512151,7.157031433737448
Sydney,-33.8688,151.2093,2024-12-06 11:21:48.995285,14.28754532881506,0.6585485231914067,6.502375501961901
Sydney,-33.8688,151.2093,2024-12-07 11:21:48.995285,15.189097820549353,0.6666853634015638,6.61486993571988
Sydney,-33.8688,151.2093,2024-12-08 11:21:48.995285,14.367304855118574,0.9046034224367695,6.47155231735571
Sydney,-33.8688,151.2093,2024-12-09 11:21:48.995285,15.430995904343304,0.6642260271419222,6.514668755208964
Sydney,-33.8688,151.2093,2024-12-10 11:21:48.995285,14.906797390545522,0.5890369126239343,6.494415993775071
Sydney,-33.8688,151.2093,2024-12-11 11:21:48.995285,15.881817221305308,0.7231199426897916,6.369612927139804
Sydney,-33.8688,151.2093,2024-12-12 11:21:48.995285,15.214537174717307,0.7518734331654503,6.553206097326475
Sydney,-33.8688,151.2093,2024-12-13 11:21:48.995285,14.936241510590246,0.799620344681466,6.686528132636933
Sydney,-33.8688,151.2093,2024-12-14 11:21:48.995285,15.93745233269157,0.8297491053792097,6.374147996188802
Sydney,-33.8688,151.2093,2024-12-15 11:21:48.995285,14.917731039822195,0.9602064558478909,6.750671986553068
Sydney,-33.8688,151.2093,2024-12-16 11:21:48.995285,15.817072073564493,0.715254736722213,6.7142930988799385
Sydney,-33.8688,151.2093,2024-12-17 11:21:48.995285,15.619427743252674,0.7160076744948914,6.235921324452006
Sydney,-33.8688,151.2093,2024-12-18 11:21:48.995285,15.218772177906171,0.6087531614701294,6.2108930823145565
Sydney,-33.8688,151.2093,2024-12-19 11:21:48.995285,14.749204699855495,0.8694877000629974,6.634446020032078
Sydney,-33.8688,151.2093,2024-12-20 11:21:48.995285,16.053606863459102,0.7233869038843959,6.323739264506256
Sydney,-33.8688,151.2093,2024-12-21 11:21:48.995285,15.698461370420091,0.9097208632613326,6.186286805819152
Sydney,-33.8688,151.2093,2024-12-22 11:21:48.995285,15.077576260522765,0.7794271299623812,7.01506923384602
Sydney,-33.8688,151.2093,2024-12-23 11:21:48.995285,15.601036682413083,1.0088431594298282,6.210101730710394
Sydney,-33.8688,151.2093,2024-12-24 11:21:48.995285,15.99685649952622,0.7001548944123143,6.042921365552228
Sydney,-33.8688,151.2093,2024-12-25 11:21:48.995285,15.564680340950549,0.9526492323929665,6.264891983473666
Sydney,-33.8688,151.2093,2024-12-26 11:21:48.995285,15.642615023692098,0.9471767948650981,6.569494458116769
Sydney,-33.8688,151.2093,2024-12-27 11:21:48.995285,16.054007043440315,0.9154631689674764,6.522065623200264
Sydney,-33.8688,151.2093,2024-12-28 11:21:48.995285,16.321066700319207,0.7566621451879,7.06616402904945
Sydney,-33.8688,151.2093,2024-12-29 11:21:48.995285,15.506902168810216,0.9266499735600254,6.269482115668171
Sydney,-33.8688,151.2093,2024-12-30 11:21:48.995285,14.912078840789595,0.8909260290505276,6.5708469220963766
Sydney,-33.8688,151.2093,2024-12-31 11:21:48.995285,149.4343853017274,0.6994683095954958,6.838546666516745
Sydney,-33.8688,151.2093,2025-01-01 11:21:48.995285,15.26298046369518,1.0421232740354083,6.302295245451996
Sydney,-33.8688,151.2093,2025-01-02 11:21:48.995285,15.154600985231376,0.8550790404772691,6.711117262420691
Sydney,-33.8688,151.2093,2025-01-03 11:21:48.995285,14.794197852839835,1.0406443577110824,5.950348669742308
Sydney,-33.8688,151.2093,2025-01-04 11:21:48.995285,16.572542062600757,0.8881736319473963,7.027626361823222
Sydney,-33.8688,151.2093,2025-01-05 11:21:48.995285,15.925684249380446,0.9951214900970468,6.798427328452164
Sydney,-33.8688,151.2093,2025-01-06 11:21:48.995285,15.41254482041545,0.8124150872848435,6.295797500837309
Sydney,-33.8688,151.2093,2025-01-07 11:21:48.995285,15.670794346027678,0.9208176638950741,6.748945333350115
Sydney,-33.8688,151.2093,2025-01-08 11:21:48.995285,14.806258783299928,0.914301600104724,6.89395486983798
Sydney,-33.8688,151.2093,2025-01-09 11:21:48.995285,16.290317571236145,0.867606560722632,6.113399424854982
Sydney,-33.8688,151.2093,2025-01-10 11:21:48.995285,14.748838842524055,0.8126296048425468,6.320036630307566
Sydney,-33.8688,151.2093,2025-01-11 11:21:48.995285,15.990430913786119,0.5919834876177248,6.90382502415288
Sydney,-33.8688,151.2093,2025-01-12 11:21:48.995285,14.827761010322405,0.8127267988576072,6.520241866831989
Sydney,-33.8688,151.2093,2025-01-13 11:21:48.995285,15.551301760918932,0.9655219474505096,6.630849849709845
Sydney,-33.8688,151.2093,2025-01-14 11:21:48.995285,16.390759263019383,0.7536476659029766,6.521059168581887
Sydney,-33.8688,151.2093,2025-01-15 11:21:48.995285,14.96331980524989,0.7715908562700855,6.767446653099743
Sydney,-33.8688,151.2093,2025-01-16 11:21:48.995285,15.716591206647458,0.7436888323731551,6.6538794921644095
Sydney,-33.8688,151.2093,2025-01-17 11:21:48.995285,16.11524642603827,0.9043759384259742,6.5318651791766005
Sydney,-33.8688,151.2093,2025-01-18 11:21:48.995285,16.043623809179554,0.7900039734955427,5.8694922056548045
Sydney,-33.8688,151.2093,2025-01-19 11:21:48.995285,15.856569553191596,0.9967868362381864,6.692003189154483
Sydney,-33.8688,151.2093,2025-01-20 11:21:48.995285,16.079052382534908,0.9431782595891648,6.718772292997763
Sydney,-33.8688,151.2093,2025-01-21 11:21:48.995285,15.535206427832334,0.8842542584327827,6.128138338172892
Sydney,-33.8688,151.2093,2025-01-22 11:21:48.995285,16.816215019194026,0.8887306829515489,6.148520327529319
Sydney,-33.8688,151.2093,2025-01-23 11:21:48.995285,15.053455031829886,0.7757100743244442,6.655279578700879
Sydney,-33.8688,151.2093,2025-01-24 11:21:48.995285,16.448491726893984,0.7689875886204902,6.558297520440281
Sydney,-33.8688,151.2093,2025-01-25 11:21:48.995285,15.970638973536001,0.9092022775994267,5.907561925423502
Sydney,-33.8688,151.2093,2025-01-26 11:21:48.995285,16.19262212562554,0.9218808818532681,6.253393488756327
Sydney,-33.8688,151.2093,2025-01-27 11:21:48.995285,16.28925435525142,0.8928182157197325,6.59415292967061
Sydney,-33.8688,151.2093,2025-01-28 11:21:48.995285,16.177445171383866,0.767201676389146,6.70300306075066
Sydney,-33.8688,151.2093,2025-01-29 11:21:48.995285,15.501502932523149,0.7664232373641887,6.324704234052259
Sydney,-33.8688,151.2093,2025-01-30 11:21:48.995285,15.770993143440943,0.7033131261589355,6.455763053450491
Sydney,-33.8688,151.2093,2025-01-31 11:21:48.995285,15.19517645418722,0.8638961491961733,6.236194368291613
Sydney,-33.8688,151.2093,2025-02-01 11:21:48.995285,15.778293820573484,0.581166934550761,6.89717710224846
Sydney,-33.8688,151.2093,2025-02-02 11:21:48.995285,16.095096726227148,0.5468019151997098,6.552376483257802
Sydney,-33.8688,151.2093,2025-02-03 11:21:48.995285,16.243420195620246,0.5563359480495411,6.299693515155576
Sydney,-33.8688,151.2093,2025-02-04 11:21:48.995285,16.141313559924274,0.5318449117158981,6.153109570347555
Sydney,-33.8688,151.2093,2025-02-05 11:21:48.995285,15.073511645580087,0.8708281910668038,6.119933789360309
Sydney,-33.8688,151.2093,2025-02-06 11:21:48.995285,15.675147860381543,0.802516241321098,7.043466415775699
Sydney,-33.8688,151.2093,2025-02-07 11:21:48.995285,15.630005039188536,0.592432359096468,6.447946446741465
Sydney,-33.8688,151.2093,2025-02-08 11:21:48.995285,15.310655971033174,0.6899034347095657,6.3801436729465255
Sydney,-33.8688,151.2093,2025-02-09 11:21:48.995285,15.552097221299627,0.835042840454382,6.43602685564049
Sydney,-33.8688,151.2093,2025-02-10 11:21:48.995285,15.974740045357175,0.7262273758314404,6.310937064158954
Sydney,-33.8688,151.2093,2025-02-11 11:21:48.995285,16.68474260189487,0.8751800103233291,6.467896852076427
Sydney,-33.8688,151.2093,2025-02-12 11:21:48.995285,15.504774305667112,0.6396565726723041,6.510478521081491
Sydney,-33.8688,151.2093,2025-02-13 11:21:48.995285,15.420041599249243,0.572729030431037,6.5045010596426565
Sydney,-33.8688,151.2093,2025-02-14 11:21:48.995285,15.68761322057171,0.5171318997056193,6.121220660397063
Sydney,-33.8688,151.2093,2025-02-15 11:21:48.995285,16.15866568863041,0.6144567356596309,6.767729294014458
Sydney,-33.8688,151.2093,2025-02-16 11:21:48.995285,16.6040761545972,0.6924153113510709,6.33411217005783
Sydney,-33.8688,151.2093,2025-02-17 11:21:48.995285,15.950963453048969,0.5953208695028473,6.302400995836756
Sydney,-33.8688,151.2093,2025-02-18 11:21:48.995285,15.272979623171173,0.5360871343259235,6.288852195040238
Sydney,-33.8688,151.2093,2025-02-19 11:21:48.995285,15.38078355896813,0.6839717222996714,6.184258492060671
Sydney,-33.8688,151.2093,2025-02-20 11:21:48.995285,16.092576115485535,0.5975528124619786,6.580339299586194
Sydney,-33.8688,151.2093,2025-02-21 11:21:48.995285,16.49687720857771,0.5196109420313945,6.768494591702
Sydney,-33.8688,151.2093,2025-02-22 11:21:48.995285,16.907639464400532,0.4405497658573033,6.283103234409856
Sydney,-33.8688,151.2093,2025-02-23 11:21:48.995285,15.408790322284823,0.477998519602296,5.947062264385469
Sydney,-33.8688,151.2093,2025-02-24 11:21:48.995285,16.0698038492969,0.5369473461848376,6.191865620717473
Sydney,-33.8688,151.2093,2025-02-25 11:21:48.995285,15.484623762064757,0.3978798014421738,6.3655142152117845
Sydney,-33.8688,151.2093,2025-02-26 11:21:48.995285,15.54956637779272,0.338820006196371,6.130569406570624
Sydney,-33.8688,151.2093,2025-02-27 11:21:48.995285,15.50626129472797,0.4004856033587995,6.320380493299378
Sydney,-33.8688,151.2093,2025-02-28 11:21:48.995285,15.829528319366903,0.42995622561681957,6.33454195271578
Sydney,-33.8688,151.2093,2025-03-01 11:21:48.995285,15.553965768114463,0.5576598605991472,6.4953529933649214
Sydney,-33.8688,151.2093,2025-03-02 11:21:48.995285,17.23267987773415,0.2918739949215033,6.063513660124313
Sydney,-33.8688,151.2093,2025-03-03 11:21:48.995285,15.76127617235062,0.4172086126020821,6.6740340118976915
Sydney,-33.8688,151.2093,2025-03-04 11:21:48.995285,16.482566645662086,0.3535577249598808,6.998281645609937
Sydney,-33.8688,151.2093,2025-03-05 11:21:48.995285,15.656184312646431,0.3454425285179151,6.92873516164403
Sydney,-33.8688,151.2093,2025-03-06 11:21:48.995285,17.099546816914096,0.5092511379965187,6.324786755810523
Sydney,-33.8688,151.2093,2025-03-07 11:21:48.995285,16.149146182354905,0.3506851030699502,6.700596548347508
Sydney,-33.8688,151.2093,2025-03-08 11:21:48.995285,16.39447641539638,0.23864437284060053,6.665076141770603
Sydney,-33.8688,151.2093,2025-03-09 11:21:48.995285,15.676579441826092,0.40651199475117694,6.486942451121231
Sydney,-33.8688,151.2093,2025-03-10 11:21:48.995285,16.456158085575254,0.38701498548721014,6.553101692352537
Sydney,-33.8688,151.2093,2025-03-11 11:21:48.995285,16.130915061473107,0.19345793240149756,6.704913139057713
Sydney,-33.8688,151.2093,2025-03-12 11:21:48.995285,15.769229044049693,0.16261015161503523,6.765012741312033
Sydney,-33.8688,151.2093,2025-03-13 11:21:48.995285,15.413735278415631,0.31154306530897724,6.256498320979482
Sydney,-33.8688,151.2093,2025-03-14 11:21:48.995285,15.829589824527384,0.2560534828358687,6.7243074169948045
Sydney,-33.8688,151.2093,2025-03-15 11:21:48.995285,15.781189404079187,0.20143660369077346,6.9999387570456335
Sydney,-33.8688,151.2093,2025-03-16 11:21:48.995285,16.371395484588643,0.343567307915203,6.764654492605262
Sydney,-33.8688,151.2093,2025-03-17 11:21:48.995285,15.814599498239149,0.16846256660561781,6.960938874586958
Sydney,-33.8688,151.2093,2025-03-18 11:21:48.995285,14.963518870550852,0.25992284620746775,5.72494419294649
Sydney,-33.8688,151.2093,2025-03-19 11:21:48.995285,16.240673650310985,0.3256414151604837,6.678712718788428
Sydney,-33.8688,151.2093,2025-03-20 11:21:48.995285,16.557187921063363,0.1650201829723781,6.579275380972462
Sydney,-33.8688,151.2093,2025-03-21 11:21:48.995285,15.070322059810463,0.007136509980261302,6.8081254091670695
Sydney,-33.8688,151.2093,2025-03-22 11:21:48.995285,16.798204597432935,0.1412200761474689,6.1623121527264795
Sydney,-33.8688,151.2093,2025-03-23 11:21:48.995285,16.58638322420617,0.1923131535791775,6.348157672468485
Sydney,-33.8688,151.2093,2025-03-24 11:21:48.995285,15.56457187140705,0.2659304025088261,6.770161019894195
Sydney,-33.8688,151.2093,2025-03-25 11:21:48.995285,15.313126515300498,0.10615506307647934,6.182099432762651
Sydney,-33.8688,151.2093,2025-03-26 11:21:48.995285,16.38963085651252,0.32362681716259273,6.572694277235414
Sydney,-33.8688,151.2093,2025-03-27 11:21:48.995285,15.169497579980792,0.01489483307482864,6.494918425128335
Sydney,-33.8688,151.2093,2025-03-28 11:21:48.995285,15.51107876824436,0.15507204552485845,6.441220799940196
Sydney,-33.8688,151.2093,2025-03-29 11:21:48.995285,15.178360608665495,0.10905024620532215,6.671809592629067
Sydney,-33.8688,151.2093,2025-03-30 11:21:48.995285,15.829308103464362,0.26241951689880616,6.16534976378619
Sydney,-33.8688,151.2093,2025-03-31 11:21:48.995285,16.54913062313198,0.0,6.265964965510962
Sydney,-33.8688,151.2093,2025-04-01 11:21:48.995285,15.993938363496609,0.16109107716141413,6.458225361365912
Sydney,-33.8688,151.2093,2025-04-02 11:21:48.995285,16.305220113144028,0.09018861738486941,6.139645290448726
Sydney,-33.8688,151.2093,2025-04-03 11:21:48.995285,15.609748617311373,0.26406681631697454,6.869276540699913
Sydney,-33.8688,151.2093,2025-04-04 11:21:48.995285,15.823535456047964,0.0252986552195458,6.2603698587709875
Sydney,-33.8688,151.2093,2025-04-05 11:21:48.995285,15.15066973046578,0.14715256626391157,6.735898880012268
Sydney,-33.8688,151.2093,2025-04-06 11:21:48.995285,15.70422386326285,0.019735220358833308,6.237349007915806
Sydney,-33.8688,151.2093,2025-04-07 11:21:48.995285,15.368236956020324,0.12076409330200594,6.7112591618428254
Sydney,-33.8688,151.2093,2025-04-08 11:21:48.995285,15.64942240489835,0.06389664838076588,6.017345397665931
Sydney,-33.8688,151.2093,2025-04-09 11:21:48.995285,15.603170877366978,0.0616585121993146,6.922584620313352
Sydney,-33.8688,151.2093,2025-04-10 11:21:48.995285,15.548363671100171,0.0,6.84053990153199
Sydney,-33.8688,151.2093,2025-04-11 11:21:48.995285,16.747059726852065,0.42527520581980893,6.334224947563234
Sydney,-33.8688,151.2093,2025-04-12 11:21:48.995285,16.56454573583298,0.0,6.25230781037686
Sydney,-33.8688,151.2093,2025-04-13 11:21:48.995285,16.376135054984402,0.0,6.637340753750037
Sydney,-33.8688,151.2093,2025-04-14 11:21:48.995285,16.552685840957714,0.0,6.042168133458875
Sydney,-33.8688,151.2093,2025-04-15 11:21:48.995285,16.351706037875495,0.0006055374592643381,6.510425626038275
Sydney,-33.8688,151.2093,2025-04-16 11:21:48.995285,15.617574147540747,0.1589086400306559,6.257723469524648
Sydney,-33.8688,151.2093,2025-04-17 11:21:48.995285,15.552829797443733,0.15709176010803805,6.423706965416608
Sydney,-33.8688,151.2093,2025-04-18 11:21:48.995285,15.719324188485214,0.18191918250520256,6.3068453686779
Sydney,-33.8688,151.2093,2025-04-19 11:21:48.995285,15.482442792934767,0.016879304197457437,6.260489410131865
Sydney,-33.8688,151.2093,2025-04-20 11:21:48.995285,15.053749577188098,0.14553573938051426,7.0114382472873755
Sydney,-33.8688,151.2093,2025-04-21 11:21:48.995285,15.707891890183683,0.06744497326790924,6.734163045001091
Sydney,-33.8688,151.2093,2025-04-22 11:21:48.995285,14.762179896763985,0.2298217735596981,6.056041105348356
Sydney,-33.8688,151.2093,2025-04-23 11:21:48.995285,15.599550868390113,0.18274904762353283,6.237255978569777
Sydney,-33.8688,151.2093,2025-04-24 11:21:48.995285,15.01867594847778,0.0807211633512933,6.757234708800474
Sydney,-33.8688,151.2093,2025-04-25 11:21:48.995285,15.460722378260424,0.25707501163998486,6.790606053141352
Sydney,-33.8688,151.2093,2025-04-26 11:21:48.995285,15.581874428378256,0.2108075974531214,6.084475191304146
Sydney,-33.8688,151.2093,2025-04-27 11:21:48.995285,15.294732771972454,0.02883146676229434,6.709581454607391
Sydney,-33.8688,151.2093,2025-04-28 11:21:48.995285,14.63565126207313,0.00823215826389792,6.579508734839907
Sydney,-33.8688,151.2093,2025-04-29 11:21:48.995285,14.846509367625735,0.048853155244627244,5.917499010480319
Sydney,-33.8688,151.2093,2025-04-30 11:21:48.995285,15.65412215080958,0.3571522408990886,6.379040684482007
Sydney,-33.8688,151.2093,2025-05-01 11:21:48.995285,15.130634861892178,0.09966490231773494,6.459151005094849
Sydney,-33.8688,151.2093,2025-05-02 11:21:48.995285,15.674015153048664,0.3981564054498172,6.514547541610204
Sydney,-33.8688,151.2093,2025-05-03 11:21:48.995285,15.38255861101975,0.11348481087390185,6.103825163803993
Sydney,-33.8688,151.2093,2025-05-04 11:21:48.995285,15.262797785174529,0.11283604693908729,6.271095348744588
Sydney,-33.8688,151.2093,2025-05-05 11:21:48.995285,15.519434106731497,0.3285434236923335,6.313116878405475
Sydney,-33.8688,151.2093,2025-05-06 11:21:48.995285,14.991959946277126,1.0312008951416891,6.339297285002075
Sydney,-33.8688,151.2093,2025-05-07 11:21:48.995285,15.51330449997237,0.31769184257905636,6.344300765824155
Sydney,-33.8688,151.2093,2025-05-08 11:21:48.995285,15.086959278033312,0.3409303268627171,6.460210126725655
Sydney,-33.8688,151.2093,2025-05-09 11:21:48.995285,16.548373454718934,0.204635753848847,6.592890984533125
Sydney,-33.8688,151.2093,2025-05-10 11:21:48.995285,14.696697684159965,0.37983194200722326,7.032267717354374
Sydney,-33.8688,151.2093,2025-05-11 11:21:48.995285,15.068397865448915,0.33250613112554483,6.7612666260639696
Sydney,-33.8688,151.2093,2025-05-12 11:21:48.995285,15.071852171754335,0.2841807243454465,6.895059016852926
Sydney,-33.8688,151.2093,2025-05-13 11:21:48.995285,14.537588134909361,0.34258454873355,6.355773294492895
Sydney,-33.8688,151.2093,2025-05-14 11:21:48.995285,15.55957918434284,0.45179921931748485,6.1988230549271215
Sydney,-33.8688,151.2093,2025-05-15 11:21:48.995285,14.965404545185272,0.39771461142523284,6.7404275826642
Sydney,-33.8688,151.2093,2025-05-16 11:21:48.995285,13.97291790210095,0.1557119260530192,6.495136718034572
Sydney,-33.8688,151.2093,2025-05-17 11:21:48.995285,15.49336348269254,0.4737298139769438,6.719095340038861
Sydney,-33.8688,151.2093,2025-05-18 11:21:48.995285,14.810663786776152,0.4793225532997797,6.235309932624488
Sydney,-33.8688,151.2093,2025-05-19 11:21:48.995285,15.059208295661811,0.37332492683427787,6.694573129630292
Sydney,-33.8688,151.2093,2025-05-20 11:21:48.995285,15.432948039745128,0.4363841453846148,6.447425154077033
Sydney,-33.8688,151.2093,2025-05-21 11:21:48.995285,14.895033186722404,0.4495504468502208,6.36172970465952
Sydney,-33.8688,151.2093,2025-05-22 11:21:48.995285,14.8737649576625,0.253970824442582,6.3899732703049965
Sydney,-33.8688,151.2093,2025-05-23 11:21:48.995285,16.275373225165612,0.4254470495956104,6.647130025174363
Sydney,-33.8688,151.2093,2025-05-24 11:21:48.995285,13.94894556615967,0.4430544253160076,6.7322423949033166
Sydney,-33.8688,151.2093,2025-05-25 11:21:48.995285,14.365624253573968,0.4772419706523363,6.390075752683742
Sydney,-33.8688,151.2093,2025-05-26 11:21:48.995285,14.44536253564859,0.45430056607556907,6.603292948526999
Sydney,-33.8688,151.2093,2025-05-27 11:21:48.995285,15.868692930227372,0.5869320438116393,6.602244918299953
Sydney,-33.8688,151.2093,2025-05-28 11:21:48.995285,14.634671113974445,0.45347302963851277,6.721501058009488
Sydney,-33.8688,151.2093,2025-05-29 11:21:48.995285,15.059891160057042,0.6390909345620962,6.796074557984946
Sydney,-33.8688,151.2093,2025-05-30 11:21:48.995285,14.685574419305375,0.6232977366054225,7.043366416181814
Sydney,-33.8688,151.2093,2025-05-31 11:21:48.995285,15.207063421348243,0.711332522717457,6.360448884043096
Sydney,-33.8688,151.2093,2025-06-01 11:21:48.995285,14.88198421902256,0.7621485086153715,6.938002969898055
Sydney,-33.8688,151.2093,2025-06-02 11:21:48.995285,14.997801420647205,0.7761865001880307,6.535122312518402
Sydney,-33.8688,151.2093,2025-06-03 11:21:48.995285,15.497823988731716,0.4968311767154405,6.171559638376491
Sydney,-33.8688,151.2093,2025-06-04 11:21:48.995285,15.057327810485965,0.6629264482364583,6.304854654185818
Sydney,-33.8688,151.2093,2025-06-05 11:21:48.995285,14.452699725546307,0.5696918232392079,6.639788036064864
Sydney,-33.8688,151.2093,2025-06-06 11:21:48.995285,14.95936063475071,0.9822953214663546,6.7171282135776424
Sydney,-33.8688,151.2093,2025-06-07 11:21:48.995285,15.995805458734146,0.7282845769434056,6.195119642981651
Sydney,-33.8688,151.2093,2025-06-08 11:21:48.995285,15.052179564271267,0.8209229356655434,6.270834723014532
Sydney,-33.8688,151.2093,2025-06-09 11:21:48.995285,14.828932647008566,0.735030486396164,6.3400650029423264
Sydney,-33.8688,151.2093,2025-06-10 11:21:48.995285,14.051058030891642,0.4399240689705281,6.240989593430581
Sydney,-33.8688,151.2093,2025-06-11 11:21:48.995285,15.08197859013326,0.6368455654536973,5.935974502925754
Sydney,-33.8688,151.2093,2025-06-12 11:21:48.995285,15.139400620817371,0.6581224084478161,5.834205886111008
Sydney,-33.8688,151.2093,2025-06-13 11:21:48.995285,14.843254532457824,0.6988771470279429,6.385457865350489
Sydney,-33.8688,151.2093,2025-06-14 11:21:48.995285,14.72763857732237,0.78477552940169,6.57562378688791
Sydney,-33.8688,151.2093,2025-06-15 11:21:48.995285,16.070657527916236,0.8095850968554291,6.696675682027595
Sydney,-33.8688,151.2093,2025-06-16 11:21:48.995285,15.066000143832435,0.5070438035615192,6.0912997778076665
Sydney,-33.8688,151.2093,2025-06-17 11:21:48.995285,15.242306165717517,0.7560913744030524,6.096398264782191
Sydney,-33.8688,151.2093,2025-06-18 11:21:48.995285,14.639850800554445,0.7408700031797989,6.3416214190686935
Sydney,-33.8688,151.2093,2025-06-19 11:21:48.995285,14.524846832165352,0.936892667448871,6.501002735866572
Sydney,-33.8688,151.2093,2025-06-20 11:21:48.995285,14.891049198881516,0.8669903911616184,6.80263448011904
Sydney,-33.8688,151.2093,2025-06-21 11:21:48.995285,14.49320978454804,0.7980705104623307,6.715316620757066
Sydney,-33.8688,151.2093,2025-06-22 11:21:48.995285,14.518876314152493,0.8469837059892127,6.389651548655881
Sydney,-33.8688,151.2093,2025-06-23 11:21:48.995285,14.760443333263318,0.6637659467744506,6.608046591385329
Sydney,-33.8688,151.2093,2025-06-24 11:21:48.995285,14.257322370082646,0.9060620410941919,6.246938228260949
Sydney,-33.8688,151.2093,2025-06-25 11:21:48.995285,14.608962794084034,0.8074286498325616,6.522303726694947
Sydney,-33.8688,151.2093,2025-06-26 11:21:48.995285,14.523979682247173,0.7728891267011698,6.481273012089937
Sydney,-33.8688,151.2093,2025-06-27 11:21:48.995285,14.952782770565083,0.991275531844523,6.921290686948397
Sydney,-33.8688,151.2093,2025-06-28 11:21:48.995285,14.149102392383313,2.6790278326256782,6.648066525147637
Sydney,-33.8688,151.2093,2025-06-29 11:21:48.995285,13.440444784951094,0.804473580413609,6.268764486199189
Sydney,-33.8688,151.2093,2025-06-30 11:21:48.995285,14.270910272024338,0.8155031085518101,6.271833552256195
Sydney,-33.8688,151.2093,2025-07-01 11:21:48.995285,14.6108577590699,0.917013240482111,6.40007254013156
Sydney,-33.8688,151.2093,2025-07-02 11:21:48.995285,14.880429665355194,0.9132690431963166,6.030660198667077
Sydney,-33.8688,151.2093,2025-07-03 11:21:48.995285,14.038293898650764,0.8909680738830473,6.430993886555963
Sydney,-33.8688,151.2093,2025-07-04 11:21:48.995285,14.64228711522561,0.7708036977426673,6.456902237105491
Sydney,-33.8688,151.2093,2025-07-05 11:21:48.995285,14.925522469572453,0.7882431246899106,6.639958063689911
Sydney,-33.8688,151.2093,2025-07-06 11:21:48.995285,14.72046897434366,0.8211416002183154,6.683637605644655
Sydney,-33.8688,151.2093,2025-07-07 11:21:48.995285,13.936618584063593,0.8780725196823072,6.529674922816412
Sydney,-33.8688,151.2093,2025-07-08 11:21:48.995285,13.9776134031043,0.8947988829324782,6.011002194008132
Sydney,-33.8688,151.2093,2025-07-09 11:21:48.995285,14.524220497950346,0.8837029019223853,6.133686040655679
Sydney,-33.8688,151.2093,2025-07-10 11:21:48.995285,15.107086545955372,0.8885717997874277,6.318468522920174
Sydney,-33.8688,151.2093,2025-07-11 11:21:48.995285,14.289405666015249,1.08794307206705,6.695687434590467
Sydney,-33.8688,151.2093,2025-07-12 11:21:48.995285,14.187778586248726,0.984091873005474,6.685557191322397
Sydney,-33.8688,151.2093,2025-07-13 11:21:48.995285,13.573969256594946,1.0168638000951027,6.42516851807157
Sydney,-33.8688,151.2093,2025-07-14 11:21:48.995285,14.065189732555892,0.9428720247537798,7.207919122930062
Sydney,-33.8688,151.2093,2025-07-15 11:21:48.995285,13.878492310250563,0.9016195272171569,6.9684702755197065
Sydney,-33.8688,151.2093,2025-07-16 11:21:48.995285,14.238715645724414,0.9328413006196172,6.871975819355572
Sydney,-33.8688,151.2093,2025-07-17 11:21:48.995285,13.457938148453701,0.9114292959131686,6.71019744637779
Sydney,-33.8688,151.2093,2025-07-18 11:21:48.995285,14.03952190902053,0.966186040286815,6.637562526152514
Sydney,-33.8688,151.2093,2025-07-19 11:21:48.995285,13.689052880798462,0.7839583519873348,6.615672810833322
Sydney,-33.8688,151.2093,2025-07-20 11:21:48.995285,14.653576601473508,0.9495791668178111,5.95849126149126
Sydney,-33.8688,151.2093,2025-07-21 11:21:48.995285,13.74405962233785,0.888995439292922,6.1846146929615875
Sydney,-33.8688,151.2093,2025-07-22 11:21:48.995285,13.877899901756493,0.6863247466588439,6.4333589639754205
Sydney,-33.8688,151.2093,2025-07-23 11:21:48.995285,14.295814205624241,0.8699144895929829,6.538361748623272
Sydney,-33.8688,151.2093,2025-07-24 11:21:48.995285,13.918820041498211,0.724601148962879,6.462663043147222
Sydney,-33.8688,151.2093,2025-07-25 11:21:48.995285,15.31658418319325,0.7951827601451236,6.5816830343633
Sydney,-33.8688,151.2093,2025-07-26 11:21:48.995285,14.59355125993039,0.8258098019244368,5.869009835077208
Sydney,-33.8688,151.2093,2025-07-27 11:21:48.995285,14.128591085183574,0.6836600048832875,6.6516992908458
Sydney,-33.8688,151.2093,2025-07-28 11:21:48.995285,14.29599337009401,0.8212411022877444,6.5186412667435985
Sydney,-33.8688,151.2093,2025-07-29 11:21:48.995285,12.926449115447298,0.8253199532200971,6.443765012372508
Sydney,-33.8688,151.2093,2025-07-30 11:21:48.995285,14.712506784530564,0.8854609897265051,6.778193610358078
Sydney,-33.8688,151.2093,2025-07-31 11:21:48.995285,14.345343704789368,0.755690195984383,6.186339984989133
Sydney,-33.8688,151.2093,2025-08-01 11:21:48.995285,14.045837462476895,0.8192705220665443,6.428931544211602
Sydney,-33.8688,151.2093,2025-08-02 11:21:48.995285,14.358634119184117,0.7726921691314897,6.585325523419546
Sydney,-33.8688,151.2093,2025-08-03 11:21:48.995285,14.413200690883423,0.7304822901706421,6.244096607417108
Sydney,-33.8688,151.2093,2025-08-04 11:21:48.995285,13.854932395036444,0.5950048133695969,5.898996806575353
Sydney,-33.8688,151.2093,2025-08-05 11:21:48.995285,14.247319877190455,0.7403450951053842,6.15408796689638
Sydney,-33.8688,151.2093,2025-08-06 11:21:48.995285,14.576000690731178,0.8151008750302192,6.480583823826833
Sydney,-33.8688,151.2093,2025-08-07 11:21:48.995285,14.273767874970662,0.6361372281032186,6.425294076901138
Sydney,-33.8688,151.2093,2025-08-08 11:21:48.995285,13.914979189394035,0.6963177892864332,6.494520185249987
Sydney,-33.8688,151.2093,2025-08-09 11:21:48.995285,14.184854832264786,0.699376223763578,6.302216946762962
Sydney,-33.8688,151.2093,2025-08-10 11:21:48.995285,14.723181748787253,0.8047531460216526,6.106320850234062
Sydney,-33.8688,151.2093,2025-08-11 11:21:48.995285,14.419869773878665,0.6853734597889881,6.5411024774623785
Sydney,-33.8688,151.2093,2025-08-12 11:21:48.995285,13.44245587223161,0.698808873519131,6.450043101654083
Sydney,-33.8688,151.2093,2025-08-13 11:21:48.995285,14.31372821546072,0.6565705059562328,6.691350464828499
Sydney,-33.8688,151.2093,2025-08-14 11:21:48.995285,14.244152400615945,0.5954549097945592,6.275694565121664
Sydney,-33.8688,151.2093,2025-08-15 11:21:48.995285,14.596108611891955,0.5183160011340613,5.893744402746404
Sydney,-33.8688,151.2093,2025-08-16 11:21:48.995285,14.02773216623256,0.5901779179689345,5.718662006464965
Sydney,-33.8688,151.2093,2025-08-17 11:21:48.995285,13.824215790307203,0.644802127537124,6.379559235655676
Sydney,-33.8688,151.2093,2025-08-18 11:21:48.995285,13.322660743504114,0.6044299048922027,6.5383727486353385
Sydney,-33.8688,151.2093,2025-08-19 11:21:48.995285,13.657597485403658,0.7266208488888465,6.430306243411451
Sydney,-33.8688,151.2093,2025-08-20 11:21:48.995285,14.607313883121977,0.6597080088371249,6.330454864303626
Sydney,-33.8688,151.2093,2025-08-21 11:21:48.995285,14.101061082484199,0.6755550610331799,6.022585276052572
Sydney,-33.8688,151.2093,2025-08-22 11:21:48.995285,13.951226377701479,0.33458703896175157,5.933191338587835
Sydney,-33.8688,151.2093,2025-08-23 11:21:48.995285,14.648265610608922,0.6820187361847128,6.6101824342983795
Sydney,-33.8688,151.2093,2025-08-24 11:21:48.995285,14.544884575018255,0.5370085356235675,6.431719631063154
Sydney,-33.8688,151.2093,2025-08-25 11:21:48.995285,13.632136483449804,0.537449747486705,6.390944505571982
Sydney,-33.8688,151.2093,2025-08-26 11:21:48.995285,14.600729664833278,0.5723938413643058,6.0374747135248645
Sydney,-33.8688,151.2093,2025-08-27 11:21:48.995285,13.171459473420748,0.4711771391479778,6.210123020026996
Sydney,-33.8688,151.2093,2025-08-28 11:21:48.995285,14.231337049794647,0.34829834240099056,6.513531304852922
Sydney,-33.8688,151.2093,2025-08-29 11:21:48.995285,14.173329225588779,0.5864210845450172,6.5853847860395165
Sydney,-33.8688,151.2093,2025-08-30 11:21:48.995285,14.57897196017205,0.3512711596973867,6.450727960377451
Sydney,-33.8688,151.2093,2025-08-31 11:21:48.995285,14.1962879312288,0.3160198958758303,6.913774827848717
Sydney,-33.8688,151.2093,2025-09-01 11:21:48.995285,13.885497691180563,0.3777610363070424,6.32735183124311
Sydney,-33.8688,151.2093,2025-09-02 11:21:48.995285,13.927286134387606,0.34930733646566015,6.886061576452941
Sydney,-33.8688,151.2093,2025-09-03 11:21:48.995285,15.359275050977656,0.3751378670484818,6.5650600283876
Sydney,-33.8688,151.2093,2025-09-04 11:21:48.995285,14.056846407238705,0.35193424696782094,6.53244003268624
Sydney,-33.8688,151.2093,2025-09-05 11:21:48.995285,14.317231375702166,0.4836297906753382,6.77975681494382
Sydney,-33.8688,151.2093,2025-09-06 11:21:48.995285,13.011570778511583,0.3821898763789723,6.312761795754746
Sydney,-33.8688,151.2093,2025-09-07 11:21:48.995285,13.61222109575024,0.23801278834650932,6.401238962247511
Sydney,-33.8688,151.2093,2025-09-08 11:21:48.995285,14.289320100464055,0.23948577108469482,6.1329375301874425
Sydney,-33.8688,151.2093,2025-09-09 11:21:48.995285,13.22699880058445,0.2606844098558819,6.780563756451621
Sydney,-33.8688,151.2093,2025-09-10 11:21:48.995285,14.313569632961325,0.24928788025817747,6.600651632370539
Sydney,-33.8688,151.2093,2025-09-11 11:21:48.995285,13.681202496199226,0.22468988135458398,6.829338005571385
Sydney,-33.8688,151.2093,2025-09-12 11:21:48.995285,13.532017828727108,0.15471169727865147,6.561459020944013
Sydney,-33.8688,151.2093,2025-09-13 11:21:48.995285,13.689985485758744,0.2829263737582846,6.830912664557395
Sydney,-33.8688,151.2093,2025-09-14 11:21:48.995285,14.823913371130285,0.19761766445149292,6.275813262716065
Sydney,-33.8688,151.2093,2025-09-15 11:21:48.995285,14.232871731922215,0.13759430841008236,6.796171897091145
Sydney,-33.8688,151.2093,2025-09-16 11:21:48.995285,13.61724012754534,0.2712350287544778,6.380655521763908
Sydney,-33.8688,151.2093,2025-09-17 11:21:48.995285,14.46669863843742,0.2977114344069444,6.500759580905073
Sydney,-33.8688,151.2093,2025-09-18 11:21:48.995285,14.500741183860603,0.17894748588053885,6.718506653998104
Sydney,-33.8688,151.2093,2025-09-19 11:21:48.995285,13.902332136796042,0.37259319133563473,7.198352372884358
Sydney,-33.8688,151.2093,2025-09-20 11:21:48.995285,14.579955942895419,0.4072921278716316,6.746015862113315
Sydney,-33.8688,151.2093,2025-09-21 11:21:48.995285,14.61139347133957,0.22709703680774995,6.774303840485771
Sydney,-33.8688,151.2093,2025-09-22 11:21:48.995285,14.541598473730001,0.12257724859100119,6.336386613639516
Sydney,-33.8688,151.2093,2025-09-23 11:21:48.995285,13.787232278236228,0.18879573249645082,6.547099397287877
Sydney,-33.8688,151.2093,2025-09-24 11:21:48.995285,13.543017698882492,0.032298842255308324,6.47123981979954
Sydney,-33.8688,151.2093,2025-09-25 11:21:48.995285,13.294802379623716,0.060808757654052914,6.922299840366088
Sydney,-33.8688,151.2093,2025-09-26 11:21:48.995285,13.822425588898698,0.0,6.456219741438624
Sydney,-33.8688,151.2093,2025-09-27 11:21:48.995285,13.975476115180705,0.07291164971216704,6.898562555704808
Sydney,-33.8688,151.2093,2025-09-28 11:21:48.995285,14.025611330575357,0.007031686103640161,6.109505987984183
Sydney,-33.8688,151.2093,2025-09-29 11:21:48.995285,14.154921686321815,0.18765313467339623,6.919633197514953
Sydney,-33.8688,151.2093,2025-09-30 11:21:48.995285,15.054955215597689,0.04573951543610051,6.241579746044543
Sydney,-33.8688,151.2093,2025-10-01 11:21:48.995285,14.028850325209536,0.14417500235673952,6.756165247226241
Sydney,-33.8688,151.2093,2025-10-02 11:21:48.995285,14.184667284948386,0.18761553086271757,6.240700861259238
Sydney,-33.8688,151.2093,2025-10-03 11:21:48.995285,13.310908229454437,0.22673002089790498,6.685504177199201
Sydney,-33.8688,151.2093,2025-10-04 11:21:48.995285,15.344570905385082,0.0714869250769041,6.211223851844811
Sydney,-33.8688,151.2093,2025-10-05 11:21:48.995285,13.583740491173883,0.13559271380104324,6.810944282426982
Sydney,-33.8688,151.2093,2025-10-06 11:21:48.995285,13.899600560058767,0.13694741034938476,6.753573639781139
Sydney,-33.8688,151.2093,2025-10-07 11:21:48.995285,14.612444000471097,0.22854557745055012,6.319793772720351
Sydney,-33.8688,151.2093,2025-10-08 11:21:48.995285,14.399452180813174,0.1788039216743811,6.673425352696853
Sydney,-33.8688,151.2093,2025-10-09 11:21:48.995285,15.109936512867762,0.23036783541677588,6.784229794496738
Sydney,-33.8688,151.2093,2025-10-10 11:21:48.995285,14.660548500812107,0.0,6.223004283912901
Sydney,-33.8688,151.2093,2025-10-11 11:21:48.995285,14.272305207157403,0.034198730530589125,6.18979914672246
Sydney,-33.8688,151.2093,2025-10-12 11:21:48.995285,14.847598315589233,0.20481408496352096,6.178608580709336
Sydney,-33.8688,151.2093,2025-10-13 11:21:48.995285,14.919019354691908,0.1611812999226095,6.136099189887321
Sydney,-33.8688,151.2093,2025-10-14 11:21:48.995285,14.021291058273949,0.09255566847015237,6.1771721461959235
Sydney,-33.8688,151.2093,2025-10-15 11:21:48.995285,14.846082392191942,0.06007242355535494,6.777436462745996
Sydney,-33.8688,151.2093,2025-10-16 11:21:48.995285,14.266822670209928,0.1892282723939246,6.667354946379199
Sydney,-33.8688,151.2093,2025-10-17 11:21:48.995285,14.339784176092122,0.0,5.991199343842516
Sydney,-33.8688,151.2093,2025-10-18 11:21:48.995285,14.47673995455369,0.196725187894511,6.346949904378125
Sydney,-33.8688,151.2093,2025-10-19 11:21:48.995285,14.228809290375821,0.13083027163322433,6.152649023383015
Sydney,-33.8688,151.2093,2025-10-20 11:21:48.995285,14.216002669795875,0.07758115671160315,6.7584590589526545
Sydney,-33.8688,151.2093,2025-10-21 11:21:48.995285,14.939925110956725,0.1818555751036605,6.365106279144175
Sydney,-33.8688,151.2093,2025-10-22 11:21:48.995285,13.697525375786661,0.09858956665043411,6.036671773153835
Sydney,-33.8688,151.2093,2025-10-23 11:21:48.995285,13.945770919904856,0.1461093348887676,6.551049520331174
Sydney,-33.8688,151.2093,2025-10-24 11:21:48.995285,14.828696047703142,0.14501873785326713,6.681947632439409
Sydney,-33.8688,151.2093,2025-10-25 11:21:48.995285,14.469774720260444,0.23094740908802508,6.21389047002847
Sydney,-33.8688,151.2093,2025-10-26 11:21:48.995285,15.017022485895604,0.1796708198645351,6.420525224995574
Sydney,-33.8688,151.2093,2025-10-27 11:21:48.995285,14.715415868158876,0.0,6.229281354607926
Sydney,-33.8688,151.2093,2025-10-28 11:21:48.995285,13.884918328737763,0.04024618447980702,6.873214217635635
Sydney,-33.8688,151.2093,2025-10-29 11:21:48.995285,14.598641617088361,0.0794650392517968,6.37059255893842
Sydney,-33.8688,151.2093,2025-10-30 11:21:48.995285,14.850080297932292,0.24233214328643304,6.283448540821279
Sydney,-33.8688,151.2093,2025-10-31 11:21:48.995285,14.715531840060686,0.2615184329666808,6.484602351845258
Sydney,-33.8688,151.2093,2025-11-01 11:21:48.995285,14.380199506942668,0.38237306956271033,6.437735201009928
Sydney,-33.8688,151.2093,2025-11-02 11:21:48.995285,14.493305297049227,0.12373585201377699,6.706548018159801
Sydney,-33.8688,151.2093,2025-11-03 11:21:48.995285,14.36628129994325,0.36627144969187,6.8648141677786665
Sydney,-33.8688,151.2093,2025-11-04 11:21:48.995285,13.999878559605296,0.05203921314625079,6.86708697530675
Sydney,-33.8688,151.2093,2025-11-05 11:21:48.995285,13.947360555883765,0.2583850477030612,6.3854277918222575
Sydney,-33.8688,151.2093,2025-11-06 11:21:48.995285,14.890089253390894,0.2922002306229488,6.591534089944297
Sydney,-33.8688,151.2093,2025-11-07 11:21:48.995285,14.27578838435494,0.30318490038989443,6.9465499730871345
Sydney,-33.8688,151.2093,2025-11-08 11:21:48.995285,15.015841056191926,0.2596742052780755,6.958099642512502
Sydney,-33.8688,151.2093,2025-11-09 11:21:48.995285,14.447112961158046,0.31427933912205325,6.237228153591939
Sydney,-33.8688,151.2093,2025-11-10 11:21:48.995285,14.104752940636576,0.19105793457532985,6.677673564993003
Sydney,-33.8688,151.2093,2025-11-11 11:21:48.995285,14.574106669383559,0.4134059116594688,6.626961671831548
Sydney,-33.8688,151.2093,2025-11-12 11:21:48.995285,15.842082986340406,0.36438384766295484,6.77791626333341
Sydney,-33.8688,151.2093,2025-11-13 11:21:48.995285,14.763967900565241,0.38833352419191786,6.8730852703513365
Sydney,-33.8688,151.2093,2025-11-14 11:21:48.995285,15.151640189984638,0.3370891940069464,6.187707197211738
Sydney,-33.8688,151.2093,2025-11-15 11:21:48.995285,14.930093084297757,0.3452335476626011,6.292796508489627
Sydney,-33.8688,151.2093,2025-11-16 11:21:48.995285,14.160122209803504,0.4436898264028843,6.772282626892277
Sydney,-33.8688,151.2093,2025-11-17 11:21:48.995285,15.604273578112231,0.5635282785933607,6.544409226454996
Sydney,-33.8688,151.2093,2025-11-18 11:21:48.995285,14.772987397640597,0.27859509099262897,5.831827637733255
Sydney,-33.8688,151.2093,2025-11-19 11:21:48.995285,14.258778918903205,0.2870757248480197,6.00011526735626
Sydney,-33.8688,151.2093,2025-11-20 11:21:48.995285,14.675080818976012,0.4717090223935858,6.698771942389693
Sydney,-33.8688,151.2093,2025-11-21 11:21:48.995285,14.845258285289646,0.425539312385594,6.751733276771496
Sydney,-33.8688,151.2093,2025-11-22 11:21:48.995285,15.340318150127867,0.48488960644632134,6.095153688715921
Sydney,-33.8688,151.2093,2025-11-23 11:21:48.995285,14.642405053539024,0.4838524238909673,6.829750268638352
Sydney,-33.8688,151.2093,2025-11-24 11:21:48.995285,16.310172799991967,0.56220093678537,6.440855800672504
Cairo,30.0444,31.2357,2024-11-24 11:21:48.995285,15.318676186096816,0.4890933082100301,5.989188306200157
Cairo,30.0444,31.2357,2024-11-25 11:21:48.995285,15.180382746353548,0.4233059749526235,6.260437453624707
Cairo,30.0444,31.2357,2024-11-26 11:21:48.995285,14.832460041072038,0.5486643212635776,7.125916687785471
Cairo,30.0444,31.2357,2024-11-27 11:21:48.995285,14.367426834674001,0.545218706239739,6.756214200795044
Cairo,30.0444,31.2357,2024-11-28 11:21:48.995285,15.150057720731878,0.5520105835592533,6.177999849018194
Cairo,30.0444,31.2357,2024-11-29 11:21:48.995285,14.214726528303999,0.5835190745407554,6.567509162208507
Cairo,30.0444,31.2357,2024-11-30 11:21:48.995285,15.726155152865372,0.6638219427801112,6.201304883744162
Cairo,30.0444,31.2357,2024-12-01 11:21:48.995285,15.384675085051438,0.6657785303738406,6.918150636514822
Cairo,30.0444,31.2357,2024-12-02 11:21:48.995285,15.558666058256751,0.5048425363270193,5.819075688373499
Cairo,30.0444,31.2357,2024-12-03 11:21:48.995285,14.669566804009433,0.5545031635588332,6.58258920517804
Cairo,30.0444,31.2357,2024-12-04 11:21:48.995285,15.349333696669742,0.7274464215655392,6.578084441927061
Cairo,30.0444,31.2357,2024-12-05 11:21:48.995285,14.854925306951802,0.5696067950239347,6.166211138750432
Cairo,30.0444,31.2357,2024-12-06 11:21:48.995285,15.279639356459901,0.7097849241460464,6.418054438501869
Cairo,30.0444,31.2357,2024-12-07 11:21:48.995285,14.722703448128492,0.7570584940450571,6.61266301179967
Cairo,30.0444,31.2357,2024-12-08 11:21:48.995285,15.196951835682414,0.5212620786103185,5.966562309859231
Cairo,30.0444,31.2357,2024-12-09 11:21:48.995285,14.56608804495959,0.6568763469939773,6.116132995996611
Cairo,30.0444,31.2357,2024-12-10 11:21:48.995285,15.191942862363629,0.7908696563655416,6.453467935211814
Cairo,30.0444,31.2357,2024-12-11 11:21:48.995285,14.466291566370456,0.7062767381642837,6.250081888846404
Cairo,30.0444,31.2357,2024-12-12 11:21:48.995285,16.178478079121597,0.6919025855389445,6.361061040785449
Cairo,30.0444,31.2357,2024-12-13 11:21:48.995285,15.40147215522684,0.8265022261430808,6.493977140452477
Cairo,30.0444,31.2357,2024-12-14 11:21:48.995285,15.340363007663937,0.8645634959529249,6.226862110764481
Cairo,30.0444,31.2357,2024-12-15 11:21:48.995285,15.691704649901004,0.6968128728719114,6.492027008161135
Cairo,30.0444,31.2357,2024-12-16 11:21:48.995285,14.72007113252955,0.9515341849474872,6.589399403974337
Cairo,30.0444,31.2357,2024-12-17 11:21:48.995285,14.995287922793617,0.6062409756343976,6.733660455704011
Cairo,30.0444,31.2357,2024-12-18 11:21:48.995285,15.66701789667976,0.643455474568045,6.1262516645576515
Cairo,30.0444,31.2357,2024-12-19 11:21:48.995285,15.497920935065617,0.7578843687159159,6.311478839230928
Cairo,30.0444,31.2357,2024-12-20 11:21:48.995285,15.072950552363062,0.778665397133752,6.676562592106823
Cairo,30.0444,31.2357,2024-12-21 11:21:48.995285,15.772252196646045,0.7916679805233381,6.0553731473687655
Cairo,30.0444,31.2357,2024-12-22 11:21:48.995285,15.614915914491483,0.7751401059086266,6.531857011539594
Cairo,30.0444,31.2357,2024-12-23 11:21:48.995285,15.73151247646535,0.7636862750014229,6.508429352096429
Cairo,30.0444,31.2357,2024-12-24 11:21:48.995285,15.688644790284968,0.8214743427768453,5.723948451708488
Cairo,30.0444,31.2357,2024-12-25 11:21:48.995285,15.167969443926854,0.791372042279733,6.351696285075909
Cairo,30.0444,31.2357,2024-12-26 11:21:48.995285,15.485491788954866,0.9249853123841443,6.59923457918275
Cairo,30.0444,31.2357,2024-12-27 11:21:48.995285,14.609477076233494,0.8658669716008895,6.436444637569398
Cairo,30.0444,31.2357,2024-12-28 11:21:48.995285,15.297019211332287,0.8462722356038503,6.357715143768551
Cairo,30.0444,31.2357,2024-12-29 11:21:48.995285,15.444030107638651,0.8663230260363551,6.546851909951039
Cairo,30.0444,31.2357,2024-12-30 11:21:48.995285,15.894176990114099,0.9896546916679566,6.796668595298992
Cairo,30.0444,31.2357,2024-12-31 11:21:48.995285,15.850802138476052,0.8341532792836479,6.6612767073485095
Cairo,30.0444,31.2357,2025-01-01 11:21:48.995285,15.232435969633354,0.7589568324941764,6.273244035752548
Cairo,30.0444,31.2357,2025-01-02 11:21:48.995285,15.234943779023908,0.7919037075387969,6.062303035909381
Cairo,30.0444,31.2357,2025-01-03 11:21:48.995285,16.288919450309177,0.8692204681612679,6.655840117542626
Cairo,30.0444,31.2357,2025-01-04 11:21:48.995285,15.501675361297014,0.9430900964348576,6.146678444123783
Cairo,30.0444,31.2357,2025-01-05 11:21:48.995285,15.71875957781828,2.954608907548846,6.341589725014047
Cairo,30.0444,31.2357,2025-01-06 11:21:48.995285,16.067067938845252,1.0632314327093226,6.560283463319344
Cairo,30.0444,31.2357,2025-01-07 11:21:48.995285,15.647301933204178,0.9732896756634238,6.8439578914344885
Cairo,30.0444,31.2357,2025-01-08 11:21:48.995285,15.623628365967386,0.8116126045057845,6.885744075222113
Cairo,30.0444,31.2357,2025-01-09 11:21:48.995285,15.553990681060329,0.8796440759453305,6.518205651703718
Cairo,30.0444,31.2357,2025-01-10 11:21:48.995285,15.469107538555049,0.6831858611883946,6.347152456167919
Cairo,30.0444,31.2357,2025-01-11 11:21:48.995285,15.806868286549658,0.8675095248398145,6.139807492805309
Cairo,30.0444,31.2357,2025-01-12 11:21:48.995285,14.835740257692983,0.8367920501904542,7.087589035892312
Cairo,30.0444,31.2357,2025-01-13 11:21:48.995285,15.577747575444409,0.6641684971932222,6.413034227907582
Cairo,30.0444,31.2357,2025-01-14 11:21:48.995285,16.039540268312432,1.1039241784082865,6.703348596573837
Cairo,30.0444,31.2357,2025-01-15 11:21:48.995285,15.992135345753377,0.8526058455140219,6.559034055033459
Cairo,30.0444,31.2357,2025-01-16 11:21:48.995285,16.496477988919608,0.6764540959007214,6.351319345285328
Cairo,30.0444,31.2357,2025-01-17 11:21:48.995285,16.220069842679102,0.8560730870379175,6.338613195362775
Cairo,30.0444,31.2357,2025-01-18 11:21:48.995285,16.015667912015488,1.0444216550359833,6.0850625006860435
Cairo,30.0444,31.2357,2025-01-19 11:21:48.995285,15.83580802431268,1.0654624468827503,6.8367275940277
Cairo,30.0444,31.2357,2025-01-20 11:21:48.995285,15.602904025202674,0.8755533409905583,6.463840806708698
Cairo,30.0444,31.2357,2025-01-21 11:21:48.995285,16.092252532373724,0.873879626841995,6.928872008412601
Cairo,30.0444,31.2357,2025-01-22 11:21:48.995285,16.01156185694475,0.9808950435854003,6.365369749992707
Cairo,30.0444,31.2357,2025-01-23 11:21:48.995285,15.671622941461813,0.8369536896103361,6.41059384890215
Cairo,30.0444,31.2357,2025-01-24 11:21:48.995285,15.43391051359271,0.8912852343723874,6.160020791289294
Cairo,30.0444,31.2357,2025-01-25 11:21:48.995285,15.849342632432112,0.9220586295023371,6.406567835199055
Cairo,30.0444,31.2357,2025-01-26 11:21:48.995285,16.462070991656915,0.7229480592958123,6.127964294780103
Cairo,30.0444,31.2357,2025-01-27 11:21:48.995285,15.947085036325197,0.9762687114067483,6.620798436753859
Cairo,30.0444,31.2357,2025-01-28 11:21:48.995285,15.913829623966928,0.7262910934832737,6.532342763537369
Cairo,30.0444,31.2357,2025-01-29 11:21:48.995285,16.11859730625214,0.7421762815883185,6.942462788789484
Cairo,30.0444,31.2357,2025-01-30 11:21:48.995285,16.154788272674093,0.806471034366777,6.062673255475627
Cairo,30.0444,31.2357,2025-01-31 11:21:48.995285,16.045424918807353,0.881030902942309,6.864800569018092
Cairo,30.0444,31.2357,2025-02-01 11:21:48.995285,15.90650151790359,0.8450529861284607,6.2064668440523505
Cairo,30.0444,31.2357,2025-02-02 11:21:48.995285,15.679746207190222,0.7622855777250931,6.60326948142119
Cairo,30.0444,31.2357,2025-02-03 11:21:48.995285,16.442284420047407,0.7852388643936263,6.15636843583106
Cairo,30.0444,31.2357,2025-02-04 11:21:48.995285,15.732115556197897,0.853442813546559,6.560832094086311
Cairo,30.0444,31.2357,2025-02-05 11:21:48.995285,16.73722081022594,0.7359534436622578,5.746821123470305
Cairo,30.0444,31.2357,2025-02-06 11:21:48.995285,16.033414129584823,0.6426301682594093,6.2988255354018
Cairo,30.0444,31.2357,2025-02-07 11:21:48.995285,15.987475396416622,0.6519992353629386,6.531829726537342
Cairo,30.0444,31.2357,2025-02-08 11:21:48.995285,16.345729147574637,0.7914247911708826,7.026633985538546
Cairo,30.0444,31.2357,2025-02-09 11:21:48.995285,15.643470845142994,0.6073401172364983,5.861595586121345
Cairo,30.0444,31.2357,2025-02-10 11:21:48.995285,16.261034075665336,0.5194231438460679,6.49931664773937
Cairo,30.0444,31.2357,2025-02-11 11:21:48.995285,16.035477469106063,0.6333235153828404,6.344376641950545
Cairo,30.0444,31.2357,2025-02-12 11:21:48.995285,16.186747141413896,0.6435484566912165,5.925184207959131
Cairo,30.0444,31.2357,2025-02-13 11:21:48.995285,15.642676564813051,0.7242947552244382,6.162551482707257
Cairo,30.0444,31.2357,2025-02-14 11:21:48.995285,15.640864235880159,0.4794651769768046,6.358666812138841
Cairo,30.0444,31.2357,2025-02-15 11:21:48.995285,15.073673701765772,0.6467394622918903,6.640123036082983
Cairo,30.0444,31.2357,2025-02-16 11:21:48.995285,15.763595488450049,0.7139347726657139,6.526369508507262
Cairo,30.0444,31.2357,2025-02-17 11:21:48.995285,15.739364714802337,0.5036738460858184,6.106254815860137
Cairo,30.0444,31.2357,2025-02-18 11:21:48.995285,15.662233828844279,0.5800710054222268,5.9497894563871085
Cairo,30.0444,31.2357,2025-02-19 11:21:48.995285,15.939594115951365,0.34326052449266786,6.625294644269954
Cairo,30.0444,31.2357,2025-02-20 11:21:48.995285,16.030568106962424,0.6319799736398584,6.4414197949064755
Cairo,30.0444,31.2357,2025-02-21 11:21:48.995285,16.24912064585501,0.6105142282636946,6.983427365727126
Cairo,30.0444,31.2357,2025-02-22 11:21:48.995285,16.282663145100834,0.5152111146070983,6.39423319215191
Cairo,30.0444,31.2357,2025-02-23 11:21:48.995285,16.325229994924953,0.37071468173409106,6.842969269008892
Cairo,30.0444,31.2357,2025-02-24 11:21:48.995285,16.34606643135376,0.556360949712884,6.663151426076515
Cairo,30.0444,31.2357,2025-02-25 11:21:48.995285,16.137202778566618,0.4514148958189205,6.746482125658575
Cairo,30.0444,31.2357,2025-02-26 11:21:48.995285,16.02649315714193,0.1841470667320208,6.629723742561881
Cairo,30.0444,31.2357,2025-02-27 11:21:48.995285,16.462468965341365,0.526321977256142,6.636299576217318
Cairo,30.0444,31.2357,2025-02-28 11:21:48.995285,16.34330182665754,0.551238775772112,5.812442796432732
Cairo,30.0444,31.2357,2025-03-01 11:21:48.995285,15.254122389813476,0.5552614224720085,6.428926219566774
Cairo,30.0444,31.2357,2025-03-02 11:21:48.995285,15.90686284654729,0.2801774435295623,6.300914516171007
Cairo,30.0444,31.2357,2025-03-03 11:21:48.995285,15.08941383823827,0.2028544047698549,6.881196150962864
Cairo,30.0444,31.2357,2025-03-04 11:21:48.995285,15.077198097015389,0.3402763579694666,6.1994976133463995
Cairo,30.0444,31.2357,2025-03-05 11:21:48.995285,15.731510552253704,0.4200230599091872,6.41591587541689
Cairo,30.0444,31.2357,2025-03-06 11:21:48.995285,15.918930092344016,0.2610354348873114,6.740259716791023
Cairo,30.0444,31.2357,2025-03-07 11:21:48.995285,15.767524915466906,0.18346044788376598,6.590289617692209
Cairo,30.0444,31.2357,2025-03-08 11:21:48.995285,15.087965610351294,0.40245682235001234,6.550192246776982
Cairo,30.0444,31.2357,2025-03-09 11:21:48.995285,16.35966613545057,0.28311663841479995,6.832759016351776
Cairo,30.0444,31.2357,2025-03-10 11:21:48.995285,15.614466425110683,0.3677498402501306,6.57802494409234
Cairo,30.0444,31.2357,2025-03-11 11:21:48.995285,16.208158646949727,0.29515471287621753,6.3365197139287766
Cairo,30.0444,31.2357,2025-03-12 11:21:48.995285,15.618998950057607,0.26529330516801664,6.111119193104742
Cairo,30.0444,31.2357,2025-03-13 11:21:48.995285,15.704864819375869,0.2640774946314939,6.646010523362895
Cairo,30.0444,31.2357,2025-03-14 11:21:48.995285,16.16520364963825,0.22350583748504455,6.2689687214727146
Cairo,30.0444,31.2357,2025-03-15 11:21:48.995285,15.768187561221492,0.20264063193728743,6.427658385778843
Cairo,30.0444,31.2357,2025-03-16 11:21:48.995285,16.02213513647638,0.1278093452280049,6.823507157584966
Cairo,30.0444,31.2357,2025-03-17 11:21:48.995285,16.06938511972121,0.27602558088238444,6.433617908055416
Cairo,30.0444,31.2357,2025-03-18 11:21:48.995285,15.21072576841885,0.34252027055536105,6.366729811530552
Cairo,30.0444,31.2357,2025-03-19 11:21:48.995285,16.15647799132277,0.1581290476046628,6.4161155649776624
Cairo,30.0444,31.2357,2025-03-20 11:21:48.995285,15.44179748724903,0.3855432314105236,6.4242123592268605
Cairo,30.0444,31.2357,2025-03-21 11:21:48.995285,15.347824263335157,0.22770418117609056,6.202640406644772
Cairo,30.0444,31.2357,2025-03-22 11:21:48.995285,15.532538213683567,0.20734431225355449,7.0032074395530035
Cairo,30.0444,31.2357,2025-03-23 11:21:48.995285,16.29530131942424,0.23888659760777037,6.335204308360728
Cairo,30.0444,31.2357,2025-03-24 11:21:48.995285,15.079827356741811,0.2631405992353224,6.735316237813168
Cairo,30.0444,31.2357,2025-03-25 11:21:48.995285,16.19720523942988,0.11281373956337205,6.1944622537311025
Cairo,30.0444,31.2357,2025-03-26 11:21:48.995285,16.03291861033529,0.20679982231110566,6.664857946604159
Cairo,30.0444,31.2357,2025-03-27 11:21:48.995285,15.891489041321034,0.24944053919148068,6.550806711257678
Cairo,30.0444,31.2357,2025-03-28 11:21:48.995285,15.968587306375564,0.10071995537240372,6.507509621782507
Cairo,30.0444,31.2357,2025-03-29 11:21:48.995285,15.690873760198082,0.1334404327418353,6.55248100066242
Cairo,30.0444,31.2357,2025-03-30 11:21:48.995285,16.167497873213666,0.050984645048495994,6.624787812639314
Cairo,30.0444,31.2357,2025-03-31 11:21:48.995285,15.603257702829177,0.07359071857945243,6.43192929882189
Cairo,30.0444,31.2357,2025-04-01 11:21:48.995285,14.994050175738428,0.08355851012310292,6.446892283269821
Cairo,30.0444,31.2357,2025-04-02 11:21:48.995285,15.757571960109736,0.02419209983448299,6.673230945203842
Cairo,30.0444,31.2357,2025-04-03 11:21:48.995285,16.186328171846334,0.10485797941648223,6.157413694080245
Cairo,30.0444,31.2357,2025-04-04 11:21:48.995285,16.020903374598333,0.1412374198584718,6.111110309019008
Cairo,30.0444,31.2357,2025-04-05 11:21:48.995285,16.671089572677673,0.1484157657249714,6.553683816306947
Cairo,30.0444,31.2357,2025-04-06 11:21:48.995285,15.626072922415212,0.022707245602476944,5.897067364461491
Cairo,30.0444,31.2357,2025-04-07 11:21:48.995285,15.660846090750997,0.041325682090801535,5.99514811860574
Cairo,30.0444,31.2357,2025-04-08 11:21:48.995285,15.61290290587479,0.18592484911521506,7.04157399878819
Cairo,30.0444,31.2357,2025-04-09 11:21:48.995285,15.329521450393223,0.039308774348390696,6.964818769425643
Cairo,30.0444,31.2357,2025-04-10 11:21:48.995285,15.469010470204365,0.1824228400093959,6.328771262116945
Cairo,30.0444,31.2357,2025-04-11 11:21:48.995285,15.173838636189577,0.027053556844091428,6.799753750344121
Cairo,30.0444,31.2357,2025-04-12 11:21:48.995285,14.533834122728832,0.13876961326909218,6.810139968212525
Cairo,30.0444,31.2357,2025-04-13 11:21:48.995285,15.377952464759758,0.1775480047821942,6.641327352678386
Cairo,30.0444,31.2357,2025-04-14 11:21:48.995285,15.666900586755675,0.0,6.476322406832201
Cairo,30.0444,31.2357,2025-04-15 11:21:48.995285,15.957415135944505,0.19305716983205767,6.687934451330765
Cairo,30.0444,31.2357,2025-04-16 11:21:48.995285,15.340934985382388,0.2392677773575323,6.739396510430109
Cairo,30.0444,31.2357,2025-04-17 11:21:48.995285,15.333256654283492,0.08108298553013349,6.692632762180312
Cairo,30.0444,31.2357,2025-04-18 11:21:48.995285,16.116933897885673,0.1501219258994223,6.035199682910197
Cairo,30.0444,31.2357,2025-04-19 11:21:48.995285,14.922198540966933,0.035665152701339756,7.109920295258252
Cairo,30.0444,31.2357,2025-04-20 11:21:48.995285,15.492135660429941,0.16040563044029812,7.22099830069349
Cairo,30.0444,31.2357,2025-04-21 11:21:48.995285,16.038216602919082,0.3750883046297332,5.927241614510589
Cairo,30.0444,31.2357,2025-04-22 11:21:48.995285,15.191034012297052,0.0,6.653290032986024
Cairo,30.0444,31.2357,2025-04-23 11:21:48.995285,14.763962238773335,0.09007649945821371,7.113716680785796
Cairo,30.0444,31.2357,2025-04-24 11:21:48.995285,16.369487181636206,0.22604843257443602,6.800684540696773
Cairo,30.0444,31.2357,2025-04-25 11:21:48.995285,15.900889472857784,0.837527362570989,6.8038798382414996
Cairo,30.0444,31.2357,2025-04-26 11:21:48.995285,15.901457059253424,0.021830926501178682,6.068444554236593
Cairo,30.0444,31.2357,2025-04-27 11:21:48.995285,15.426504757468201,0.10371267619703273,6.737328425590308
Cairo,30.0444,31.2357,2025-04-28 11:21:48.995285,15.776220240154474,0.11735258755323012,6.571759009399986
Cairo,30.0444,31.2357,2025-04-29 11:21:48.995285,14.195324336793409,0.11832215748291675,6.733955523513878
Cairo,30.0444,31.2357,2025-04-30 11:21:48.995285,15.206353341579167,0.18061661030209294,6.189341974623333
Cairo,30.0444,31.2357,2025-05-01 11:21:48.995285,15.883140838974633,0.05834206858616009,6.178552760467131
Cairo,30.0444,31.2357,2025-05-02 11:21:48.995285,14.695637984772736,0.18508984488264618,6.457232393768758
Cairo,30.0444,31.2357,2025-05-03 11:21:48.995285,15.210981377191105,0.1266017794931033,6.3862440185190845
Cairo,30.0444,31.2357,2025-05-04 11:21:48.995285,15.521544696113605,0.2233370623261951,6.452768837314962
Cairo,30.0444,31.2357,2025-05-05 11:21:48.995285,14.95347392187573,0.1700351778857182,6.356140581188132
Cairo,30.0444,31.2357,2025-05-06 11:21:48.995285,15.333096078069362,0.23427762895106374,6.4396949029966555
Cairo,30.0444,31.2357,2025-05-07 11:21:48.995285,15.505949501664821,0.15846558865808777,6.300170625810058
Cairo,30.0444,31.2357,2025-05-08 11:21:48.995285,15.447699066079368,0.36858935891282596,6.48551725657156
Cairo,30.0444,31.2357,2025-05-09 11:21:48.995285,15.079859131292825,0.25223827021344947,6.072931021689131
Cairo,30.0444,31.2357,2025-05-10 11:21:48.995285,14.849139073037446,0.2979143977662505,6.654231590248608
Cairo,30.0444,31.2357,2025-05-11 11:21:48.995285,15.445097613467642,0.2939245210485984,6.578163069937365
Cairo,30.0444,31.2357,2025-05-12 11:21:48.995285,15.399881819555821,0.3214314851681759,6.121451478277092
Cairo,30.0444,31.2357,2025-05-13 11:21:48.995285,15.358534422074511,0.33334181617777087,6.897907618724955
Cairo,30.0444,31.2357,2025-05-14 11:21:48.995285,15.25392065945803,0.4262484735654887,6.251945080747964
Cairo,30.0444,31.2357,2025-05-15 11:21:48.995285,15.34983929325597,0.32992286120943504,6.8566853525253855
Cairo,30.0444,31.2357,2025-05-16 11:21:48.995285,15.601290064153654,0.29951278175728374,6.598827318150801
Cairo,30.0444,31.2357,2025-05-17 11:21:48.995285,15.300775432239622,0.3887785557865192,6.800168863496964
Cairo,30.0444,31.2357,2025-05-18 11:21:48.995285,15.177612263266457,0.33656826078289964,6.552856795592661
Cairo,30.0444,31.2357,2025-05-19 11:21:48.995285,14.848228651795843,0.4037400369533353,6.670051348636307
Cairo,30.0444,31.2357,2025-05-20 11:21:48.995285,15.787475800000626,0.9585197674200705,6.796881196248039
Cairo,30.0444,31.2357,2025-05-21 11:21:48.995285,14.515869117508208,0.5432547189719131,7.072156928454696
Cairo,30.0444,31.2357,2025-05-22 11:21:48.995285,14.958818358283422,0.37386350622196945,6.822387602504555
Cairo,30.0444,31.2357,2025-05-23 11:21:48.995285,14.788485440294142,0.5855544447925531,6.634468614193254
Cairo,30.0444,31.2357,2025-05-24 11:21:48.995285,14.112266925672643,0.4732395605506604,6.09544616907693
Cairo,30.0444,31.2357,2025-05-25 11:21:48.995285,15.18551343263397,0.5787299764118967,5.775249708291863
Cairo,30.0444,31.2357,2025-05-26 11:21:48.995285,14.889762118130797,0.43015414589360085,6.460876825278401
Cairo,30.0444,31.2357,2025-05-27 11:21:48.995285,14.990119610377652,0.3239633580692185,6.285655548517193
Cairo,30.0444,31.2357,2025-05-28 11:21:48.995285,14.867564679794633,0.3695049316553274,6.296682837976441
Cairo,30.0444,31.2357,2025-05-29 11:21:48.995285,15.316425051614107,0.7983734514826897,6.475270431160225
Cairo,30.0444,31.2357,2025-05-30 11:21:48.995285,15.363346251554482,0.5019294984645108,6.698838173702097
Cairo,30.0444,31.2357,2025-05-31 11:21:48.995285,14.35483040048821,0.6849064902254633,6.313731260989889
Cairo,30.0444,31.2357,2025-06-01 11:21:48.995285,15.771010099510017,0.4589929765171846,6.768557650263953
Cairo,30.0444,31.2357,2025-06-02 11:21:48.995285,14.75116429509528,0.6200267904097666,6.510048016142097
Cairo,30.0444,31.2357,2025-06-03 11:21:48.995285,15.14799104161896,0.6502336949451083,6.51128370637027
Cairo,30.0444,31.2357,2025-06-04 11:21:48.995285,14.927350208259174,0.9121490657870825,7.062498933780725
Cairo,30.0444,31.2357,2025-06-05 11:21:48.995285,14.873090197085483,0.6096845749936304,6.553432887411233
Cairo,30.0444,31.2357,2025-06-06 11:21:48.995285,15.08174487803031,0.5831385575883185,6.483757349861866
Cairo,30.0444,31.2357,2025-06-07 11:21:48.995285,15.445637780156037,0.7019708019799913,6.65717060196362
Cairo,30.0444,31.2357,2025-06-08 11:21:48.995285,15.158222778952414,0.5868154779992185,7.039143440551458
Cairo,30.0444,31.2357,2025-06-09 11:21:48.995285,14.631304776254915,0.7324512249777363,6.485976879750841
Cairo,30.0444,31.2357,2025-06-10 11:21:48.995285,14.694210064526558,0.6981195320803933,6.631927408855386
Cairo,30.0444,31.2357,2025-06-11 11:21:48.995285,14.43802264586956,0.6398203031734864,6.467514128501223
Cairo,30.0444,31.2357,2025-06-12 11:21:48.995285,15.060882832343088,0.7761190958985711,6.469087825492833
Cairo,30.0444,31.2357,2025-06-13 11:21:48.995285,14.981843898610128,0.7487228117197143,6.352972259351758
Cairo,30.0444,31.2357,2025-06-14 11:21:48.995285,14.49953285041917,0.8248507432806731,6.3319748335334936
Cairo,30.0444,31.2357,2025-06-15 11:21:48.995285,15.317642316718198,0.9246971617979418,7.00881732607361
Cairo,30.0444,31.2357,2025-06-16 11:21:48.995285,15.175186671580015,0.719613139649366,6.333850093010448
Cairo,30.0444,31.2357,2025-06-17 11:21:48.995285,15.534045090011661,0.7386325264459769,6.037807709266836
Cairo,30.0444,31.2357,2025-06-18 11:21:48.995285,14.211496305143942,0.6548928733592423,6.537622034882381
Cairo,30.0444,31.2357,2025-06-19 11:21:48.995285,14.540548843621075,0.8508918625383658,6.805345185942324
Cairo,30.0444,31.2357,2025-06-20 11:21:48.995285,14.476745260552814,0.7432907760075291,6.8727548371422
Cairo,30.0444,31.2357,2025-06-21 11:21:48.995285,15.861337233033227,0.8509310610193862,6.141660425196825
Cairo,30.0444,31.2357,2025-06-22 11:21:48.995285,14.549014599139856,0.9411629456596072,6.833826890323226
Cairo,30.0444,31.2357,2025-06-23 11:21:48.995285,15.161426487809097,0.76402840710894,7.117681653589482
Cairo,30.0444,31.2357,2025-06-24 11:21:48.995285,15.031111098795902,0.7924985559409168,6.294753669110793
Cairo,30.0444,31.2357,2025-06-25 11:21:48.995285,14.456786138656247,0.9484338084638271,6.447780301805978
Cairo,30.0444,31.2357,2025-06-26 11:21:48.995285,14.511693021105902,0.9243692873125732,6.130533360401819
Cairo,30.0444,31.2357,2025-06-27 11:21:48.995285,14.730661523611015,0.9200007057923836,7.056109863029206
Cairo,30.0444,31.2357,2025-06-28 11:21:48.995285,15.083681179253913,0.8265125086888082,6.052284062954923
Cairo,30.0444,31.2357,2025-06-29 11:21:48.995285,14.35440796996854,0.7274097103546477,6.380063533744748
Cairo,30.0444,31.2357,2025-06-30 11:21:48.995285,14.17193758731032,0.8047590353332944,6.735406577609675
Cairo,30.0444,31.2357,2025-07-01 11:21:48.995285,14.87835694776343,0.7794745550293631,6.29479610283166
Cairo,30.0444,31.2357,2025-07-02 11:21:48.995285,13.824941611150667,0.9426065449543019,6.203265172471532
Cairo,30.0444,31.2357,2025-07-03 11:21:48.995285,14.511085467624412,0.9164777224026455,6.484327742257907
Cairo,30.0444,31.2357,2025-07-04 11:21:48.995285,14.9013236521699,0.8312776441176863,7.217046842819446
Cairo,30.0444,31.2357,2025-07-05 11:21:48.995285,14.573069052321868,0.8510019738812848,6.423199823810747
Cairo,30.0444,31.2357,2025-07-06 11:21:48.995285,14.061355928532569,0.9435379639258217,6.437878390694304
Cairo,30.0444,31.2357,2025-07-07 11:21:48.995285,13.831319262827328,0.8657540494069964,6.165332188443265
Cairo,30.0444,31.2357,2025-07-08 11:21:48.995285,14.912763295351454,0.8408153183855516,6.615528649174598
Cairo,30.0444,31.2357,2025-07-09 11:21:48.995285,14.218885889906991,1.0975591173952906,6.765117020846462
Cairo,30.0444,31.2357,2025-07-10 11:21:48.995285,13.843712945733778,0.8450338764279297,6.31810876602325
Cairo,30.0444,31.2357,2025-07-11 11:21:48.995285,14.851751809178346,0.9666824802069,6.660719482798029
Cairo,30.0444,31.2357,2025-07-12 11:21:48.995285,14.670943547924704,0.9384244320349964,6.320441587536921
Cairo,30.0444,31.2357,2025-07-13 11:21:48.995285,13.73290743186816,0.7457165312897619,5.931883571500307
Cairo,30.0444,31.2357,2025-07-14 11:21:48.995285,15.504485720157701,0.8285462372504314,6.637209389655525
Cairo,30.0444,31.2357,2025-07-15 11:21:48.995285,13.965845403101554,0.9762914306600022,7.12231490402591
Cairo,30.0444,31.2357,2025-07-16 11:21:48.995285,14.617140626944762,0.8786971980660266,6.141231092885262
Cairo,30.0444,31.2357,2025-07-17 11:21:48.995285,15.207642302164968,0.7423533207489227,6.553813950611535
Cairo,30.0444,31.2357,2025-07-18 11:21:48.995285,14.647927191808792,0.9248370389712355,6.892926544880856
Cairo,30.0444,31.2357,2025-07-19 11:21:48.995285,14.323109774823681,0.8232419341348327,6.469404252379698
Cairo,30.0444,31.2357,2025-07-20 11:21:48.995285,13.46732849750135,0.9206936749040066,6.071949771651049
Cairo,30.0444,31.2357,2025-07-21 11:21:48.995285,15.194160271637298,1.1410670381657346,6.513487458944044
Cairo,30.0444,31.2357,2025-07-22 11:21:48.995285,14.596642788587168,0.9052773574210636,6.947107994458695
Cairo,30.0444,31.2357,2025-07-23 11:21:48.995285,13.447324009374423,0.9225596225565975,6.348039652148492
Cairo,30.0444,31.2357,2025-07-24 11:21:48.995285,14.917991195212466,0.8298234761464176,6.569672856514438
Cairo,30.0444,31.2357,2025-07-25 11:21:48.995285,14.167433988842868,0.7367237617149739,6.183941698935961
Cairo,30.0444,31.2357,2025-07-26 11:21:48.995285,13.989464778259732,0.9441213598858401,6.470158107863635
Cairo,30.0444,31.2357,2025-07-27 11:21:48.995285,13.83393598130615,0.7737862631698263,6.61600746183318
Cairo,30.0444,31.2357,2025-07-28 11:21:48.995285,14.197523552782373,0.8036970504838777,6.5377558411061365
Cairo,30.0444,31.2357,2025-07-29 11:21:48.995285,14.508142603755823,0.9978206990771055,6.3705507859260395
Cairo,30.0444,31.2357,2025-07-30 11:21:48.995285,13.84929785287651,0.7761828406770152,6.632897811834857
Cairo,30.0444,31.2357,2025-07-31 11:21:48.995285,14.153187191152927,0.9225995441935911,6.7008492671165
Cairo,30.0444,31.2357,2025-08-01 11:21:48.995285,15.772723618469396,0.8305708334271389,6.720679698595047
Cairo,30.0444,31.2357,2025-08-02 11:21:48.995285,14.313559101943289,0.726924340104218,6.412121409476295
Cairo,30.0444,31.2357,2025-08-03 11:21:48.995285,14.552230071155067,0.8064500951334457,6.313697283983337
Cairo,30.0444,31.2357,2025-08-04 11:21:48.995285,13.583984122602793,0.6904204079492229,7.088935703494536
Cairo,30.0444,31.2357,2025-08-05 11:21:48.995285,13.378537371837025,0.8419776367624086,6.541287248359757
Cairo,30.0444,31.2357,2025-08-06 11:21:48.995285,14.783904816081735,0.8653590081238751,6.42275380621934
Cairo,30.0444,31.2357,2025-08-07 11:21:48.995285,14.635853216143444,0.7344096200536119,6.056875389304871
Cairo,30.0444,31.2357,2025-08-08 11:21:48.995285,14.898211263026077,0.8523438180931868,6.220255826924199
Cairo,30.0444,31.2357,2025-08-09 11:21:48.995285,13.996731471204003,0.7224323311417506,6.307304537039087
Cairo,30.0444,31.2357,2025-08-10 11:21:48.995285,14.659219133313279,0.7859603926468864,6.631824055135784
Cairo,30.0444,31.2357,2025-08-11 11:21:48.995285,12.750750006298393,0.9774823371978445,6.393131822572337
Cairo,30.0444,31.2357,2025-08-12 11:21:48.995285,14.294599892480365,0.917511710567678,6.504559188904598
Cairo,30.0444,31.2357,2025-08-13 11:21:48.995285,14.5368995554721,0.6391808943956369,6.070025031131844
Cairo,30.0444,31.2357,2025-08-14 11:21:48.995285,13.672927542138389,0.6740359942361038,6.921328651734766
Cairo,30.0444,31.2357,2025-08-15 11:21:48.995285,14.541968792748229,0.5263677950158568,6.278752999515751
Cairo,30.0444,31.2357,2025-08-16 11:21:48.995285,13.921427855641186,0.6985496885881376,6.570536759362124
Cairo,30.0444,31.2357,2025-08-17 11:21:48.995285,13.969035622942986,0.6443878727880807,6.340831988709299
Cairo,30.0444,31.2357,2025-08-18 11:21:48.995285,13.87744332837307,0.5147203828147568,6.404560366023976
Cairo,30.0444,31.2357,2025-08-19 11:21:48.995285,14.79555363560677,0.6973540050767445,6.26178629551697
Cairo,30.0444,31.2357,2025-08-20 11:21:48.995285,13.776159081030826,0.5385618442147194,6.588890974267319
Cairo,30.0444,31.2357,2025-08-21 11:21:48.995285,13.713750516006664,0.4994084719544426,6.205897335154283
Cairo,30.0444,31.2357,2025-08-22 11:21:48.995285,13.572505408572887,0.5777643309836475,6.59427641420689
Cairo,30.0444,31.2357,2025-08-23 11:21:48.995285,13.81616584743955,0.47757804059371634,6.464352351458286
Cairo,30.0444,31.2357,2025-08-24 11:21:48.995285,14.097584946924767,0.5071594233946406,6.689005945858792
Cairo,30.0444,31.2357,2025-08-25 11:21:48.995285,14.31930376144738,0.6711822725177187,6.718604437624182
Cairo,30.0444,31.2357,2025-08-26 11:21:48.995285,13.623586023036355,0.42132263122646596,6.404725906743443
Cairo,30.0444,31.2357,2025-08-27 11:21:48.995285,14.18720194370621,0.5365863565736971,6.609809420672616
Cairo,30.0444,31.2357,2025-08-28 11:21:48.995285,14.307550015773543,0.3969864809483545,6.365515343439334
Cairo,30.0444,31.2357,2025-08-29 11:21:48.995285,13.536287344661165,0.3443611705355587,6.894823327133823
Cairo,30.0444,31.2357,2025-08-30 11:21:48.995285,14.03564932574214,0.41993845448761574,6.392305941861044
Cairo,30.0444,31.2357,2025-08-31 11:21:48.995285,13.963357856723215,0.6830343120736551,6.439466878256829
Cairo,30.0444,31.2357,2025-09-01 11:21:48.995285,14.044702636952536,0.4793537005256135,6.359357180607129
Cairo,30.0444,31.2357,2025-09-02 11:21:48.995285,13.745072746301647,0.43411299341024834,6.280077113147592
Cairo,30.0444,31.2357,2025-09-03 11:21:48.995285,13.944900695189043,0.3223019819971543,7.110109367818179
Cairo,30.0444,31.2357,2025-09-04 11:21:48.995285,140.3106160292641,0.3232967798876806,6.645923480684516
Cairo,30.0444,31.2357,2025-09-05 11:21:48.995285,14.950717501534141,0.20056909126747333,6.520426150401002
Cairo,30.0444,31.2357,2025-09-06 11:21:48.995285,14.044521239460723,0.5157612148524139,6.3571337196477
Cairo,30.0444,31.2357,2025-09-07 11:21:48.995285,14.695106644387636,0.3506835733798593,6.833933528080878
Cairo,30.0444,31.2357,2025-09-08 11:21:48.995285,14.736991571796803,0.3297311158987679,6.336307807996321
Cairo,30.0444,31.2357,2025-09-09 11:21:48.995285,13.37477570141947,0.31988802793406923,6.536233757234008
Cairo,30.0444,31.2357,2025-09-10 11:21:48.995285,13.893275615500773,0.4967229272515291,7.1608854655123455
Cairo,30.0444,31.2357,2025-09-11 11:21:48.995285,14.75185182832502,0.3061143459795408,6.21282411969572
Cairo,30.0444,31.2357,2025-09-12 11:21:48.995285,14.139497715089867,0.24563261487848131,6.661872336334751
Cairo,30.0444,31.2357,2025-09-13 11:21:48.995285,13.996211674960602,0.43379731396387067,6.586563553671489
Cairo,30.0444,31.2357,2025-09-14 11:21:48.995285,14.435158918355475,0.23021260367037316,6.6584477786291645
Cairo,30.0444,31.2357,2025-09-15 11:21:48.995285,14.599925375247789,0.06361604394083789,6.414528920754567
Cairo,30.0444,31.2357,2025-09-16 11:21:48.995285,14.057772748135442,0.06998686385446759,6.3223232748540905
Cairo,30.0444,31.2357,2025-09-17 11:21:48.995285,13.939901617559155,0.19375825366678107,6.567947887588251
Cairo,30.0444,31.2357,2025-09-18 11:21:48.995285,12.904087355844451,0.23267506646553832,6.363191212929572
Cairo,30.0444,31.2357,2025-09-19 11:21:48.995285,14.116512936093299,0.276639109275023,5.800508606788632
Cairo,30.0444,31.2357,2025-09-20 11:21:48.995285,13.90979125759967,0.09390983487159889,6.252660203662767
Cairo,30.0444,31.2357,2025-09-21 11:21:48.995285,13.604754938047986,0.15488215325626278,6.404999900261646
Cairo,30.0444,31.2357,2025-09-22 11:21:48.995285,14.01326489816262,0.08849331549093817,6.17664525385846
Cairo,30.0444,31.2357,2025-09-23 11:21:48.995285,13.915402354136127,0.2732717828086378,6.545296044947606
Cairo,30.0444,31.2357,2025-09-24 11:21:48.995285,14.217126132125061,0.8489553271451007,6.272721146941519
Cairo,30.0444,31.2357,2025-09-25 11:21:48.995285,14.00173457439344,0.3438213303054387,6.486968330774635
Cairo,30.0444,31.2357,2025-09-26 11:21:48.995285,14.373681596024221,0.17681778513327956,7.150361805933032
Cairo,30.0444,31.2357,2025-09-27 11:21:48.995285,14.246334422390975,0.3222877472253538,6.868100772088444
Cairo,30.0444,31.2357,2025-09-28 11:21:48.995285,14.805604047476411,0.06099345931290616,6.677447582150933
Cairo,30.0444,31.2357,2025-09-29 11:21:48.995285,13.911374497372426,0.14684164395520122,7.04276867039206
Cairo,30.0444,31.2357,2025-09-30 11:21:48.995285,15.078385457787618,0.01457345354154281,6.478224223522156
Cairo,30.0444,31.2357,2025-10-01 11:21:48.995285,14.732259502248551,0.17384628067970911,6.481277654563693
Cairo,30.0444,31.2357,2025-10-02 11:21:48.995285,14.952426422926449,0.14129924731492435,6.183321120091382
Cairo,30.0444,31.2357,2025-10-03 11:21:48.995285,14.346088176215277,0.0,6.883446551100721
Cairo,30.0444,31.2357,2025-10-04 11:21:48.995285,14.089926937752283,0.21779008489648527,7.0870977797211685
Cairo,30.0444,31.2357,2025-10-05 11:21:48.995285,13.972720423544576,0.19006396636782197,6.772222895584451
Cairo,30.0444,31.2357,2025-10-06 11:21:48.995285,15.129222782310654,0.04713309397454217,6.927015827794589
Cairo,30.0444,31.2357,2025-10-07 11:21:48.995285,14.812913711672955,0.12945822507996776,5.678798883136076
Cairo,30.0444,31.2357,2025-10-08 11:21:48.995285,13.772297801809973,0.0,7.201908904574278
Cairo,30.0444,31.2357,2025-10-09 11:21:48.995285,14.777151034359399,0.02301128597378843,6.468697041117192
Cairo,30.0444,31.2357,2025-10-10 11:21:48.995285,13.887861636096867,0.2670005422305117,7.206790442281588
Cairo,30.0444,31.2357,2025-10-11 11:21:48.995285,14.475092610907506,0.0,7.0194951302128645
Cairo,30.0444,31.2357,2025-10-12 11:21:48.995285,14.738522678469758,0.10258703329763363,6.731727623326169
Cairo,30.0444,31.2357,2025-10-13 11:21:48.995285,15.0673534392749,0.0,6.397089408495711
Cairo,30.0444,31.2357,2025-10-14 11:21:48.995285,14.470142650351637,0.1388547450545594,6.547471738063716
Cairo,30.0444,31.2357,2025-10-15 11:21:48.995285,14.297569658275332,0.1637519224219819,5.926992631461859
Cairo,30.0444,31.2357,2025-10-16 11:21:48.995285,14.40001935441908,0.18277283957707957,6.779239823237091
Cairo,30.0444,31.2357,2025-10-17 11:21:48.995285,14.924946361032292,0.1605024253003278,5.7334984804142675
Cairo,30.0444,31.2357,2025-10-18 11:21:48.995285,14.799464160812787,0.2601896233863007,6.410393337835201
Cairo,30.0444,31.2357,2025-10-19 11:21:48.995285,14.411032851028802,0.06635861798372893,6.962971221144187
Cairo,30.0444,31.2357,2025-10-20 11:21:48.995285,13.501623310245849,0.02063765869497361,6.7162174635354885
Cairo,30.0444,31.2357,2025-10-21 11:21:48.995285,13.230327628118827,0.07289421279769251,6.041025571657558
Cairo,30.0444,31.2357,2025-10-22 11:21:48.995285,14.574662837423825,0.002571393242707165,6.097908350802488
Cairo,30.0444,31.2357,2025-10-23 11:21:48.995285,13.885959559943094,0.15108543063561236,6.320769307363467
Cairo,30.0444,31.2357,2025-10-24 11:21:48.995285,14.22690709629061,0.13568115321705312,6.523512735081094
Cairo,30.0444,31.2357,2025-10-25 11:21:48.995285,14.392753360571609,0.20424815088933332,6.762965247353345
Cairo,30.0444,31.2357,2025-10-26 11:21:48.995285,15.55950888633799,0.0021284904897041768,6.681241432248252
Cairo,30.0444,31.2357,2025-10-27 11:21:48.995285,14.597635980582766,0.1701081412131435,6.182373737088964
Cairo,30.0444,31.2357,2025-10-28 11:21:48.995285,14.911759056349348,0.30090365126170926,6.685619881230562
Cairo,30.0444,31.2357,2025-10-29 11:21:48.995285,14.819498077696187,0.2451046041161526,6.71760110434313
Cairo,30.0444,31.2357,2025-10-30 11:21:48.995285,13.371862626120135,0.007124089034895864,6.6465560509926105
Cairo,30.0444,31.2357,2025-10-31 11:21:48.995285,14.39876649175455,0.20466229516629084,7.243455394296758
Cairo,30.0444,31.2357,2025-11-01 11:21:48.995285,14.004321475997333,0.14205985504205498,6.717895687778971
Cairo,30.0444,31.2357,2025-11-02 11:21:48.995285,15.493877004945052,0.22646508165129414,6.790346889782365
Cairo,30.0444,31.2357,2025-11-03 11:21:48.995285,13.73666669980137,0.19728083547953226,7.062757507182129
Cairo,30.0444,31.2357,2025-11-04 11:21:48.995285,14.45206510477058,0.4197567205528664,6.755035130914845
Cairo,30.0444,31.2357,2025-11-05 11:21:48.995285,14.548366643695445,0.265180570226157,6.334683296353212
Cairo,30.0444,31.2357,2025-11-06 11:21:48.995285,14.202158916711301,0.2993557620678565,6.872810861378341
Cairo,30.0444,31.2357,2025-11-07 11:21:48.995285,14.762229589120734,0.274619513836022,6.379581737053872
Cairo,30.0444,31.2357,2025-11-08 11:21:48.995285,14.706902830798603,0.33807881864886596,6.205217496759449
Cairo,30.0444,31.2357,2025-11-09 11:21:48.995285,14.826169528761124,0.2808012463515172,6.2309067237398255
Cairo,30.0444,31.2357,2025-11-10 11:21:48.995285,15.012572885140603,0.39193167290578595,6.869404683877924
Cairo,30.0444,31.2357,2025-11-11 11:21:48.995285,14.896487917410322,0.2876972146981363,6.686073731818186
Cairo,30.0444,31.2357,2025-11-12 11:21:48.995285,14.985133623696889,0.47705014165035997,6.8182508175704655
Cairo,30.0444,31.2357,2025-11-13 11:21:48.995285,15.367879106424386,0.4017548925084511,6.687527250090221
Cairo,30.0444,31.2357,2025-11-14 11:21:48.995285,14.003874431916108,0.34973511186467793,6.55665418785696
Cairo,30.0444,31.2357,2025-11-15 11:21:48.995285,15.195674426641606,0.4622406932463433,6.595403447800254
Cairo,30.0444,31.2357,2025-11-16 11:21:48.995285,14.33986999983945,0.4405197417412616,6.6773235429519024
Cairo,30.0444,31.2357,2025-11-17 11:21:48.995285,14.55859246168014,0.4872624087171026,6.319253018615961
Cairo,30.0444,31.2357,2025-11-18 11:21:48.995285,14.957441099254,0.4265325879272095,6.112909946965922
Cairo,30.0444,31.2357,2025-11-19 11:21:48.995285,15.119695709469346,0.40736396555287596,6.354465480954907
Cairo,30.0444,31.2357,2025-11-20 11:21:48.995285,15.195724593321849,0.45861610940201547,6.663237005119877
Cairo,30.0444,31.2357,2025-11-21 11:21:48.995285,14.475819410153546,0.40872166016584754,6.305648815437708
Cairo,30.0444,31.2357,2025-11-22 11:21:48.995285,15.781175266852317,0.5704118937319659,7.1388849940602235
Cairo,30.0444,31.2357,2025-11-23 11:21:48.995285,14.773860397581437,0.6331500367943066,6.6323789650079865
Cairo,30.0444,31.2357,2025-11-24 11:21:48.995285,14.640296406097493,0.5579037518252643,6.535846246973118
Mumbai,19.076,72.8777,2024-11-24 11:21:48.995285,13.924232658252903,0.4665448864693457,7.032573481799076
Mumbai,19.076,72.8777,2024-11-25 11:21:48.995285,15.483955796231601,0.6140933699815253,6.524328686117306
Mumbai,19.076,72.8777,2024-11-26 11:21:48.995285,15.308396707171042,0.4464866097836129,6.05273276525443
Mumbai,19.076,72.8777,2024-11-27 11:21:48.995285,15.800610755158237,0.6278165542844893,6.8545805572536525
Mumbai,19.076,72.8777,2024-11-28 11:21:48.995285,14.66332758618515,0.43920659586778554,6.0928057634186175
Mumbai,19.076,72.8777,2024-11-29 11:21:48.995285,15.371714782487922,0.6299926224948095,6.351068113364391
Mumbai,19.076,72.8777,2024-11-30 11:21:48.995285,14.150610073908963,0.5320532892839973,6.857755880166682
Mumbai,19.076,72.8777,2024-12-01 11:21:48.995285,14.237392565043962,0.6846326476268545,6.399433141234783
Mumbai,19.076,72.8777,2024-12-02 11:21:48.995285,15.018804821648715,0.36469123502109707,6.328318925110671
Mumbai,19.076,72.8777,2024-12-03 11:21:48.995285,14.864975478850948,0.5436428765901294,6.584390468468657
Mumbai,19.076,72.8777,2024-12-04 11:21:48.995285,15.69496303246408,0.7518416599815685,6.502905785826333
Mumbai,19.076,72.8777,2024-12-05 11:21:48.995285,15.777398706719639,0.627705482152983,6.291985214081235
Mumbai,19.076,72.8777,2024-12-06 11:21:48.995285,15.846920396620275,0.4904694513509378,6.763279097587178
Mumbai,19.076,72.8777,2024-12-07 11:21:48.995285,15.520867062563541,0.602411448019932,6.868392690576745
Mumbai,19.076,72.8777,2024-12-08 11:21:48.995285,15.559177504520092,0.7237785639113018,6.916376614758169
Mumbai,19.076,72.8777,2024-12-09 11:21:48.995285,14.614504119958166,0.616419019391274,6.66552825921319
Mumbai,19.076,72.8777,2024-12-10 11:21:48.995285,15.971809106468477,0.8254714958588809,6.289679958260413
Mumbai,19.076,72.8777,2024-12-11 11:21:48.995285,15.914428500940799,0.8294842035584136,6.123416022604895
Mumbai,19.076,72.8777,2024-12-12 11:21:48.995285,14.61495096523211,0.7990915508408158,5.8049341606679
Mumbai,19.076,72.8777,2024-12-13 11:21:48.995285,15.555293204046608,0.8464747879715413,6.809934440464513
Mumbai,19.076,72.8777,2024-12-14 11:21:48.995285,15.064165945181337,0.7026548674808322,6.558370696851785
Mumbai,19.076,72.8777,2024-12-15 11:21:48.995285,16.27848374174082,0.9133661744824315,6.374325275642241
Mumbai,19.076,72.8777,2024-12-16 11:21:48.995285,14.882218387192191,0.8823841695745804,5.920009520291182
Mumbai,19.076,72.8777,2024-12-17 11:21:48.995285,15.43195914950717,0.7717749158794206,6.145069601922153
Mumbai,19.076,72.8777,2024-12-18 11:21:48.995285,15.494472551442342,0.6315215901823753,5.970350639937849
Mumbai,19.076,72.8777,2024-12-19 11:21:48.995285,15.390516106002558,0.5666482538506756,6.932571581359808
Mumbai,19.076,72.8777,2024-12-20 11:21:48.995285,16.50695347041691,0.9110853840096127,6.690709118521597
Mumbai,19.076,72.8777,2024-12-21 11:21:48.995285,16.29375590835943,0.6594380191826568,6.108217110741324
Mumbai,19.076,72.8777,2024-12-22 11:21:48.995285,14.644748953606804,0.7364604188087072,6.9905208748842735
Mumbai,19.076,72.8777,2024-12-23 11:21:48.995285,15.722295882648918,0.8839555288425822,6.283357223309583
Mumbai,19.076,72.8777,2024-12-24 11:21:48.995285,15.488100543511932,0.7135294127816392,6.604783927843835
Mumbai,19.076,72.8777,2024-12-25 11:21:48.995285,15.925816934948948,1.0937901805620942,6.605485799643575
Mumbai,19.076,72.8777,2024-12-26 11:21:48.995285,15.629863621156472,0.8805374024596471,6.471827794458405
Mumbai,19.076,72.8777,2024-12-27 11:21:48.995285,15.131701483128722,1.0106148243631285,6.409072430092325
Mumbai,19.076,72.8777,2024-12-28 11:21:48.995285,15.033688109676884,0.9726472219301535,6.510198381793201
Mumbai,19.076,72.8777,2024-12-29 11:21:48.995285,15.365748458188737,0.6197382376587306,6.4160062287518995
Mumbai,19.076,72.8777,2024-12-30 11:21:48.995285,15.520531112723615,0.9526840653254829,6.574729845558472
Mumbai,19.076,72.8777,2024-12-31 11:21:48.995285,15.691680547684264,0.8808803217802063,6.586635721844234
Mumbai,19.076,72.8777,2025-01-01 11:21:48.995285,15.323198748232336,0.8800491013823509,6.342732417121519
Mumbai,19.076,72.8777,2025-01-02 11:21:48.995285,16.475033645463704,0.8871002256613326,6.830373554014793
Mumbai,19.076,72.8777,2025-01-03 11:21:48.995285,15.903059560027991,0.9979940168476276,6.24888894869204
Mumbai,19.076,72.8777,2025-01-04 11:21:48.995285,16.085608200668354,1.0594767147846818,6.617060339007502
Mumbai,19.076,72.8777,2025-01-05 11:21:48.995285,15.59226940671172,0.7776767294818253,6.398186677800954
Mumbai,19.076,72.8777,2025-01-06 11:21:48.995285,15.15568029009762,0.9060978661055142,6.239302060830843
Mumbai,19.076,72.8777,2025-01-07 11:21:48.995285,16.128723170702443,1.0395665848679765,6.416774538450505
Mumbai,19.076,72.8777,2025-01-08 11:21:48.995285,15.202726121003275,0.8791662671528728,6.301751572896456
Mumbai,19.076,72.8777,2025-01-09 11:21:48.995285,14.700249643131478,0.9202647595460057,6.697619279758074
Mumbai,19.076,72.8777,2025-01-10 11:21:48.995285,16.00645554900066,0.9212804217582153,6.471634371656673
Mumbai,19.076,72.8777,2025-01-11 11:21:48.995285,15.357610444613051,1.1101406050329468,6.910765672029643
Mumbai,19.076,72.8777,2025-01-12 11:21:48.995285,15.579841336873194,0.9721386969627175,6.214576653627224
Mumbai,19.076,72.8777,2025-01-13 11:21:48.995285,16.105300339587565,1.1025330632171262,5.840939028775487
Mumbai,19.076,72.8777,2025-01-14 11:21:48.995285,15.304225318648298,1.0675304133913153,6.6184276447287385
Mumbai,19.076,72.8777,2025-01-15 11:21:48.995285,14.979192398652657,0.8677000566126065,7.016791855949462
Mumbai,19.076,72.8777,2025-01-16 11:21:48.995285,16.40065747784773,0.9172532471191008,6.646638721298802
Mumbai,19.076,72.8777,2025-01-17 11:21:48.995285,15.772206808442244,1.0887026684458914,6.217277270887008
Mumbai,19.076,72.8777,2025-01-18 11:21:48.995285,16.440211330394003,0.7651717481041491,6.193123926128804
Mumbai,19.076,72.8777,2025-01-19 11:21:48.995285,16.134543003925472,0.9508637755123248,7.107749967266888
Mumbai,19.076,72.8777,2025-01-20 11:21:48.995285,16.15899410650781,0.9468337870141266,6.3861858663492095
Mumbai,19.076,72.8777,2025-01-21 11:21:48.995285,15.922335911377223,0.8366017399832225,6.195528265471138
Mumbai,19.076,72.8777,2025-01-22 11:21:48.995285,15.931120426421534,0.8202930069870052,6.857125916107934
Mumbai,19.076,72.8777,2025-01-23 11:21:48.995285,16.42601934188106,0.8276839337398775,6.455830055533125
Mumbai,19.076,72.8777,2025-01-24 11:21:48.995285,16.274692343973292,0.9155015386075352,5.8917939971672135
Mumbai,19.076,72.8777,2025-01-25 11:21:48.995285,15.581380235471464,0.9853960620735569,7.124869141441022
Mumbai,19.076,72.8777,2025-01-26 11:21:48.995285,16.130567925327,0.9044430935851048,6.6753219470966085
Mumbai,19.076,72.8777,2025-01-27 11:21:48.995285,15.58230963511268,0.6968149954263579,6.046498207284987
Mumbai,19.076,72.8777,2025-01-28 11:21:48.995285,15.743327845218651,0.9648453598387949,6.918737571579182
Mumbai,19.076,72.8777,2025-01-29 11:21:48.995285,16.191205251623025,2.7745445432166767,6.185650051950125
Mumbai,19.076,72.8777,2025-01-30 11:21:48.995285,15.596909004108845,0.7719286505125201,6.167591509422529
Mumbai,19.076,72.8777,2025-01-31 11:21:48.995285,15.994777747979564,0.7216230999348273,6.232476193125501
Mumbai,19.076,72.8777,2025-02-01 11:21:48.995285,16.1175929391911,0.686494420920519,7.081852228747196
Mumbai,19.076,72.8777,2025-02-02 11:21:48.995285,15.764170068512646,0.8746592622380762,7.113624936206615
Mumbai,19.076,72.8777,2025-02-03 11:21:48.995285,16.29969796663984,0.5688837423765202,6.335617516732045
Mumbai,19.076,72.8777,2025-02-04 11:21:48.995285,15.725863530109702,0.8560008637349262,7.01168571133534
Mumbai,19.076,72.8777,2025-02-05 11:21:48.995285,16.422371790788507,0.6899811303180031,5.813898545192007
Mumbai,19.076,72.8777,2025-02-06 11:21:48.995285,16.021582798548092,0.7523262614551565,6.7742170260506045
Mumbai,19.076,72.8777,2025-02-07 11:21:48.995285,16.047552718824637,0.3701540571431013,6.909251681119588
Mumbai,19.076,72.8777,2025-02-08 11:21:48.995285,15.51636249841086,0.5231629193379645,6.951932388407504
Mumbai,19.076,72.8777,2025-02-09 11:21:48.995285,15.852752018988122,0.6205267787770107,6.5230692273445605
Mumbai,19.076,72.8777,2025-02-10 11:21:48.995285,16.071528662797974,0.5849682424129011,6.669823334243386
Mumbai,19.076,72.8777,2025-02-11 11:21:48.995285,16.490058745088145,0.7395848090742043,6.284865696726059
Mumbai,19.076,72.8777,2025-02-12 11:21:48.995285,15.820464301706687,0.6814033265778918,6.507544350972998
Mumbai,19.076,72.8777,2025-02-13 11:21:48.995285,16.49482829091414,0.8316512691109731,6.450735252116897
Mumbai,19.076,72.8777,2025-02-14 11:21:48.995285,15.609538649840548,0.6765759015078248,6.4334843686280765
Mumbai,19.076,72.8777,2025-02-15 11:21:48.995285,16.157013978788207,0.5470841437512111,6.840396982737502
Mumbai,19.076,72.8777,2025-02-16 11:21:48.995285,15.738834220255498,0.7211435270393824,6.564484830649546
Mumbai,19.076,72.8777,2025-02-17 11:21:48.995285,16.766302502467447,0.5391020193635649,7.007951688137808
Mumbai,19.076,72.8777,2025-02-18 11:21:48.995285,16.677756551033806,0.5198578143973127,6.5743927717331445
Mumbai,19.076,72.8777,2025-02-19 11:21:48.995285,16.140178351030016,0.5585319735137937,7.157393774830753
Mumbai,19.076,72.8777,2025-02-20 11:21:48.995285,15.73089936924695,0.7065828193041481,6.86816300793703
Mumbai,19.076,72.8777,2025-02-21 11:21:48.995285,15.24076294279933,0.6360596596883386,6.47395982101026
Mumbai,19.076,72.8777,2025-02-22 11:21:48.995285,16.188913959304553,0.6191968770981098,6.552379195330233
Mumbai,19.076,72.8777,2025-02-23 11:21:48.995285,16.103759485503822,0.699494062324667,6.248004012660415
Mumbai,19.076,72.8777,2025-02-24 11:21:48.995285,16.428996564730397,0.5892904905622577,6.548062033230927
Mumbai,19.076,72.8777,2025-02-25 11:21:48.995285,15.266365056228366,0.35306930786365,6.205244281321198
Mumbai,19.076,72.8777,2025-02-26 11:21:48.995285,16.069639351619603,0.5160175809261704,6.8991108910820484
Mumbai,19.076,72.8777,2025-02-27 11:21:48.995285,16.21241004611161,0.6108165453594487,6.396917539665484
Mumbai,19.076,72.8777,2025-02-28 11:21:48.995285,15.545673625722259,0.28305468726124716,6.606694464010288
Mumbai,19.076,72.8777,2025-03-01 11:21:48.995285,16.05336808261669,0.41979382609189636,5.8156117443436965
Mumbai,19.076,72.8777,2025-03-02 11:21:48.995285,15.629782355813655,0.3010925947710845,6.4198611047710035
Mumbai,19.076,72.8777,2025-03-03 11:21:48.995285,15.578437245954508,0.40738079145132305,6.388501585668304
Mumbai,19.076,72.8777,2025-03-04 11:21:48.995285,15.723374998120285,0.49483842975949,6.776277020398082
Mumbai,19.076,72.8777,2025-03-05 11:21:48.995285,15.852898975046138,0.5025102403048409,6.656746655981842
Mumbai,19.076,72.8777,2025-03-06 11:21:48.995285,16.602293990605265,0.33689582761311965,6.805492337597544
Mumbai,19.076,72.8777,2025-03-07 11:21:48.995285,15.818728014124984,0.4087026736186859,6.632794656967175
Mumbai,19.076,72.8777,2025-03-08 11:21:48.995285,15.553084893585028,0.17959353860193272,6.869166909460353
Mumbai,19.076,72.8777,2025-03-09 11:21:48.995285,16.37856336135369,0.14279214020962264,6.625738905337068
Mumbai,19.076,72.8777,2025-03-10 11:21:48.995285,16.481782152052958,0.4174504508137483,6.087131154753767
Mumbai,19.076,72.8777,2025-03-11 11:21:48.995285,16.37319449436407,0.0,6.472906046400576
Mumbai,19.076,72.8777,2025-03-12 11:21:48.995285,16.643351469725015,0.21317123444452432,6.488358069589971
Mumbai,19.076,72.8777,2025-03-13 11:21:48.995285,16.04981081727565,0.33818178460274423,5.5204433964050645
Mumbai,19.076,72.8777,2025-03-14 11:21:48.995285,16.026164653808134,0.2814125199614166,6.195038925080098
Mumbai,19.076,72.8777,2025-03-15 11:21:48.995285,15.590823722679835,0.0,7.112520764954146
Mumbai,19.076,72.8777,2025-03-16 11:21:48.995285,16.636390677073347,0.2905032687787276,6.417635032946579
Mumbai,19.076,72.8777,2025-03-17 11:21:48.995285,15.884641939577257,0.14156176785519808,6.4683963372799544
Mumbai,19.076,72.8777,2025-03-18 11:21:48.995285,15.772504261072436,0.22984810302884282,5.846496405417383
Mumbai,19.076,72.8777,2025-03-19 11:21:48.995285,15.72107960346938,0.1457770246386031,6.095829745479983
Mumbai,19.076,72.8777,2025-03-20 11:21:48.995285,16.228891417764267,0.12971451776061332,6.645300319363786
Mumbai,19.076,72.8777,2025-03-21 11:21:48.995285,15.945128285592375,0.01008335730933288,6.360575469346348
Mumbai,19.076,72.8777,2025-03-22 11:21:48.995285,15.990590162181435,0.14562400435127862,6.167331144906645
Mumbai,19.076,72.8777,2025-03-23 11:21:48.995285,15.72578985859198,0.2970036561100769,6.889214585221461
Mumbai,19.076,72.8777,2025-03-24 11:21:48.995285,15.78086200326876,0.12336620197628648,6.289657342333819
Mumbai,19.076,72.8777,2025-03-25 11:21:48.995285,15.79767351057438,0.1205520791354663,6.1097196897994674
Mumbai,19.076,72.8777,2025-03-26 11:21:48.995285,16.573927384053906,0.08086659265367929,6.512137974513007
Mumbai,19.076,72.8777,2025-03-27 11:21:48.995285,14.953706355077177,0.016165339288911312,6.255512126187754
Mumbai,19.076,72.8777,2025-03-28 11:21:48.995285,16.069344713468986,0.038879432527411495,6.255129944951556
Mumbai,19.076,72.8777,2025-03-29 11:21:48.995285,16.380006652006415,0.15512439705641554,6.4816681028177525
Mumbai,19.076,72.8777,2025-03-30 11:21:48.995285,14.907090120404186,0.373635139893552,6.306929628517194
Mumbai,19.076,72.8777,2025-03-31 11:21:48.995285,15.780798761316793,0.22044943945318896,5.999924075904443
Mumbai,19.076,72.8777,2025-04-01 11:21:48.995285,16.297535339312255,0.18053143494997329,6.667569902799111
Mumbai,19.076,72.8777,2025-04-02 11:21:48.995285,15.419698497566273,0.31376138124805364,6.759776863989775
Mumbai,19.076,72.8777,2025-04-03 11:21:48.995285,15.91992035044731,0.15794555556229087,6.424821983735425
Mumbai,19.076,72.8777,2025-04-04 11:21:48.995285,15.308895126208283,0.21561731484171753,6.686049424723295
Mumbai,19.076,72.8777,2025-04-05 11:21:48.995285,15.780431220847216,0.12701323701936792,6.389328467291953
Mumbai,19.076,72.8777,2025-04-06 11:21:48.995285,16.391461316228778,0.14875660610606817,5.927013669975076
Mumbai,19.076,72.8777,2025-04-07 11:21:48.995285,16.58902761916455,0.0,6.768927068343243
Mumbai,19.076,72.8777,2025-04-08 11:21:48.995285,15.85717589645488,0.06983610812327773,6.470244214928659
Mumbai,19.076,72.8777,2025-04-09 11:21:48.995285,15.078194239781936,0.043989118989900565,6.545299251213202
Mumbai,19.076,72.8777,2025-04-10 11:21:48.995285,15.550347966605504,0.03850723649778601,6.468101864372119
Mumbai,19.076,72.8777,2025-04-11 11:21:48.995285,14.786696582944282,0.03293402320320293,6.445527313592993
Mumbai,19.076,72.8777,2025-04-12 11:21:48.995285,15.533780248785785,0.2441710602489833,6.5426147498334695
Mumbai,19.076,72.8777,2025-04-13 11:21:48.995285,16.15041305048319,0.06545868450177597,6.54836619973466
Mumbai,19.076,72.8777,2025-04-14 11:21:48.995285,14.973715045571524,0.08958111276436923,6.879059387419856
Mumbai,19.076,72.8777,2025-04-15 11:21:48.995285,15.538517791830333,0.33268449279255896,6.631444803542692
Mumbai,19.076,72.8777,2025-04-16 11:21:48.995285,15.220668898787459,0.18640646154545037,6.852962131528958
Mumbai,19.076,72.8777,2025-04-17 11:21:48.995285,16.512129193426794,0.1127704995211115,6.952112592497955
Mumbai,19.076,72.8777,2025-04-18 11:21:48.995285,15.800967308152162,0.22138703040916705,6.016585116898003
Mumbai,19.076,72.8777,2025-04-19 11:21:48.995285,16.012972175365313,0.05266622302267027,6.8830026106618245
Mumbai,19.076,72.8777,2025-04-20 11:21:48.995285,15.720070080876384,0.08159169935183871,6.695929281381344
Mumbai,19.076,72.8777,2025-04-21 11:21:48.995285,15.94008118170819,0.09281709347268233,6.646522670028336
Mumbai,19.076,72.8777,2025-04-22 11:21:48.995285,16.08556087297373,0.15930431034651193,6.796870140436848
Mumbai,19.076,72.8777,2025-04-23 11:21:48.995285,15.549881276941763,0.186819010728125,6.420560317296086
Mumbai,19.076,72.8777,2025-04-24 11:21:48.995285,15.250469273213472,0.05145156212464164,6.680775716252409
Mumbai,19.076,72.8777,2025-04-25 11:21:48.995285,15.033620256134878,0.19371632160391117,6.182667396392766
Mumbai,19.076,72.8777,2025-04-26 11:21:48.995285,16.365638597540656,0.22051855537807075,6.076384268145486
Mumbai,19.076,72.8777,2025-04-27 11:21:48.995285,15.881498833684686,0.12076175541334574,6.659506204370039
Mumbai,19.076,72.8777,2025-04-28 11:21:48.995285,14.34430571623018,0.15883163505731004,6.4791598980087
Mumbai,19.076,72.8777,2025-04-29 11:21:48.995285,15.318206904123723,0.0699266433677751,6.499126683642137
Mumbai,19.076,72.8777,2025-04-30 11:21:48.995285,15.633042142386662,0.04134263327896753,6.260705921956022
Mumbai,19.076,72.8777,2025-05-01 11:21:48.995285,16.24548403632286,0.08649899947505031,6.617353104834498
Mumbai,19.076,72.8777,2025-05-02 11:21:48.995285,14.842252451408479,0.2826060818221918,6.372098059172228
Mumbai,19.076,72.8777,2025-05-03 11:21:48.995285,15.590883335082362,0.2725185720878861,6.486031579348764
Mumbai,19.076,72.8777,2025-05-04 11:21:48.995285,15.161848687804868,0.4229769789598175,6.353994746818984
Mumbai,19.076,72.8777,2025-05-05 11:21:48.995285,14.747146661080563,0.2443758265130253,6.259381952286113
Mumbai,19.076,72.8777,2025-05-06 11:21:48.995285,16.00212340982437,0.2563522940258797,6.437895956424652
Mumbai,19.076,72.8777,2025-05-07 11:21:48.995285,14.83102189564811,0.2958237454838043,6.855675803570928
Mumbai,19.076,72.8777,2025-05-08 11:21:48.995285,15.782104761507792,0.16662335823089422,6.358110812004342
Mumbai,19.076,72.8777,2025-05-09 11:21:48.995285,14.48293839489835,0.37513841889407407,6.462012983011899
Mumbai,19.076,72.8777,2025-05-10 11:21:48.995285,15.018658800410895,0.3347400835859529,6.420468360140771
Mumbai,19.076,72.8777,2025-05-11 11:21:48.995285,15.533039127520674,0.2137704410571003,6.308867296259594
Mumbai,19.076,72.8777,2025-05-12 11:21:48.995285,15.588694317220751,0.35787556505887935,6.868772347206831
Mumbai,19.076,72.8777,2025-05-13 11:21:48.995285,15.4319618925476,0.40896880563013804,6.091501589169653
Mumbai,19.076,72.8777,2025-05-14 11:21:48.995285,15.689382279691204,0.21258886224167284,6.47438715060294
Mumbai,19.076,72.8777,2025-05-15 11:21:48.995285,15.03546591245358,0.46425999238854265,6.246946890255034
Mumbai,19.076,72.8777,2025-05-16 11:21:48.995285,15.859000751804489,0.32646790433554845,6.670168437818567
Mumbai,19.076,72.8777,2025-05-17 11:21:48.995285,15.324107758320851,0.07757443417348386,6.540174006459206
Mumbai,19.076,72.8777,2025-05-18 11:21:48.995285,15.496151520930585,0.49505503975784537,6.8546857373116055
Mumbai,19.076,72.8777,2025-05-19 11:21:48.995285,15.293455098624165,0.5455048573557986,6.720366496918308
Mumbai,19.076,72.8777,2025-05-20 11:21:48.995285,15.340254771571779,0.31235473413057757,6.524479510799619
Mumbai,19.076,72.8777,2025-05-21 11:21:48.995285,14.576813614284776,0.27117538849105804,6.723303273452072
Mumbai,19.076,72.8777,2025-05-22 11:21:48.995285,14.589386644131197,0.5847026313502456,6.7507272719490246
Mumbai,19.076,72.8777,2025-05-23 11:21:48.995285,14.772430884271765,0.40387794098809854,6.226249753543602
Mumbai,19.076,72.8777,2025-05-24 11:21:48.995285,15.282976780568927,0.6138403818609721,6.7319397879691545
Mumbai,19.076,72.8777,2025-05-25 11:21:48.995285,14.714300310011227,0.3139184720238517,6.589178776954529
Mumbai,19.076,72.8777,2025-05-26 11:21:48.995285,14.843355069166796,0.6474009544889827,6.646840919777672
Mumbai,19.076,72.8777,2025-05-27 11:21:48.995285,14.937860981785319,0.6279830964270195,6.377730481282379
Mumbai,19.076,72.8777,2025-05-28 11:21:48.995285,15.665913411477256,0.5884422771500746,6.243694735599658
Mumbai,19.076,72.8777,2025-05-29 11:21:48.995285,15.241179447991613,0.3476574280781982,6.189735555891857
Mumbai,19.076,72.8777,2025-05-30 11:21:48.995285,14.191960683086334,0.5254828685822142,5.4775176232018925
Mumbai,19.076,72.8777,2025-05-31 11:21:48.995285,14.985308011283973,0.6760419532330658,6.287198442538122
Mumbai,19.076,72.8777,2025-06-01 11:21:48.995285,14.736629872458098,0.4200687346386628,7.231776501070509
Mumbai,19.076,72.8777,2025-06-02 11:21:48.995285,14.757088478366478,0.5499065804040071,6.746723800659734
Mumbai,19.076,72.8777,2025-06-03 11:21:48.995285,14.854523046351158,0.6550378669746244,6.595538232176494
Mumbai,19.076,72.8777,2025-06-04 11:21:48.995285,15.40011374594043,0.5126105659735326,6.788311902462961
Mumbai,19.076,72.8777,2025-06-05 11:21:48.995285,14.41348073794416,0.7715206765250493,6.421990858228794
Mumbai,19.076,72.8777,2025-06-06 11:21:48.995285,14.905268793413638,0.76452610437601,6.382426001953816
Mumbai,19.076,72.8777,2025-06-07 11:21:48.995285,14.931796894040225,0.6910965404176129,6.412929419233282
Mumbai,19.076,72.8777,2025-06-08 11:21:48.995285,14.659006713289058,0.7226943125050832,6.279199823216298
Mumbai,19.076,72.8777,2025-06-09 11:21:48.995285,14.433816522526133,0.6374461405833729,6.303889572759931
Mumbai,19.076,72.8777,2025-06-10 11:21:48.995285,14.358666082517129,0.7624391773191213,6.4952578834617265
Mumbai,19.076,72.8777,2025-06-11 11:21:48.995285,14.509449744941064,0.6554301176149159,6.519338996298451
Mumbai,19.076,72.8777,2025-06-12 11:21:48.995285,15.072099639493308,0.7070025776291686,6.897862089464036
Mumbai,19.076,72.8777,2025-06-13 11:21:48.995285,14.507724122921942,0.6886497876739771,6.807394316565899
Mumbai,19.076,72.8777,2025-06-14 11:21:48.995285,14.621022056455523,0.8923712564079953,6.054335627186841
Mumbai,19.076,72.8777,2025-06-15 11:21:48.995285,14.07590219644113,0.8801576924428554,6.411664008862013
Mumbai,19.076,72.8777,2025-06-16 11:21:48.995285,14.401111890029254,0.6694329082757664,6.168313964444247
Mumbai,19.076,72.8777,2025-06-17 11:21:48.995285,14.736970018975443,0.9135457911986326,5.717503123819602
Mumbai,19.076,72.8777,2025-06-18 11:21:48.995285,13.772798296937623,0.7096558206949813,6.526174276391826
Mumbai,19.076,72.8777,2025-06-19 11:21:48.995285,15.113090508394373,0.9840758342840144,6.673166440863869
Mumbai,19.076,72.8777,2025-06-20 11:21:48.995285,14.278569015794499,0.9648609895272406,6.521399118808947
Mumbai,19.076,72.8777,2025-06-21 11:21:48.995285,15.440974995811203,1.0356554951337984,6.631071731123984
Mumbai,19.076,72.8777,2025-06-22 11:21:48.995285,14.754085610748975,0.8539101327534853,6.399580176985011
Mumbai,19.076,72.8777,2025-06-23 11:21:48.995285,13.61141651027911,0.8044194088217202,6.191677910974171
Mumbai,19.076,72.8777,2025-06-24 11:21:48.995285,14.65249121924023,0.8096505088973701,6.389896509271002
Mumbai,19.076,72.8777,2025-06-25 11:21:48.995285,14.339746179680688,0.8845007231597771,6.910635989326777
Mumbai,19.076,72.8777,2025-06-26 11:21:48.995285,14.628929488175915,0.7522252517541701,6.612385870823365
Mumbai,19.076,72.8777,2025-06-27 11:21:48.995285,15.277637839667861,0.6188890375503451,6.043779641490672
Mumbai,19.076,72.8777,2025-06-28 11:21:48.995285,14.807245658456909,0.8256847612169442,6.539020482302325
Mumbai,19.076,72.8777,2025-06-29 11:21:48.995285,14.327547845504505,0.8751094647993105,6.8821345599332675
Mumbai,19.076,72.8777,2025-06-30 11:21:48.995285,13.72778976258254,0.9314950767745649,6.728401862464356
Mumbai,19.076,72.8777,2025-07-01 11:21:48.995285,14.848603733121587,0.9201450475356567,6.886043138441531
Mumbai,19.076,72.8777,2025-07-02 11:21:48.995285,14.65324259879759,0.8985346487253342,6.053440243032457
Mumbai,19.076,72.8777,2025-07-03 11:21:48.995285,14.963666459082637,1.004972655637172,6.537735011911181
Mumbai,19.076,72.8777,2025-07-04 11:21:48.995285,14.299805571333394,0.8038771183875425,6.395521280909145
Mumbai,19.076,72.8777,2025-07-05 11:21:48.995285,14.505499820190147,0.8265870762402014,6.678491781037741
Mumbai,19.076,72.8777,2025-07-06 11:21:48.995285,14.221711791273837,1.1068904548029943,6.245264627099068
Mumbai,19.076,72.8777,2025-07-07 11:21:48.995285,14.375360178173846,0.5793102309572439,6.240029356906197
Mumbai,19.076,72.8777,2025-07-08 11:21:48.995285,13.561965436374056,1.0108331714383731,6.499079448291706
Mumbai,19.076,72.8777,2025-07-09 11:21:48.995285,14.465853318065507,0.9560409888801484,6.223474173559712
Mumbai,19.076,72.8777,2025-07-10 11:21:48.995285,14.485613895559931,0.8998579414717452,6.577827560582028
Mumbai,19.076,72.8777,2025-07-11 11:21:48.995285,14.030397049840493,0.9894355787753808,5.888255010147295
Mumbai,19.076,72.8777,2025-07-12 11:21:48.995285,14.573770555215063,0.9710161323048686,6.852721946724745
Mumbai,19.076,72.8777,2025-07-13 11:21:48.995285,14.69505889749363,0.7521121844119578,5.664440365413047
Mumbai,19.076,72.8777,2025-07-14 11:21:48.995285,14.947415516236259,0.7990535154088598,6.7714165898827074
Mumbai,19.076,72.8777,2025-07-15 11:21:48.995285,13.726085459530271,0.8463110703005883,6.325726451562903
Mumbai,19.076,72.8777,2025-07-16 11:21:48.995285,14.559808363262551,0.679719770299086,6.065138694777461
Mumbai,19.076,72.8777,2025-07-17 11:21:48.995285,14.883299982373805,2.6639496240409164,6.550997877404938
Mumbai,19.076,72.8777,2025-07-18 11:21:48.995285,14.02841955720855,0.9491395168190272,6.765684271846538
Mumbai,19.076,72.8777,2025-07-19 11:21:48.995285,14.890979621364568,0.998045626485407,6.847550711713522
Mumbai,19.076,72.8777,2025-07-20 11:21:48.995285,13.82050843504958,0.8849014268389642,6.837736757168798
Mumbai,19.076,72.8777,2025-07-21 11:21:48.995285,14.208500172328353,0.7973325573802563,6.242468532022822
Mumbai,19.076,72.8777,2025-07-22 11:21:48.995285,13.300558076838296,0.8894339270973027,6.561454743352192
Mumbai,19.076,72.8777,2025-07-23 11:21:48.995285,13.221121119732459,0.8534694988959985,5.9665869796852995
Mumbai,19.076,72.8777,2025-07-24 11:21:48.995285,13.368990355167798,0.9337310603585478,6.523788500993003
Mumbai,19.076,72.8777,2025-07-25 11:21:48.995285,14.84622466173396,0.8441443924068481,6.601430518054954
Mumbai,19.076,72.8777,2025-07-26 11:21:48.995285,13.740499175572168,0.9306744081300712,6.387459616717554
Mumbai,19.076,72.8777,2025-07-27 11:21:48.995285,13.733462320705485,0.808228089284522,5.949294978290216
Mumbai,19.076,72.8777,2025-07-28 11:21:48.995285,14.31606744974436,0.9556378691962123,6.3218449566252595
Mumbai,19.076,72.8777,2025-07-29 11:21:48.995285,13.732383638437911,0.8362275946654341,7.072194616436713
Mumbai,19.076,72.8777,2025-07-30 11:21:48.995285,14.699139326782467,0.7501648703156288,6.617305765611004
Mumbai,19.076,72.8777,2025-07-31 11:21:48.995285,15.021217794759279,0.7677532123109948,6.35459720432953
Mumbai,19.076,72.8777,2025-08-01 11:21:48.995285,12.97158492161436,0.8645272985292786,6.452248502085486
Mumbai,19.076,72.8777,2025-08-02 11:21:48.995285,14.335840103759217,0.6551609702825338,6.615384618853755
Mumbai,19.076,72.8777,2025-08-03 11:21:48.995285,13.039034967335077,0.7593549247928627,6.035234789831929
Mumbai,19.076,72.8777,2025-08-04 11:21:48.995285,13.38305424072658,0.8689831722973502,6.05082930013279
Mumbai,19.076,72.8777,2025-08-05 11:21:48.995285,14.296062847554825,0.8031936374672266,6.279143922503889
Mumbai,19.076,72.8777,2025-08-06 11:21:48.995285,13.57978958533179,0.6255684408543968,6.346608882903379
Mumbai,19.076,72.8777,2025-08-07 11:21:48.995285,14.176779131725025,0.7606329588853581,7.0381876833773385
Mumbai,19.076,72.8777,2025-08-08 11:21:48.995285,14.056812419192273,0.5838957043226664,6.521196389510477
Mumbai,19.076,72.8777,2025-08-09 11:21:48.995285,13.212497675030356,0.7250791257233627,6.344927832229197
Mumbai,19.076,72.8777,2025-08-10 11:21:48.995285,14.3607686535596,0.8324938546789793,6.516956079026906
Mumbai,19.076,72.8777,2025-08-11 11:21:48.995285,14.177380632484875,0.6897026906507596,5.892545577869262
Mumbai,19.076,72.8777,2025-08-12 11:21:48.995285,14.043402793252108,0.5568089562138705,6.228773047024421
Mumbai,19.076,72.8777,2025-08-13 11:21:48.995285,13.696361547412467,0.6383371686249772,6.275454193007353
Mumbai,19.076,72.8777,2025-08-14 11:21:48.995285,14.211908416442693,0.6641322210188877,6.193836163100679
Mumbai,19.076,72.8777,2025-08-15 11:21:48.995285,13.36710443913407,0.740973932798249,6.870344931229188
Mumbai,19.076,72.8777,2025-08-16 11:21:48.995285,13.507308707992964,0.7269979590634065,6.69802394610573
Mumbai,19.076,72.8777,2025-08-17 11:21:48.995285,14.16934980550923,0.4965425299893425,6.136839129785571
Mumbai,19.076,72.8777,2025-08-18 11:21:48.995285,14.521819232841036,0.559713448604834,6.119948380119578
Mumbai,19.076,72.8777,2025-08-19 11:21:48.995285,13.766329497916413,0.6180360170040757,6.122171494505047
Mumbai,19.076,72.8777,2025-08-20 11:21:48.995285,14.231846550426381,0.5046459009058852,6.443979773078275
Mumbai,19.076,72.8777,2025-08-21 11:21:48.995285,14.104561930218242,0.6013375924514981,6.560039125185401
Mumbai,19.076,72.8777,2025-08-22 11:21:48.995285,14.20827257364217,0.4030115927860819,6.624840342187326
Mumbai,19.076,72.8777,2025-08-23 11:21:48.995285,13.654562034054376,0.5502257345195396,6.1956768241296025
Mumbai,19.076,72.8777,2025-08-24 11:21:48.995285,13.92545976375909,0.6130594722113931,6.446490253756696
Mumbai,19.076,72.8777,2025-08-25 11:21:48.995285,13.980891937304952,0.5019522434828173,6.483235489838582
Mumbai,19.076,72.8777,2025-08-26 11:21:48.995285,14.74942526419569,0.500365083327788,6.8590822376776
Mumbai,19.076,72.8777,2025-08-27 11:21:48.995285,13.448501924428513,0.5534762619428956,6.732262750708974
Mumbai,19.076,72.8777,2025-08-28 11:21:48.995285,13.299669486343014,0.4109259908986823,6.069420860692076
Mumbai,19.076,72.8777,2025-08-29 11:21:48.995285,15.502369813079364,0.5038837945621231,5.934872960171834
Mumbai,19.076,72.8777,2025-08-30 11:21:48.995285,14.158565877196512,1.2751119162947435,6.466696317769637
Mumbai,19.076,72.8777,2025-08-31 11:21:48.995285,14.280035411938885,0.32378253113852135,6.308831598116705
Mumbai,19.076,72.8777,2025-09-01 11:21:48.995285,14.328861517235586,0.4914223634144046,6.211713938035875
Mumbai,19.076,72.8777,2025-09-02 11:21:48.995285,14.396010116074176,0.5280002326186398,6.273079552484339
Mumbai,19.076,72.8777,2025-09-03 11:21:48.995285,14.46215005122443,0.49060937837078755,6.673863557641317
Mumbai,19.076,72.8777,2025-09-04 11:21:48.995285,14.403754796766796,0.45198062981831383,6.048899652752183
Mumbai,19.076,72.8777,2025-09-05 11:21:48.995285,14.58220364902175,0.3999815330513182,7.054502524690063
Mumbai,19.076,72.8777,2025-09-06 11:21:48.995285,14.105847294314971,0.37255228429321596,6.284742199639113
Mumbai,19.076,72.8777,2025-09-07 11:21:48.995285,14.56201191047666,0.3144104867215159,6.689760306482723
Mumbai,19.076,72.8777,2025-09-08 11:21:48.995285,14.975929314299973,0.24527400269153493,6.299287824072087
Mumbai,19.076,72.8777,2025-09-09 11:21:48.995285,14.13221794870535,0.09291380559661389,6.044519817832268
Mumbai,19.076,72.8777,2025-09-10 11:21:48.995285,14.279262970881971,0.13097220826914407,6.456215786475199
Mumbai,19.076,72.8777,2025-09-11 11:21:48.995285,13.753859965417046,0.2776220472300096,6.123794896985425
Mumbai,19.076,72.8777,2025-09-12 11:21:48.995285,13.966529970916758,0.1372465995235387,6.544129781968978
Mumbai,19.076,72.8777,2025-09-13 11:21:48.995285,14.230830082362639,0.2952954089359091,6.4924407900293355
Mumbai,19.076,72.8777,2025-09-14 11:21:48.995285,13.865526971621826,0.41791696845998205,6.29161626863611
Mumbai,19.076,72.8777,2025-09-15 11:21:48.995285,14.112402125397603,0.0,6.545430765971088
Mumbai,19.076,72.8777,2025-09-16 11:21:48.995285,14.243122307843961,0.12543797434697215,6.811651769831984
Mumbai,19.076,72.8777,2025-09-17 11:21:48.995285,14.839340086553193,0.4315170954151896,6.467016628906736
Mumbai,19.076,72.8777,2025-09-18 11:21:48.995285,13.653975762189699,0.8608010723427474,6.281431312484692
Mumbai,19.076,72.8777,2025-09-19 11:21:48.995285,14.303067713413876,0.1832779848311199,6.619982259597773
Mumbai,19.076,72.8777,2025-09-20 11:21:48.995285,13.798286846730512,0.13255108851320874,6.63247142512808
Mumbai,19.076,72.8777,2025-09-21 11:21:48.995285,14.49103681061587,0.23598945974050367,6.4145294834681215
Mumbai,19.076,72.8777,2025-09-22 11:21:48.995285,14.538682208044456,0.2673788101106582,6.912041632512149
Mumbai,19.076,72.8777,2025-09-23 11:21:48.995285,14.962838930927596,0.034961631213097505,6.4101378259992705
Mumbai,19.076,72.8777,2025-09-24 11:21:48.995285,13.919699610656698,0.3039226180125729,6.946382324518169
Mumbai,19.076,72.8777,2025-09-25 11:21:48.995285,14.214015734043711,0.18784137816413546,6.303581416569345
Mumbai,19.076,72.8777,2025-09-26 11:21:48.995285,14.552212943967062,0.2354785442802754,6.755114050932323
Mumbai,19.076,72.8777,2025-09-27 11:21:48.995285,14.488700079497784,0.23815791541719206,6.434061708968739
Mumbai,19.076,72.8777,2025-09-28 11:21:48.995285,12.924929835989685,0.16151079894373688,6.580563839496114
Mumbai,19.076,72.8777,2025-09-29 11:21:48.995285,13.834800110453036,0.1697905500890916,5.892142293623133
Mumbai,19.076,72.8777,2025-09-30 11:21:48.995285,14.473519152237074,0.17243025016621977,7.150618993741896
Mumbai,19.076,72.8777,2025-10-01 11:21:48.995285,14.093740984706603,0.08080279332752122,6.595080779965159
Mumbai,19.076,72.8777,2025-10-02 11:21:48.995285,14.614779918917572,0.17767133250788725,6.8050298545738634
Mumbai,19.076,72.8777,2025-10-03 11:21:48.995285,14.740741191955223,0.08363984133664128,6.086695306035114
Mumbai,19.076,72.8777,2025-10-04 11:21:48.995285,14.123839940426858,0.1068951648802242,6.551476827340844
Mumbai,19.076,72.8777,2025-10-05 11:21:48.995285,14.542105796684414,0.26092002994187147,6.446173692076725
Mumbai,19.076,72.8777,2025-10-06 11:21:48.995285,14.981098864445679,0.09909347808446098,6.182718926501637
Mumbai,19.076,72.8777,2025-10-07 11:21:48.995285,14.77383469212837,0.1426872443197354,6.885585465321325
Mumbai,19.076,72.8777,2025-10-08 11:21:48.995285,13.89103239880303,0.08297063177832588,6.5438816239321715
Mumbai,19.076,72.8777,2025-10-09 11:21:48.995285,14.195776651112784,0.06345067890473052,6.483751550702843
Mumbai,19.076,72.8777,2025-10-10 11:21:48.995285,14.3142819994744,0.2929638040228877,6.687425168596607
Mumbai,19.076,72.8777,2025-10-11 11:21:48.995285,13.84533424269147,0.0,6.243595184802985
Mumbai,19.076,72.8777,2025-10-12 11:21:48.995285,14.860553588502027,0.10684277366433116,6.548386923864303
Mumbai,19.076,72.8777,2025-10-13 11:21:48.995285,14.015887608132793,0.0,6.527054673824256
Mumbai,19.076,72.8777,2025-10-14 11:21:48.995285,14.300658297266208,0.2304995210923728,6.54023950458495
Mumbai,19.076,72.8777,2025-10-15 11:21:48.995285,14.90048795337773,0.10131943543588576,6.80819092109693
Mumbai,19.076,72.8777,2025-10-16 11:21:48.995285,14.152456658318767,0.06347852088509734,6.372658487240667
Mumbai,19.076,72.8777,2025-10-17 11:21:48.995285,14.223219040717838,0.0,6.341008135085696
Mumbai,19.076,72.8777,2025-10-18 11:21:48.995285,14.574298420428406,0.2751339552231713,6.315689051354851
Mumbai,19.076,72.8777,2025-10-19 11:21:48.995285,14.214742809987218,0.0,6.303271331231142
Mumbai,19.076,72.8777,2025-10-20 11:21:48.995285,15.199603718505148,0.17514094818643575,6.830700307526893
Mumbai,19.076,72.8777,2025-10-21 11:21:48.995285,13.989842247750445,0.22478934666190464,6.478792855185776
Mumbai,19.076,72.8777,2025-10-22 11:21:48.995285,13.314588395301575,0.3545842028417667,6.806841489007269
Mumbai,19.076,72.8777,2025-10-23 11:21:48.995285,14.89808266365018,0.08808153727867338,6.5813064924233675
Mumbai,19.076,72.8777,2025-10-24 11:21:48.995285,14.312544720231184,0.06409495988219552,6.237762917229768
Mumbai,19.076,72.8777,2025-10-25 11:21:48.995285,14.10240911245606,0.11376687974559693,6.047911226157385
Mumbai,19.076,72.8777,2025-10-26 11:21:48.995285,14.713223167712645,0.10491853067236809,6.064391375276341
Mumbai,19.076,72.8777,2025-10-27 11:21:48.995285,147.46145299421542,0.0,6.232742173690504
Mumbai,19.076,72.8777,2025-10-28 11:21:48.995285,14.170828993972933,0.34300073822662813,6.805916464452162
Mumbai,19.076,72.8777,2025-10-29 11:21:48.995285,15.160669067025278,0.1460766295733828,6.890237580354041
Mumbai,19.076,72.8777,2025-10-30 11:21:48.995285,15.013744903936399,0.18071022739083933,6.527886002497911
Mumbai,19.076,72.8777,2025-10-31 11:21:48.995285,15.585798653791938,0.26857891223784197,6.778073608416176
Mumbai,19.076,72.8777,2025-11-01 11:21:48.995285,14.38501956512496,0.3539469328802647,6.333503278579032
Mumbai,19.076,72.8777,2025-11-02 11:21:48.995285,14.708409795955538,0.10912222585390798,6.31165156900354
Mumbai,19.076,72.8777,2025-11-03 11:21:48.995285,14.762989760433923,0.2711080664729867,6.731231758706801
Mumbai,19.076,72.8777,2025-11-04 11:21:48.995285,14.499003449801236,0.12424862978185479,6.549879624953139
Mumbai,19.076,72.8777,2025-11-05 11:21:48.995285,14.880339796928157,0.28997408650866385,6.720045202876858
Mumbai,19.076,72.8777,2025-11-06 11:21:48.995285,14.934290963042308,0.29690130326169195,6.515368034738815
Mumbai,19.076,72.8777,2025-11-07 11:21:48.995285,14.950957438541213,0.23172467182346562,6.38739075765949
Mumbai,19.076,72.8777,2025-11-08 11:21:48.995285,14.564795299584338,0.3139793095023995,6.435277077733566
Mumbai,19.076,72.8777,2025-11-09 11:21:48.995285,14.639985704711496,0.3276685158032265,6.592139173226714
Mumbai,19.076,72.8777,2025-11-10 11:21:48.995285,14.477779711129616,0.3064120056968134,6.57195870973652
Mumbai,19.076,72.8777,2025-11-11 11:21:48.995285,14.402667401019372,0.3064298576655126,6.22042681789698
Mumbai,19.076,72.8777,2025-11-12 11:21:48.995285,14.762920967293189,0.20296750014903955,6.463489178242798
Mumbai,19.076,72.8777,2025-11-13 11:21:48.995285,15.57003934073885,0.24303866704755617,6.043832643137823
Mumbai,19.076,72.8777,2025-11-14 11:21:48.995285,15.848231468785128,0.3035683456550512,6.3952655878196705
Mumbai,19.076,72.8777,2025-11-15 11:21:48.995285,15.50262029371734,0.2771637141042078,6.223772588652509
Mumbai,19.076,72.8777,2025-11-16 11:21:48.995285,14.630782074744584,0.3338879238566811,5.586238819457967
Mumbai,19.076,72.8777,2025-11-17 11:21:48.995285,15.083627832861245,0.3969152225459696,7.163005322795391
Mumbai,19.076,72.8777,2025-11-18 11:21:48.995285,13.873441571331972,0.4267831982928836,6.268311337018389
Mumbai,19.076,72.8777,2025-11-19 11:21:48.995285,14.83653332710457,0.48765051319973896,6.217610672308137
Mumbai,19.076,72.8777,2025-11-20 11:21:48.995285,14.736920701432087,0.4607768375345617,6.98687623862307
Mumbai,19.076,72.8777,2025-11-21 11:21:48.995285,15.885548910395746,0.47066011356975496,6.148396022558843
Mumbai,19.076,72.8777,2025-11-22 11:21:48.995285,15.095783032907331,0.5261196613021168,6.064583149970058
Mumbai,19.076,72.8777,2025-11-23 11:21:48.995285,15.008147446667232,0.39454256833531376,6.438377671239558
Mumbai,19.076,72.8777,2025-11-24 11:21:48.995285,14.965782959517663,0.41667555523579375,6.351507950548886
