name,latitude,longitude,timestamp,ph,nitrates,conductivity
Kyiv,50.4501,30.5234,2024-11-24 11:21:48.995285,7.531729509033145,6.319467230408863,439.6726730487204
Kyiv,50.4501,30.5234,2024-11-25 11:21:48.995285,6.947339390194543,12.742398888693838,401.0982764981476
Kyiv,50.4501,30.5234,2024-11-26 11:21:48.995285,7.316481102055214,9.163512026488482,409.4528051792411
Kyiv,50.4501,30.5234,2024-11-27 11:21:48.995285,7.054570682033988,9.042450550885022,429.7669353484588
Kyiv,50.4501,30.5234,2024-11-28 11:21:48.995285,7.126387040320399,6.813236959951651,400.49733124383386
Kyiv,50.4501,30.5234,2024-11-29 11:21:48.995285,6.204871176975067,13.911706966881214,391.1657585208782
Kyiv,50.4501,30.5234,2024-11-30 11:21:48.995285,7.111287438513546,23.809641938453396,422.6348798925094
Kyiv,50.4501,30.5234,2024-12-01 11:21:48.995285,7.587747720963222,10.717939185908063,407.579187166641
Kyiv,50.4501,30.5234,2024-12-02 11:21:48.995285,6.947438977773377,12.511634505647205,410.52382759856846
Kyiv,50.4501,30.5234,2024-12-03 11:21:48.995285,7.221010547286126,11.6149779693276,391.03001417185476
Kyiv,50.4501,30.5234,2024-12-04 11:21:48.995285,6.897619717323232,10.737157096923005,374.2112142418059
Kyiv,50.4501,30.5234,2024-12-05 11:21:48.995285,7.344176670517109,7.537801832641389,414.13418368974425
Kyiv,50.4501,30.5234,2024-12-06 11:21:48.995285,7.113390720985531,9.406072827808527,428.35446582331497
Kyiv,50.4501,30.5234,2024-12-07 11:21:48.995285,6.824303383727197,11.485208241105871,406.5799406686874
Kyiv,50.4501,30.5234,2024-12-08 11:21:48.995285,7.7330205870660516,9.619015690055758,440.66222869147487
Kyiv,50.4501,30.5234,2024-12-09 11:21:48.995285,7.571572805412886,11.68348539557847,398.6893382474984
Kyiv,50.4501,30.5234,2024-12-10 11:21:48.995285,6.95803729442873,12.723277605300812,392.50381877738687
Kyiv,50.4501,30.5234,2024-12-11 11:21:48.995285,7.399115323767111,13.367417936003248,413.0795155001078
Kyiv,50.4501,30.5234,2024-12-12 11:21:48.995285,7.414964801128153,9.072247407656079,413.59420972578863
Kyiv,50.4501,30.5234,2024-12-13 11:21:48.995285,7.45692049400447,15.99964041841973,431.46285771132267
Kyiv,50.4501,30.5234,2024-12-14 11:21:48.995285,6.522297641601969,13.222573187078828,401.37688849842596
Kyiv,50.4501,30.5234,2024-12-15 11:21:48.995285,7.602642616413052,11.76495230354373,445.04569084511655
Kyiv,50.4501,30.5234,2024-12-16 11:21:48.995285,6.972120414829708,14.027695880606647,457.8245663946987
Kyiv,50.4501,30.5234,2024-12-17 11:21:48.995285,7.056868826623494,16.65913257521798,418.5002897728135
Kyiv,50.4501,30.5234,2024-12-18 11:21:48.995285,8.25515270090408,9.129999743916127,445.068607863985
Kyiv,50.4501,30.5234,2024-12-19 11:21:48.995285,7.320749352288405,11.635442728078878,399.72973871811064
Kyiv,50.4501,30.5234,2024-12-20 11:21:48.995285,7.04547100982113,22.2210439290165,443.14321045115986
Kyiv,50.4501,30.5234,2024-12-21 11:21:48.995285,6.317882250897638,12.626449773998104,443.3569952582098
Kyiv,50.4501,30.5234,2024-12-22 11:21:48.995285,7.755905653578543,13.048539838364535,440.44625914894016
Kyiv,50.4501,30.5234,2024-12-23 11:21:48.995285,6.661916131676559,12.315344969693424,423.62543022838355
Kyiv,50.4501,30.5234,2024-12-24 11:21:48.995285,6.798624438600199,11.159810608803266,365.60379868315823
Kyiv,50.4501,30.5234,2024-12-25 11:21:48.995285,7.067459080364861,8.444325686883872,412.5990043195626
Kyiv,50.4501,30.5234,2024-12-26 11:21:48.995285,7.766564716680117,13.364145403651289,413.6524600145855
Kyiv,50.4501,30.5234,2024-12-27 11:21:48.995285,7.509295994666304,15.600894825522149,407.3351598157055
Kyiv,50.4501,30.5234,2024-12-28 11:21:48.995285,7.136864996063896,11.580139654371234,430.0666257493223
Kyiv,50.4501,30.5234,2024-12-29 11:21:48.995285,7.323316825455529,41.14088591850564,419.9558189041312
Kyiv,50.4501,30.5234,2024-12-30 11:21:48.995285,6.959845722851558,9.767712740428902,412.5477734773896
Kyiv,50.4501,30.5234,2024-12-31 11:21:48.995285,7.255861475826141,13.888059562188845,408.56033138308175
Kyiv,50.4501,30.5234,2025-01-01 11:21:48.995285,7.229334697911255,12.255619755086316,416.1135837960517
Kyiv,50.4501,30.5234,2025-01-02 11:21:48.995285,7.587507958272542,11.585397840998509,453.53232165904194
Kyiv,50.4501,30.5234,2025-01-03 11:21:48.995285,7.58687124897558,11.656434222018625,418.55111395195894
Kyiv,50.4501,30.5234,2025-01-04 11:21:48.995285,7.397590952882258,12.455924641108886,422.1327039230836
Kyiv,50.4501,30.5234,2025-01-05 11:21:48.995285,7.055060976981559,14.07303972259646,423.947778611649
Kyiv,50.4501,30.5234,2025-01-06 11:21:48.995285,7.496728917756051,10.747891691773692,440.50205121783563
Kyiv,50.4501,30.5234,2025-01-07 11:21:48.995285,7.163212613518781,12.64103317298263,443.477628131754
Kyiv,50.4501,30.5234,2025-01-08 11:21:48.995285,6.767234252514747,13.414348079259941,374.0797855677191
Kyiv,50.4501,30.5234,2025-01-09 11:21:48.995285,7.038684883235625,11.360204662345154,456.0155353906409
Kyiv,50.4501,30.5234,2025-01-10 11:21:48.995285,7.23381079351373,17.211550594829596,464.90956259967066
Kyiv,50.4501,30.5234,2025-01-11 11:21:48.995285,7.564086313465898,11.970094154697245,415.76712040096584
Kyiv,50.4501,30.5234,2025-01-12 11:21:48.995285,7.126588731137139,12.395986611215795,417.90263949013104
Kyiv,50.4501,30.5234,2025-01-13 11:21:48.995285,6.716320515504158,11.834913142747816,1286.730668005088
Kyiv,50.4501,30.5234,2025-01-14 11:21:48.995285,7.222696673318728,17.444034308695922,423.35066095506477
Kyiv,50.4501,30.5234,2025-01-15 11:21:48.995285,7.245382416022621,15.00728971255284,443.4933300324709
Kyiv,50.4501,30.5234,2025-01-16 11:21:48.995285,7.274335051561102,12.081544271296602,400.6167771106616
Kyiv,50.4501,30.5234,2025-01-17 11:21:48.995285,7.567948606381773,16.21926855859332,417.709502247999
Kyiv,50.4501,30.5234,2025-01-18 11:21:48.995285,7.60756929603596,14.45909268361456,471.36089695386624
Kyiv,50.4501,30.5234,2025-01-19 11:21:48.995285,6.962315651047334,43.86566882620522,422.5094283181603
Kyiv,50.4501,30.5234,2025-01-20 11:21:48.995285,6.953542616780423,13.466898714324133,466.4270968803489
Kyiv,50.4501,30.5234,2025-01-21 11:21:48.995285,6.783920515617811,12.704260054258446,449.13768419352664
Kyiv,50.4501,30.5234,2025-01-22 11:21:48.995285,7.479526268112191,14.924617655746841,406.3055002846112
Kyiv,50.4501,30.5234,2025-01-23 11:21:48.995285,7.779528043335087,13.203645331387834,455.64478181811427
Kyiv,50.4501,30.5234,2025-01-24 11:21:48.995285,7.07396722883643,17.97079303279819,441.0194716926228
Kyiv,50.4501,30.5234,2025-01-25 11:21:48.995285,7.103427774110003,11.840876315235008,434.68524413221735
Kyiv,50.4501,30.5234,2025-01-26 11:21:48.995285,7.78671302275959,17.49265109542671,449.10251736060826
Kyiv,50.4501,30.5234,2025-01-27 11:21:48.995285,7.402223141286004,14.237269034702141,454.09173703431327
Kyiv,50.4501,30.5234,2025-01-28 11:21:48.995285,7.3744942819204224,15.096325816303429,459.13337992210455
Kyiv,50.4501,30.5234,2025-01-29 11:21:48.995285,6.723633397610509,16.20138459727205,468.9157475910919
Kyiv,50.4501,30.5234,2025-01-30 11:21:48.995285,7.471491227711768,13.310141350917796,453.8691176648338
Kyiv,50.4501,30.5234,2025-01-31 11:21:48.995285,6.828345463796097,16.333353207980448,418.5358826101045
Kyiv,50.4501,30.5234,2025-02-01 11:21:48.995285,6.746391925626017,9.222620707133629,436.904175025936
Kyiv,50.4501,30.5234,2025-02-02 11:21:48.995285,7.061291369293316,13.229207077670747,505.5528281465187
Kyiv,50.4501,30.5234,2025-02-03 11:21:48.995285,6.965682910620524,12.851154675027347,461.4826241047293
Kyiv,50.4501,30.5234,2025-02-04 11:21:48.995285,7.111360122245984,12.220969912392189,494.66556538758704
Kyiv,50.4501,30.5234,2025-02-05 11:21:48.995285,6.623607346190033,14.325372905317867,475.4615074587414
Kyiv,50.4501,30.5234,2025-02-06 11:21:48.995285,7.58352652258707,15.552674069322917,452.64778276071024
Kyiv,50.4501,30.5234,2025-02-07 11:21:48.995285,7.651074517806572,16.210968916360116,454.0846305892374
Kyiv,50.4501,30.5234,2025-02-08 11:21:48.995285,6.4210630103436745,15.310453202675088,447.5553960852058
Kyiv,50.4501,30.5234,2025-02-09 11:21:48.995285,7.59138312226662,13.518932679470442,413.74710377564537
Kyiv,50.4501,30.5234,2025-02-10 11:21:48.995285,6.87578854807135,15.608535151512436,449.0659678079855
Kyiv,50.4501,30.5234,2025-02-11 11:21:48.995285,7.542790214793115,15.137813097229987,473.1059081261268
Kyiv,50.4501,30.5234,2025-02-12 11:21:48.995285,7.172621402933434,16.77864468723008,437.0725236171564
Kyiv,50.4501,30.5234,2025-02-13 11:21:48.995285,7.2115102256323995,16.476242489623495,457.46275081884085
Kyiv,50.4501,30.5234,2025-02-14 11:21:48.995285,7.125960940231512,14.997700039811189,466.39929303756327
Kyiv,50.4501,30.5234,2025-02-15 11:21:48.995285,7.684851681693394,13.155156463114253,431.30301596811813
Kyiv,50.4501,30.5234,2025-02-16 11:21:48.995285,6.704164794989989,13.655210735425499,1321.75515955207
Kyiv,50.4501,30.5234,2025-02-17 11:21:48.995285,7.4431361354940035,13.871510815193693,429.3526655351544
Kyiv,50.4501,30.5234,2025-02-18 11:21:48.995285,7.640532065955821,14.349062312903383,433.3526376735708
Kyiv,50.4501,30.5234,2025-02-19 11:21:48.995285,7.486536032216164,15.522725720720285,424.11414298234655
Kyiv,50.4501,30.5234,2025-02-20 11:21:48.995285,8.129879565729368,16.422525886033938,431.91280183021763
Kyiv,50.4501,30.5234,2025-02-21 11:21:48.995285,6.988421294910121,14.894012670167662,478.3516141779409
Kyiv,50.4501,30.5234,2025-02-22 11:21:48.995285,7.582921929037413,15.031092085700399,431.6788845171887
Kyiv,50.4501,30.5234,2025-02-23 11:21:48.995285,7.157563745863432,15.286566308680959,452.5287213680233
Kyiv,50.4501,30.5234,2025-02-24 11:21:48.995285,7.693362430541068,13.96777266700901,439.9384578593178
Kyiv,50.4501,30.5234,2025-02-25 11:21:48.995285,7.196924401711453,13.146946888150874,473.55463277510665
Kyiv,50.4501,30.5234,2025-02-26 11:21:48.995285,7.044849687255012,11.483522783303748,476.167231711324
Kyiv,50.4501,30.5234,2025-02-27 11:21:48.995285,7.722428881548652,13.599287088173217,467.1772576860485
Kyiv,50.4501,30.5234,2025-02-28 11:21:48.995285,7.003375224392428,15.929585415306423,455.95563614976356
Kyiv,50.4501,30.5234,2025-03-01 11:21:48.995285,6.634909696439777,13.569703679424354,445.1340748182169
Kyiv,50.4501,30.5234,2025-03-02 11:21:48.995285,6.9932612467304685,14.490670171485192,425.82534837954574
Kyiv,50.4501,30.5234,2025-03-03 11:21:48.995285,7.447613178635413,15.888432894791908,488.42628082211667
Kyiv,50.4501,30.5234,2025-03-04 11:21:48.995285,7.756815500634836,15.984766944007042,434.24041915656596
Kyiv,50.4501,30.5234,2025-03-05 11:21:48.995285,7.244451750118605,12.770675045487074,462.57033443884836
Kyiv,50.4501,30.5234,2025-03-06 11:21:48.995285,7.727278826893611,16.908751472807193,470.337639051467
Kyiv,50.4501,30.5234,2025-03-07 11:21:48.995285,6.656730031408963,17.15276863693842,437.87507464416797
Kyiv,50.4501,30.5234,2025-03-08 11:21:48.995285,7.022694614072839,12.620353038724723,469.56077807793764
Kyiv,50.4501,30.5234,2025-03-09 11:21:48.995285,7.0845699531383595,13.212917243863,463.89017389823016
Kyiv,50.4501,30.5234,2025-03-10 11:21:48.995285,7.154176229010992,17.221870281412702,482.9561658588385
Kyiv,50.4501,30.5234,2025-03-11 11:21:48.995285,7.233637755300078,14.523645700310142,438.7865980996732
Kyiv,50.4501,30.5234,2025-03-12 11:21:48.995285,7.476364382956877,10.35403319003278,422.2186105037705
Kyiv,50.4501,30.5234,2025-03-13 11:21:48.995285,7.022077264731804,11.969041973686856,437.5742547226321
Kyiv,50.4501,30.5234,2025-03-14 11:21:48.995285,7.255611474781251,14.243068649715894,451.5951498512952
Kyiv,50.4501,30.5234,2025-03-15 11:21:48.995285,7.181950843870379,12.3877204163829,448.3023117112222
Kyiv,50.4501,30.5234,2025-03-16 11:21:48.995285,6.82964403844354,13.857559190204274,438.97530938928054
Kyiv,50.4501,30.5234,2025-03-17 11:21:48.995285,7.154533324367426,14.718412082557053,408.3522473723541
Kyiv,50.4501,30.5234,2025-03-18 11:21:48.995285,7.142536188041153,52.63788845710478,455.6241960322368
Kyiv,50.4501,30.5234,2025-03-19 11:21:48.995285,7.133967773998782,14.00701029784139,485.3260708846137
Kyiv,50.4501,30.5234,2025-03-20 11:21:48.995285,7.21270378263258,16.6981067496166,454.81525626717087
Kyiv,50.4501,30.5234,2025-03-21 11:21:48.995285,7.2302694162453545,17.374299335696964,457.3505004973045
Kyiv,50.4501,30.5234,2025-03-22 11:21:48.995285,7.0270819283570685,17.347815792378697,456.24087065984753
Kyiv,50.4501,30.5234,2025-03-23 11:21:48.995285,7.709085893588506,15.009795799918603,452.34379952912263
Kyiv,50.4501,30.5234,2025-03-24 11:21:48.995285,6.732207748318793,10.47348272418973,462.6339295360387
Kyiv,50.4501,30.5234,2025-03-25 11:21:48.995285,6.911611956612042,15.28018132435434,451.4927895591794
Kyiv,50.4501,30.5234,2025-03-26 11:21:48.995285,8.311985449689423,16.41251041587664,436.90356300943006
Kyiv,50.4501,30.5234,2025-03-27 11:21:48.995285,6.784803458004308,14.1094766378783,426.79633028731627
Kyiv,50.4501,30.5234,2025-03-28 11:21:48.995285,6.658498130116096,17.71541302691581,437.28297976203964
Kyiv,50.4501,30.5234,2025-03-29 11:21:48.995285,7.493790698000487,47.6978835600843,448.0788638999452
Kyiv,50.4501,30.5234,2025-03-30 11:21:48.995285,6.36915205849045,15.268317747925115,434.996050713736
Kyiv,50.4501,30.5234,2025-03-31 11:21:48.995285,7.105890436011024,16.255451679641254,447.1136762349244
Kyiv,50.4501,30.5234,2025-04-01 11:21:48.995285,8.058329970030595,14.69913943412648,449.10699999005556
Kyiv,50.4501,30.5234,2025-04-02 11:21:48.995285,6.58202563113864,8.995293320122371,456.4727318145344
Kyiv,50.4501,30.5234,2025-04-03 11:21:48.995285,6.4072142057045145,12.929971372452842,464.93839213071533
Kyiv,50.4501,30.5234,2025-04-04 11:21:48.995285,6.600327519216921,16.26875626133091,440.3043504379292
Kyiv,50.4501,30.5234,2025-04-05 11:21:48.995285,7.559343827338794,12.204260383756123,412.03889933657393
Kyiv,50.4501,30.5234,2025-04-06 11:21:48.995285,7.649910687994325,13.316389127186163,430.7312594402166
Kyiv,50.4501,30.5234,2025-04-07 11:21:48.995285,6.994964481208597,11.616437426436836,437.9423518905618
Kyiv,50.4501,30.5234,2025-04-08 11:21:48.995285,7.473284961600427,17.215632960835975,399.76250258078255
Kyiv,50.4501,30.5234,2025-04-09 11:21:48.995285,7.756102131004796,16.951369483215842,463.65713608584775
Kyiv,50.4501,30.5234,2025-04-10 11:21:48.995285,7.91493856577193,11.760180260254431,438.1267387555682
Kyiv,50.4501,30.5234,2025-04-11 11:21:48.995285,7.101465887528061,13.761002135213054,442.2911180359546
Kyiv,50.4501,30.5234,2025-04-12 11:21:48.995285,6.279411312932005,12.042878951856986,461.3491997243761
Kyiv,50.4501,30.5234,2025-04-13 11:21:48.995285,6.871648431036125,14.570208599130424,420.80033660782976
Kyiv,50.4501,30.5234,2025-04-14 11:21:48.995285,7.029278322025897,14.295147940530084,444.2386564781349
Kyiv,50.4501,30.5234,2025-04-15 11:21:48.995285,7.096424481368644,14.83368470940935,429.9054531997895
Kyiv,50.4501,30.5234,2025-04-16 11:21:48.995285,7.124856239596513,13.807650968394947,427.75640338947335
Kyiv,50.4501,30.5234,2025-04-17 11:21:48.995285,7.647557839172268,18.947235412593574,415.32038224207884
Kyiv,50.4501,30.5234,2025-04-18 11:21:48.995285,7.709771370675033,10.952272786103135,463.3932674349767
Kyiv,50.4501,30.5234,2025-04-19 11:21:48.995285,7.1313305384300865,28.553158657768012,421.87926181311224
Kyiv,50.4501,30.5234,2025-04-20 11:21:48.995285,7.639393950420728,12.082680938118699,442.67789833313026
Kyiv,50.4501,30.5234,2025-04-21 11:21:48.995285,7.343064546652436,9.661969780930347,390.47931537107013
Kyiv,50.4501,30.5234,2025-04-22 11:21:48.995285,7.225802389145029,9.74127765269127,450.86179252082826
Kyiv,50.4501,30.5234,2025-04-23 11:21:48.995285,7.562617662843985,10.651020932413733,447.58072552723786
Kyiv,50.4501,30.5234,2025-04-24 11:21:48.995285,7.228900819295166,10.735934144216008,427.7518017567387
Kyiv,50.4501,30.5234,2025-04-25 11:21:48.995285,8.023124470839106,10.596972863328759,420.5232413495303
Kyiv,50.4501,30.5234,2025-04-26 11:21:48.995285,6.624635533282176,13.467801436434273,432.3136354677058
Kyiv,50.4501,30.5234,2025-04-27 11:21:48.995285,6.9939316403631935,11.343419416198648,469.333788601299
Kyiv,50.4501,30.5234,2025-04-28 11:21:48.995285,7.14939244121842,11.920504317797333,387.5306006973533
Kyiv,50.4501,30.5234,2025-04-29 11:21:48.995285,7.375781076183197,13.991059470754346,437.6664869690073
Kyiv,50.4501,30.5234,2025-04-30 11:21:48.995285,7.707184194841235,10.59235665028492,403.01767095539964
Kyiv,50.4501,30.5234,2025-05-01 11:21:48.995285,7.190240573105537,11.517687996668663,420.0694300147864
Kyiv,50.4501,30.5234,2025-05-02 11:21:48.995285,6.631108140197517,12.699471355468164,414.72191145125004
Kyiv,50.4501,30.5234,2025-05-03 11:21:48.995285,7.537005558582002,8.005404224779383,410.31903310424315
Kyiv,50.4501,30.5234,2025-05-04 11:21:48.995285,7.501983506456786,7.038757635747673,417.87638395543377
Kyiv,50.4501,30.5234,2025-05-05 11:21:48.995285,6.423256536248237,12.420296220949114,394.5971927279809
Kyiv,50.4501,30.5234,2025-05-06 11:21:48.995285,7.19847834653168,12.631070972256449,437.05403283378587
Kyiv,50.4501,30.5234,2025-05-07 11:21:48.995285,6.563943267727881,15.693975474383956,379.7724818228193
Kyiv,50.4501,30.5234,2025-05-08 11:21:48.995285,6.934139560999175,11.799753848101073,425.6309312202414
Kyiv,50.4501,30.5234,2025-05-09 11:21:48.995285,6.8388764292148805,13.04063281051227,407.4808167092694
Kyiv,50.4501,30.5234,2025-05-10 11:21:48.995285,7.523705879296794,10.927382176468088,389.76477676025127
Kyiv,50.4501,30.5234,2025-05-11 11:21:48.995285,7.246732069668874,11.829565345574851,416.3987764360207
Kyiv,50.4501,30.5234,2025-05-12 11:21:48.995285,6.685763599697589,14.48604203465213,380.376261777401
Kyiv,50.4501,30.5234,2025-05-13 11:21:48.995285,7.552026385182937,6.81961894094771,411.47032220638255
Kyiv,50.4501,30.5234,2025-05-14 11:21:48.995285,6.626477670428635,11.810596964111244,381.37610633344775
Kyiv,50.4501,30.5234,2025-05-15 11:21:48.995285,7.332045516188377,15.170006388782543,418.2137709726348
Kyiv,50.4501,30.5234,2025-05-16 11:21:48.995285,6.874395732283378,11.378103503111271,389.65320397431833
Kyiv,50.4501,30.5234,2025-05-17 11:21:48.995285,7.053729166987792,14.030141911065071,398.2700795054075
Kyiv,50.4501,30.5234,2025-05-18 11:21:48.995285,7.401708299215354,9.385316588204022,412.3163966314923
Kyiv,50.4501,30.5234,2025-05-19 11:21:48.995285,7.408579759623811,10.494200047281048,390.13210811924006
Kyiv,50.4501,30.5234,2025-05-20 11:21:48.995285,7.734787629422384,10.53973315386317,403.5675574974939
Kyiv,50.4501,30.5234,2025-05-21 11:21:48.995285,7.167098520131419,5.951750237449774,373.5927139367761
Kyiv,50.4501,30.5234,2025-05-22 11:21:48.995285,7.322580345185337,7.964710731128566,415.62817594021277
Kyiv,50.4501,30.5234,2025-05-23 11:21:48.995285,7.024905071038271,8.021361006254681,437.44938776124195
Kyiv,50.4501,30.5234,2025-05-24 11:21:48.995285,7.272795953049119,11.77322435720072,457.13509936955586
Kyiv,50.4501,30.5234,2025-05-25 11:21:48.995285,7.375794419203405,11.787341195811553,402.2537127777632
Kyiv,50.4501,30.5234,2025-05-26 11:21:48.995285,7.16067606101825,10.605037900969627,415.33373297150933
Kyiv,50.4501,30.5234,2025-05-27 11:21:48.995285,6.4784998063630015,11.51911359257575,363.0965645304936
Kyiv,50.4501,30.5234,2025-05-28 11:21:48.995285,7.332588358532358,9.4565900095338,427.9035748758852
Kyiv,50.4501,30.5234,2025-05-29 11:21:48.995285,7.345824590942183,12.102796952250122,412.5139062261925
Kyiv,50.4501,30.5234,2025-05-30 11:21:48.995285,6.9279306094608195,9.630644489096827,386.45200713930217
Kyiv,50.4501,30.5234,2025-05-31 11:21:48.995285,6.686245185570995,9.643044345767516,420.01677851492025
Kyiv,50.4501,30.5234,2025-06-01 11:21:48.995285,7.790351660201586,8.910519697866706,389.32752811100846
Kyiv,50.4501,30.5234,2025-06-02 11:21:48.995285,7.396578204357761,10.725160068009952,384.40208746707987
Kyiv,50.4501,30.5234,2025-06-03 11:21:48.995285,7.108367587631316,8.428606382174802,402.2167386625561
Kyiv,50.4501,30.5234,2025-06-04 11:21:48.995285,6.745186846741005,11.138827689703554,370.5925593564678
Kyiv,50.4501,30.5234,2025-06-05 11:21:48.995285,6.871274068631462,6.8368687899401746,411.4441660017209
Kyiv,50.4501,30.5234,2025-06-06 11:21:48.995285,7.721036158714493,6.81880304157573,369.0465592717843
Kyiv,50.4501,30.5234,2025-06-07 11:21:48.995285,7.2550647763472185,10.307248933054028,368.3228584315465
Kyiv,50.4501,30.5234,2025-06-08 11:21:48.995285,6.979765173199717,8.671383219680916,370.2909207203027
Kyiv,50.4501,30.5234,2025-06-09 11:21:48.995285,7.403875692489863,7.857106265289067,402.8388917262757
Kyiv,50.4501,30.5234,2025-06-10 11:21:48.995285,6.874240725021471,10.461788001310882,374.48121813320546
Kyiv,50.4501,30.5234,2025-06-11 11:21:48.995285,7.800337212112152,7.38432379583175,359.02855055269583
Kyiv,50.4501,30.5234,2025-06-12 11:21:48.995285,7.74112021395869,8.11603339503181,373.0507590376095
Kyiv,50.4501,30.5234,2025-06-13 11:21:48.995285,7.0133703715188895,11.232920695463186,383.70380053959894
Kyiv,50.4501,30.5234,2025-06-14 11:21:48.995285,6.948531901187656,11.43124228049865,359.9101262154858
Kyiv,50.4501,30.5234,2025-06-15 11:21:48.995285,6.152746720523088,11.416734857186988,359.68576218577647
Kyiv,50.4501,30.5234,2025-06-16 11:21:48.995285,6.607367691379453,7.62717979248334,424.1402401455033
Kyiv,50.4501,30.5234,2025-06-17 11:21:48.995285,6.664212090016898,10.572865983949118,363.903293663524
Kyiv,50.4501,30.5234,2025-06-18 11:21:48.995285,7.254076136394954,6.13414296118031,373.8596387917165
Kyiv,50.4501,30.5234,2025-06-19 11:21:48.995285,7.069506518223457,6.139414456477772,372.1874620432332
Kyiv,50.4501,30.5234,2025-06-20 11:21:48.995285,6.661865805033903,3.1740865949035078,370.32284684611346
Kyiv,50.4501,30.5234,2025-06-21 11:21:48.995285,7.0875343830141775,11.143142482044585,1171.2029867455717
Kyiv,50.4501,30.5234,2025-06-22 11:21:48.995285,7.40213485905894,5.992506834305548,396.167524334018
Kyiv,50.4501,30.5234,2025-06-23 11:21:48.995285,7.411135739966235,7.391137302136561,370.322935985675
Kyiv,50.4501,30.5234,2025-06-24 11:21:48.995285,6.440131887656448,5.747987780599981,350.9567989127185
Kyiv,50.4501,30.5234,2025-06-25 11:21:48.995285,7.148694607806468,8.884121429431403,400.4267138846893
Kyiv,50.4501,30.5234,2025-06-26 11:21:48.995285,6.646663689211356,6.668420723486057,372.29005862527373
Kyiv,50.4501,30.5234,2025-06-27 11:21:48.995285,7.56069147885611,4.736715978324435,408.0699338890467
Kyiv,50.4501,30.5234,2025-06-28 11:21:48.995285,7.5136585665414,8.157122935668868,327.8262601216642
Kyiv,50.4501,30.5234,2025-06-29 11:21:48.995285,6.840789109470217,4.334593638328663,375.9286013051576
Kyiv,50.4501,30.5234,2025-06-30 11:21:48.995285,6.89358191903984,5.456327209847395,409.6835132823079
Kyiv,50.4501,30.5234,2025-07-01 11:21:48.995285,7.015493179800678,2.8472955092854715,363.5454546766132
Kyiv,50.4501,30.5234,2025-07-02 11:21:48.995285,6.298882642107465,4.143963459480172,365.40892837206115
Kyiv,50.4501,30.5234,2025-07-03 11:21:48.995285,7.334387269376231,7.280635339624316,375.14600383364035
Kyiv,50.4501,30.5234,2025-07-04 11:21:48.995285,7.090862181463948,2.9271138508149788,357.38594289250915
Kyiv,50.4501,30.5234,2025-07-05 11:21:48.995285,7.588070033027144,3.8274349845737508,361.65582569711717
Kyiv,50.4501,30.5234,2025-07-06 11:21:48.995285,6.760636312814979,6.719480381688959,360.4858802557177
Kyiv,50.4501,30.5234,2025-07-07 11:21:48.995285,6.952350820700028,5.572466886746229,354.04839210079587
Kyiv,50.4501,30.5234,2025-07-08 11:21:48.995285,6.597389896784354,10.580206224533537,390.53846053016036
Kyiv,50.4501,30.5234,2025-07-09 11:21:48.995285,6.798283774602299,10.201386957613865,374.55749930157987
Kyiv,50.4501,30.5234,2025-07-10 11:21:48.995285,6.727207201572712,4.736237023961806,369.7333841367072
Kyiv,50.4501,30.5234,2025-07-11 11:21:48.995285,7.598389471538578,7.525890668427156,380.28757445400424
Kyiv,50.4501,30.5234,2025-07-12 11:21:48.995285,6.920695260499444,7.850777343326465,358.23500563160627
Kyiv,50.4501,30.5234,2025-07-13 11:21:48.995285,7.249670273897846,5.098932229708215,347.45482309051215
Kyiv,50.4501,30.5234,2025-07-14 11:21:48.995285,7.047694638455279,3.2455827893435503,350.31417253110845
Kyiv,50.4501,30.5234,2025-07-15 11:21:48.995285,6.692213893594875,6.15596003743117,361.841230182565
Kyiv,50.4501,30.5234,2025-07-16 11:21:48.995285,7.132679830731343,5.779888443536575,340.07156376418993
Kyiv,50.4501,30.5234,2025-07-17 11:21:48.995285,7.439641332745438,5.20022173066519,350.7122869143308
Kyiv,50.4501,30.5234,2025-07-18 11:21:48.995285,6.716896242982659,6.903719417415894,349.8685239734405
Kyiv,50.4501,30.5234,2025-07-19 11:21:48.995285,7.523645116292552,4.466141054384079,402.16712728053307
Kyiv,50.4501,30.5234,2025-07-20 11:21:48.995285,6.860111631408921,3.6133146476121354,303.69679862902586
Kyiv,50.4501,30.5234,2025-07-21 11:21:48.995285,7.006806429570863,6.086394947080117,355.0898956356919
Kyiv,50.4501,30.5234,2025-07-22 11:21:48.995285,7.412273249204019,6.59231278804457,392.7176018853636
Kyiv,50.4501,30.5234,2025-07-23 11:21:48.995285,6.934625537112205,3.420464825434577,360.1744364149959
Kyiv,50.4501,30.5234,2025-07-24 11:21:48.995285,7.215029943734346,7.584570373233028,372.3522409809305
Kyiv,50.4501,30.5234,2025-07-25 11:21:48.995285,7.074123668484763,2.1433270841982863,358.8394198994998
Kyiv,50.4501,30.5234,2025-07-26 11:21:48.995285,7.2517472026815275,4.485241489022105,343.0680164402043
Kyiv,50.4501,30.5234,2025-07-27 11:21:48.995285,6.247704357790601,5.083921907737103,311.16107111114496
Kyiv,50.4501,30.5234,2025-07-28 11:21:48.995285,6.4681272739167675,4.287265961548676,359.7062476092514
Kyiv,50.4501,30.5234,2025-07-29 11:21:48.995285,7.446386802418735,4.390682599223071,339.6959033712067
Kyiv,50.4501,30.5234,2025-07-30 11:21:48.995285,7.61487256225962,9.225369952992807,338.82550176045976
Kyiv,50.4501,30.5234,2025-07-31 11:21:48.995285,6.835805318587392,3.7452086714511212,344.490023375707
Kyiv,50.4501,30.5234,2025-08-01 11:21:48.995285,7.102388659131546,10.294525314646862,389.01804682950024
Kyiv,50.4501,30.5234,2025-08-02 11:21:48.995285,7.317887701160921,6.252799948496636,1205.6466442062742
Kyiv,50.4501,30.5234,2025-08-03 11:21:48.995285,7.477287040663482,5.530490619434087,357.80796219866903
Kyiv,50.4501,30.5234,2025-08-04 11:21:48.995285,6.3889290913316605,6.268073975298175,343.8605882069939
Kyiv,50.4501,30.5234,2025-08-05 11:21:48.995285,6.8455839012086495,10.346049781551802,329.3174144814547
Kyiv,50.4501,30.5234,2025-08-06 11:21:48.995285,7.06696824806005,3.2710060920762456,361.9527242303128
Kyiv,50.4501,30.5234,2025-08-07 11:21:48.995285,7.48125607889442,2.990759178974994,387.9740621697806
Kyiv,50.4501,30.5234,2025-08-08 11:21:48.995285,8.199372193488598,3.6966785219196763,347.1173014101321
Kyiv,50.4501,30.5234,2025-08-09 11:21:48.995285,7.108797709276113,5.246933551108379,304.2465517567281
Kyiv,50.4501,30.5234,2025-08-10 11:21:48.995285,6.637209015158405,1.7087688352545327,365.0041042851073
Kyiv,50.4501,30.5234,2025-08-11 11:21:48.995285,7.360907230880519,5.1840874954919105,371.1020843975479
Kyiv,50.4501,30.5234,2025-08-12 11:21:48.995285,7.728398315816285,8.507041513665502,319.48255966066466
Kyiv,50.4501,30.5234,2025-08-13 11:21:48.995285,7.2432056483918,5.404746323022105,354.5489990909845
Kyiv,50.4501,30.5234,2025-08-14 11:21:48.995285,6.837340581938283,4.499996322149535,359.87819272372286
Kyiv,50.4501,30.5234,2025-08-15 11:21:48.995285,7.583197576592008,3.8339383528135937,349.2404464616297
Kyiv,50.4501,30.5234,2025-08-16 11:21:48.995285,7.465418247399374,6.853635457941428,334.75070210667593
Kyiv,50.4501,30.5234,2025-08-17 11:21:48.995285,6.78956766232175,3.392764133556632,370.7630412715984
Kyiv,50.4501,30.5234,2025-08-18 11:21:48.995285,7.352570247013737,8.726507594861424,342.2695626172556
Kyiv,50.4501,30.5234,2025-08-19 11:21:48.995285,7.59890622706355,8.891192939925228,320.54101119096646
Kyiv,50.4501,30.5234,2025-08-20 11:21:48.995285,7.672756017023557,5.530207088552725,309.1775651988979
Kyiv,50.4501,30.5234,2025-08-21 11:21:48.995285,7.1734204098762175,4.987384019519749,375.3211323567166
Kyiv,50.4501,30.5234,2025-08-22 11:21:48.995285,7.056768221528273,7.066921038557951,362.38929375017074
Kyiv,50.4501,30.5234,2025-08-23 11:21:48.995285,7.690909528832505,7.191865601017865,351.78215690821554
Kyiv,50.4501,30.5234,2025-08-24 11:21:48.995285,6.715935798807646,3.38843324460748,341.198674330247
Kyiv,50.4501,30.5234,2025-08-25 11:21:48.995285,7.375431716368403,3.946936035045645,339.42049472912794
Kyiv,50.4501,30.5234,2025-08-26 11:21:48.995285,6.651989349054229,2.356462620733955,328.49684193217325
Kyiv,50.4501,30.5234,2025-08-27 11:21:48.995285,7.626150508903841,5.821879820469697,341.4083865468182
Kyiv,50.4501,30.5234,2025-08-28 11:21:48.995285,7.096781793755536,6.341078661135961,923.029453919455
Kyiv,50.4501,30.5234,2025-08-29 11:21:48.995285,7.707433294258988,2.3135238587366764,335.41247827522193
Kyiv,50.4501,30.5234,2025-08-30 11:21:48.995285,7.396565102542211,4.110007209631786,343.98529986561914
Kyiv,50.4501,30.5234,2025-08-31 11:21:48.995285,6.710711907975228,2.3344026303675416,362.4867055991108
Kyiv,50.4501,30.5234,2025-09-01 11:21:48.995285,7.769851092830898,3.241289332422663,349.5903602616361
Kyiv,50.4501,30.5234,2025-09-02 11:21:48.995285,7.820498106571092,6.152371645015833,366.4018375231435
Kyiv,50.4501,30.5234,2025-09-03 11:21:48.995285,7.5529145970396865,3.5962886546735096,377.6152299825693
Kyiv,50.4501,30.5234,2025-09-04 11:21:48.995285,6.895364853985512,4.475979004174941,371.9397110388774
Kyiv,50.4501,30.5234,2025-09-05 11:21:48.995285,7.0775944182570365,1.838844192747322,360.3448734339907
Kyiv,50.4501,30.5234,2025-09-06 11:21:48.995285,7.258170886962304,5.484738711921045,351.3448365083329
Kyiv,50.4501,30.5234,2025-09-07 11:21:48.995285,6.9185158402674265,5.040951084448599,331.6792170731078
Kyiv,50.4501,30.5234,2025-09-08 11:21:48.995285,7.8769386289852825,3.6917618906761405,366.29568493501097
Kyiv,50.4501,30.5234,2025-09-09 11:21:48.995285,7.257730588690415,4.793271716360777,385.30795076168783
Kyiv,50.4501,30.5234,2025-09-10 11:21:48.995285,6.1186607811570575,5.554940841645385,358.7856315993933
Kyiv,50.4501,30.5234,2025-09-11 11:21:48.995285,7.335742325102489,3.589089569221782,390.5334416389272
Kyiv,50.4501,30.5234,2025-09-12 11:21:48.995285,7.060737041273075,2.292192330520673,321.9357400240206
Kyiv,50.4501,30.5234,2025-09-13 11:21:48.995285,7.170029377552621,8.883166928237916,329.63691293305203
Kyiv,50.4501,30.5234,2025-09-14 11:21:48.995285,7.05255225368572,4.034174300869978,370.1112272578705
Kyiv,50.4501,30.5234,2025-09-15 11:21:48.995285,7.522818566642675,5.137293649511595,358.59394276191875
Kyiv,50.4501,30.5234,2025-09-16 11:21:48.995285,7.647875111421353,7.383971052144645,379.89855935247635
Kyiv,50.4501,30.5234,2025-09-17 11:21:48.995285,7.313221264903461,12.453253936557795,353.6420027996335
Kyiv,50.4501,30.5234,2025-09-18 11:21:48.995285,7.064275525144737,2.9403871592956006,336.9340921401667
Kyiv,50.4501,30.5234,2025-09-19 11:21:48.995285,7.183465118076332,6.364585363439839,350.37744451576737
Kyiv,50.4501,30.5234,2025-09-20 11:21:48.995285,7.207839846631051,4.086741081150571,324.3647770989132
Kyiv,50.4501,30.5234,2025-09-21 11:21:48.995285,6.879027984054066,4.462512658548835,332.8291192150819
Kyiv,50.4501,30.5234,2025-09-22 11:21:48.995285,7.431571459428494,4.139238408269602,375.245504461192
Kyiv,50.4501,30.5234,2025-09-23 11:21:48.995285,7.384016929544186,3.3692315386776137,373.66116303218007
Kyiv,50.4501,30.5234,2025-09-24 11:21:48.995285,7.816176495910669,5.580135502782691,363.8872679596417
Kyiv,50.4501,30.5234,2025-09-25 11:21:48.995285,7.70213991211539,2.757174834524514,322.6402516670005
Kyiv,50.4501,30.5234,2025-09-26 11:21:48.995285,6.925730032963948,7.644529675386102,350.34107391336585
Kyiv,50.4501,30.5234,2025-09-27 11:21:48.995285,7.528119349803586,5.906913843894358,333.46908194507506
Kyiv,50.4501,30.5234,2025-09-28 11:21:48.995285,6.819618646762212,6.689016813973841,381.97213375746486
Kyiv,50.4501,30.5234,2025-09-29 11:21:48.995285,7.47837284037634,4.9602400095954815,347.2517296636272
Kyiv,50.4501,30.5234,2025-09-30 11:21:48.995285,6.993354320495957,5.207896836539698,337.7080928340009
Kyiv,50.4501,30.5234,2025-10-01 11:21:48.995285,6.7906987106497665,6.568322369461272,360.52786889369463
Kyiv,50.4501,30.5234,2025-10-02 11:21:48.995285,7.312018137078962,3.7171704514044617,347.6496280254689
Kyiv,50.4501,30.5234,2025-10-03 11:21:48.995285,6.1301731487383435,5.382539875819448,390.66008565053534
Kyiv,50.4501,30.5234,2025-10-04 11:21:48.995285,6.4996097702379085,4.4336988378234015,346.8330407051193
Kyiv,50.4501,30.5234,2025-10-05 11:21:48.995285,7.129003246490287,4.427333336425159,334.10014439157925
Kyiv,50.4501,30.5234,2025-10-06 11:21:48.995285,7.232976706653937,2.0454630802659413,319.59312530002194
Kyiv,50.4501,30.5234,2025-10-07 11:21:48.995285,7.052272491936725,9.00156806414007,362.6134188035324
Kyiv,50.4501,30.5234,2025-10-08 11:21:48.995285,6.568225480512961,5.0087023022129005,352.5791958080459
Kyiv,50.4501,30.5234,2025-10-09 11:21:48.995285,6.872843263144598,8.768468998918227,335.8390767556767
Kyiv,50.4501,30.5234,2025-10-10 11:21:48.995285,7.356483730894958,8.64029300753035,388.8116128725333
Kyiv,50.4501,30.5234,2025-10-11 11:21:48.995285,7.432712708251345,3.9927367508486755,378.99226458740145
Kyiv,50.4501,30.5234,2025-10-12 11:21:48.995285,7.193510752961624,4.4509594344895795,365.71346147960816
Kyiv,50.4501,30.5234,2025-10-13 11:21:48.995285,7.662733512414796,11.812832827499973,394.2047939713034
Kyiv,50.4501,30.5234,2025-10-14 11:21:48.995285,7.358958809383694,10.25870407867938,380.81924261622316
Kyiv,50.4501,30.5234,2025-10-15 11:21:48.995285,6.901017738416716,6.759801468892904,351.7712669251225
Kyiv,50.4501,30.5234,2025-10-16 11:21:48.995285,7.087799178635353,7.404512470630359,348.1132592981413
Kyiv,50.4501,30.5234,2025-10-17 11:21:48.995285,6.638853537116859,5.69592284352999,385.93578738332087
Kyiv,50.4501,30.5234,2025-10-18 11:21:48.995285,7.156744403843433,7.89107199359686,378.19100478130883
Kyiv,50.4501,30.5234,2025-10-19 11:21:48.995285,7.644840247688536,5.661634831286051,374.3549416867232
Kyiv,50.4501,30.5234,2025-10-20 11:21:48.995285,7.474116033884387,3.1017836899476388,354.73495612806596
Kyiv,50.4501,30.5234,2025-10-21 11:21:48.995285,7.760803730367649,4.594711861139796,384.53718568173406
Kyiv,50.4501,30.5234,2025-10-22 11:21:48.995285,7.078845902480403,7.352159638009678,357.98976376040605
Kyiv,50.4501,30.5234,2025-10-23 11:21:48.995285,7.738439917805703,5.120787492167073,371.7894865398489
Kyiv,50.4501,30.5234,2025-10-24 11:21:48.995285,7.122678309420812,7.32209035091241,403.5053357351344
Kyiv,50.4501,30.5234,2025-10-25 11:21:48.995285,7.788634033027957,5.381800170334387,362.09453777579824
Kyiv,50.4501,30.5234,2025-10-26 11:21:48.995285,7.191257301023151,6.041622954417072,344.6035228527534
Kyiv,50.4501,30.5234,2025-10-27 11:21:48.995285,7.4828925495217105,9.388579258312127,355.7715426174552
Kyiv,50.4501,30.5234,2025-10-28 11:21:48.995285,7.790044945723943,8.253814386578156,397.47450944673193
Kyiv,50.4501,30.5234,2025-10-29 11:21:48.995285,7.122628948567518,7.816793194621147,383.45584312008265
Kyiv,50.4501,30.5234,2025-10-30 11:21:48.995285,7.28735559501767,9.671959933079718,376.5627722956091
Kyiv,50.4501,30.5234,2025-10-31 11:21:48.995285,7.715545370082521,26.861331721994475,369.7437244334699
Kyiv,50.4501,30.5234,2025-11-01 11:21:48.995285,7.146798734427975,10.964809551284697,390.42402783888343
Kyiv,50.4501,30.5234,2025-11-02 11:21:48.995285,6.671643086997536,7.231658760916353,364.5316758356619
Kyiv,50.4501,30.5234,2025-11-03 11:21:48.995285,8.057202821833965,7.372349432063121,388.4295052640333
Kyiv,50.4501,30.5234,2025-11-04 11:21:48.995285,7.0120942142651455,5.710166969246742,368.4987636440352
Kyiv,50.4501,30.5234,2025-11-05 11:21:48.995285,7.263502420375017,7.535690256793335,365.98332920988065
Kyiv,50.4501,30.5234,2025-11-06 11:21:48.995285,7.662402667780451,10.404933665323444,372.00419007068524
Kyiv,50.4501,30.5234,2025-11-07 11:21:48.995285,6.956602438507519,11.157562580121219,378.06772942629027
Kyiv,50.4501,30.5234,2025-11-08 11:21:48.995285,6.796852834711148,31.68245864550843,385.4254954046207
Kyiv,50.4501,30.5234,2025-11-09 11:21:48.995285,7.301494918709934,5.134849791320187,391.9414511464129
Kyiv,50.4501,30.5234,2025-11-10 11:21:48.995285,6.482769440835044,10.97292659529172,314.29905587113365
Kyiv,50.4501,30.5234,2025-11-11 11:21:48.995285,7.084837569252832,5.213355188435024,372.75091319485637
Kyiv,50.4501,30.5234,2025-11-12 11:21:48.995285,7.298015465726163,32.3121364467048,381.9133754594483
Kyiv,50.4501,30.5234,2025-11-13 11:21:48.995285,7.092019241269934,8.323297397641669,420.6899052800044
Kyiv,50.4501,30.5234,2025-11-14 11:21:48.995285,6.5826196227257014,10.548600906960322,369.8352906232834
Kyiv,50.4501,30.5234,2025-11-15 11:21:48.995285,7.837671182481605,6.563559200889463,395.5404913287842
Kyiv,50.4501,30.5234,2025-11-16 11:21:48.995285,7.241415261579671,11.655941404845967,423.03666758905354
Kyiv,50.4501,30.5234,2025-11-17 11:21:48.995285,7.772460847104696,6.469010283293459,367.7302271560869
Kyiv,50.4501,30.5234,2025-11-18 11:21:48.995285,7.0959854999278225,8.147581691056468,402.7244196449163
Kyiv,50.4501,30.5234,2025-11-19 11:21:48.995285,6.847995207323694,7.573986750774697,1138.9689701533118
Kyiv,50.4501,30.5234,2025-11-20 11:21:48.995285,7.3076723681020646,6.147418160343399,386.46720381409926
Kyiv,50.4501,30.5234,2025-11-21 11:21:48.995285,7.113685149468712,9.930956799060665,381.35679995977097
Kyiv,50.4501,30.5234,2025-11-22 11:21:48.995285,6.728895416803457,13.440070177560195,383.641773250545
Kyiv,50.4501,30.5234,2025-11-23 11:21:48.995285,7.787913703514999,15.247743663860842,453.57757515033813
Kyiv,50.4501,30.5234,2025-11-24 11:21:48.995285,6.951091910842401,10.194311574172499,416.88911744143337
London,51.5074,-0.1278,2024-11-24 11:21:48.995285,7.375202103407491,11.799197475958813,397.16831161411324
London,51.5074,-0.1278,2024-11-25 11:21:48.995285,7.408001752320324,11.916411082216419,436.2735052570452
London,51.5074,-0.1278,2024-11-26 11:21:48.995285,7.019686202762614,9.710379835717857,379.04215386178123
London,51.5074,-0.1278,2024-11-27 11:21:48.995285,8.034505640323232,7.24087942735685,404.18868413643577
London,51.5074,-0.1278,2024-11-28 11:21:48.995285,6.682027245863896,10.836380022603533,447.5063176452711
London,51.5074,-0.1278,2024-11-29 11:21:48.995285,7.783554155452988,8.59319171903043,416.9412725306878
London,51.5074,-0.1278,2024-11-30 11:21:48.995285,7.686026242236656,7.535636077956729,407.6735612820808
London,51.5074,-0.1278,2024-12-01 11:21:48.995285,7.960355515841474,8.073297103029331,416.1431313431477
London,51.5074,-0.1278,2024-12-02 11:21:48.995285,6.564709160516872,11.339155876257445,398.84663190546917
London,51.5074,-0.1278,2024-12-03 11:21:48.995285,6.852467404844116,13.493618825187019,433.70806673928286
London,51.5074,-0.1278,2024-12-04 11:21:48.995285,7.796777223664656,10.934254753379875,400.5780567510696
London,51.5074,-0.1278,2024-12-05 11:21:48.995285,6.449184338147877,11.363894858508152,1110.6831099523279
London,51.5074,-0.1278,2024-12-06 11:21:48.995285,6.557416439583834,40.17393713129684,402.42916291462177
London,51.5074,-0.1278,2024-12-07 11:21:48.995285,7.004676885315403,8.020697746853719,391.7613850526742
London,51.5074,-0.1278,2024-12-08 11:21:48.995285,7.276797515448907,12.233716673230292,406.3097580563489
London,51.5074,-0.1278,2024-12-09 11:21:48.995285,7.83689002945951,11.253586906943292,407.5859835741967
London,51.5074,-0.1278,2024-12-10 11:21:48.995285,7.125893634027857,12.491905705334663,437.54637187280343
London,51.5074,-0.1278,2024-12-11 11:21:48.995285,6.956704340774184,10.475444347595413,428.32997617731814
London,51.5074,-0.1278,2024-12-12 11:21:48.995285,7.324555975078571,9.88873154242848,420.51137098432235
London,51.5074,-0.1278,2024-12-13 11:21:48.995285,7.387838593317761,11.887366117033032,416.0045748579663
London,51.5074,-0.1278,2024-12-14 11:21:48.995285,7.376495928868109,14.985997144639489,395.6989848025458
London,51.5074,-0.1278,2024-12-15 11:21:48.995285,7.128805516819462,13.490200819964784,374.06030135550503
London,51.5074,-0.1278,2024-12-16 11:21:48.995285,6.41796555443274,10.833237174093181,420.74942737238933
London,51.5074,-0.1278,2024-12-17 11:21:48.995285,6.832953604357467,9.246372959255476,435.1759943836535
London,51.5074,-0.1278,2024-12-18 11:21:48.995285,7.768108434106985,8.643305378634295,417.90772179540687
London,51.5074,-0.1278,2024-12-19 11:21:48.995285,7.27482757519064,14.718166916762549,410.16259367488186
London,51.5074,-0.1278,2024-12-20 11:21:48.995285,7.070991152357178,10.253713386480502,430.9288229318058
London,51.5074,-0.1278,2024-12-21 11:21:48.995285,7.64726741934959,11.59011988271218,420.7448230745336
London,51.5074,-0.1278,2024-12-22 11:21:48.995285,6.7479533470524204,14.960173606669407,456.8923973846218
London,51.5074,-0.1278,2024-12-23 11:21:48.995285,7.109860746514797,9.16586628962096,448.59125884715513
London,51.5074,-0.1278,2024-12-24 11:21:48.995285,7.255103362069615,15.453406769750003,443.87893864846546
London,51.5074,-0.1278,2024-12-25 11:21:48.995285,7.023448998682149,12.036073811475518,440.5882294768033
London,51.5074,-0.1278,2024-12-26 11:21:48.995285,7.24030512916064,10.319911406350274,400.3674320792484
London,51.5074,-0.1278,2024-12-27 11:21:48.995285,7.124922427431294,12.195324003393672,440.160132617967
London,51.5074,-0.1278,2024-12-28 11:21:48.995285,6.64026278088565,11.316983003035142,435.14828481131246
London,51.5074,-0.1278,2024-12-29 11:21:48.995285,7.272591152751622,13.71514837926702,440.4635823823792
London,51.5074,-0.1278,2024-12-30 11:21:48.995285,6.668659283394853,34.823209498480345,438.8922034089511
London,51.5074,-0.1278,2024-12-31 11:21:48.995285,7.266246050038689,9.150349012965732,438.79158610499945
London,51.5074,-0.1278,2025-01-01 11:21:48.995285,7.749654329660044,12.601259281757653,484.4411728967482
London,51.5074,-0.1278,2025-01-02 11:21:48.995285,7.087590721089579,10.39714363763126,429.578624023005
London,51.5074,-0.1278,2025-01-03 11:21:48.995285,6.731406748011605,13.585801272427526,450.4983626610955
London,51.5074,-0.1278,2025-01-04 11:21:48.995285,7.149204874718008,10.868887140608258,423.011681846469
London,51.5074,-0.1278,2025-01-05 11:21:48.995285,6.867211556768588,12.33214748486722,448.89456258986735
London,51.5074,-0.1278,2025-01-06 11:21:48.995285,7.437803601052588,13.7373937025934,452.50857874629634
London,51.5074,-0.1278,2025-01-07 11:21:48.995285,7.140804500990859,13.010346386049795,441.6411599038903
London,51.5074,-0.1278,2025-01-08 11:21:48.995285,7.8839053006658295,13.998152201260325,468.35785520011234
London,51.5074,-0.1278,2025-01-09 11:21:48.995285,7.665195838270935,14.918857442844386,417.89731038688035
London,51.5074,-0.1278,2025-01-10 11:21:48.995285,7.138767798207439,11.30235279201695,426.4377830814312
London,51.5074,-0.1278,2025-01-11 11:21:48.995285,7.4862436271892365,13.548290033570511,441.01845286866904
London,51.5074,-0.1278,2025-01-12 11:21:48.995285,7.042705436334862,7.075852843466518,454.9647414545122
London,51.5074,-0.1278,2025-01-13 11:21:48.995285,7.213582754066067,14.286195645757859,441.50388084982677
London,51.5074,-0.1278,2025-01-14 11:21:48.995285,7.055426321459875,13.245445873670004,464.1859220744082
London,51.5074,-0.1278,2025-01-15 11:21:48.995285,7.506582383939883,11.934579728397935,425.7809951342124
London,51.5074,-0.1278,2025-01-16 11:21:48.995285,7.773195310683832,14.586167128376935,416.73571304806774
London,51.5074,-0.1278,2025-01-17 11:21:48.995285,7.519459282876458,16.352200595243517,446.2306211394639
London,51.5074,-0.1278,2025-01-18 11:21:48.995285,7.5687746405141425,13.105659799838918,439.03334742809415
London,51.5074,-0.1278,2025-01-19 11:21:48.995285,7.569213374894292,12.21775378602863,451.9311020722851
London,51.5074,-0.1278,2025-01-20 11:21:48.995285,7.420502368933884,14.485903656706462,441.0104855009603
London,51.5074,-0.1278,2025-01-21 11:21:48.995285,6.744285536315893,11.531878694879671,435.23052446925476
London,51.5074,-0.1278,2025-01-22 11:21:48.995285,7.8803886077666,12.92832271656656,440.9921031419019
London,51.5074,-0.1278,2025-01-23 11:21:48.995285,7.92176433067937,16.738624114680018,443.51517580965384
London,51.5074,-0.1278,2025-01-24 11:21:48.995285,7.106448158674652,14.46164023327256,437.27319173951327
London,51.5074,-0.1278,2025-01-25 11:21:48.995285,7.051720833913527,10.620524597828883,439.73194433074354
London,51.5074,-0.1278,2025-01-26 11:21:48.995285,7.44496466116615,10.826354255158016,436.13150875742997
London,51.5074,-0.1278,2025-01-27 11:21:48.995285,7.420325134073402,14.784078117591294,461.73236972036557
London,51.5074,-0.1278,2025-01-28 11:21:48.995285,7.119221572498793,16.222935500096593,448.86196357272814
London,51.5074,-0.1278,2025-01-29 11:21:48.995285,6.699989737764959,11.299826146760878,490.48574008350715
London,51.5074,-0.1278,2025-01-30 11:21:48.995285,7.322280476299911,15.470065155919684,448.9204904348359
London,51.5074,-0.1278,2025-01-31 11:21:48.995285,7.420574615270218,17.26554345356261,435.0314149792585
London,51.5074,-0.1278,2025-02-01 11:21:48.995285,7.490328459215519,18.41342639381326,499.7905916762211
London,51.5074,-0.1278,2025-02-02 11:21:48.995285,7.3397171089416835,15.33163166383438,454.96438899543296
London,51.5074,-0.1278,2025-02-03 11:21:48.995285,7.091553940655237,15.712885478814426,466.7952986349511
London,51.5074,-0.1278,2025-02-04 11:21:48.995285,7.597600815802512,10.461613081879424,459.12187903540695
London,51.5074,-0.1278,2025-02-05 11:21:48.995285,7.226339399026368,18.954787677467746,460.01304640071265
London,51.5074,-0.1278,2025-02-06 11:21:48.995285,7.014030794254112,13.630193706767285,458.5248223566448
London,51.5074,-0.1278,2025-02-07 11:21:48.995285,7.127738647181712,12.938706602511422,426.0147978980937
London,51.5074,-0.1278,2025-02-08 11:21:48.995285,6.501612387010008,14.318287419395023,455.637577833971
London,51.5074,-0.1278,2025-02-09 11:21:48.995285,7.127103270328584,17.873666437628398,422.0059700155706
London,51.5074,-0.1278,2025-02-10 11:21:48.995285,7.475374607949868,19.286594370949196,445.2177660303703
London,51.5074,-0.1278,2025-02-11 11:21:48.995285,7.335913208855692,15.140059066479974,434.38006794401707
London,51.5074,-0.1278,2025-02-12 11:21:48.995285,7.808265669192474,16.902700696565358,456.2147272305549
London,51.5074,-0.1278,2025-02-13 11:21:48.995285,7.094810034393719,15.00877718113147,455.90621578436935
London,51.5074,-0.1278,2025-02-14 11:21:48.995285,7.394925265221326,12.861156265933564,458.990389935003
London,51.5074,-0.1278,2025-02-15 11:21:48.995285,7.517096070522309,17.903149817013347,455.2425562093494
London,51.5074,-0.1278,2025-02-16 11:21:48.995285,8.137142803314964,13.716856086376882,437.47460363516865
London,51.5074,-0.1278,2025-02-17 11:21:48.995285,7.257906196447056,18.042151081213525,444.490825557664
London,51.5074,-0.1278,2025-02-18 11:21:48.995285,6.78232512845439,17.576677640274063,468.20387303244866
London,51.5074,-0.1278,2025-02-19 11:21:48.995285,7.539171501342113,16.214697393455193,471.2233822012958
London,51.5074,-0.1278,2025-02-20 11:21:48.995285,7.946290942387383,18.650126618286528,426.9861090852472
London,51.5074,-0.1278,2025-02-21 11:21:48.995285,7.070980515909351,19.460942122569893,419.3439479117312
London,51.5074,-0.1278,2025-02-22 11:21:48.995285,7.536432615442567,14.648355783970832,435.4506374349003
London,51.5074,-0.1278,2025-02-23 11:21:48.995285,7.691491222091568,13.382365461848089,470.9036886274545
London,51.5074,-0.1278,2025-02-24 11:21:48.995285,7.606826217588061,11.271043618760745,474.2935135363976
London,51.5074,-0.1278,2025-02-25 11:21:48.995285,7.250223408989432,19.4870959142973,431.48307642634444
London,51.5074,-0.1278,2025-02-26 11:21:48.995285,6.920610496714742,14.115034560088269,456.09017285397846
London,51.5074,-0.1278,2025-02-27 11:21:48.995285,7.167488180794566,17.25965951853044,486.58448470607135
London,51.5074,-0.1278,2025-02-28 11:21:48.995285,7.383440181551053,13.500783773751884,458.13917463251516
London,51.5074,-0.1278,2025-03-01 11:21:48.995285,7.563289009636692,18.05205783732756,478.1853312596968
London,51.5074,-0.1278,2025-03-02 11:21:48.995285,7.333578019199616,13.566049062706245,469.6373738650327
London,51.5074,-0.1278,2025-03-03 11:21:48.995285,7.048036813383769,12.572132052732588,431.3517290751145
London,51.5074,-0.1278,2025-03-04 11:21:48.995285,7.422151862459907,14.526375089254202,445.63425104167544
London,51.5074,-0.1278,2025-03-05 11:21:48.995285,7.544034027097128,13.86618934789588,449.9924970640285
London,51.5074,-0.1278,2025-03-06 11:21:48.995285,7.351844022565793,16.107232330822335,451.2289953594259
London,51.5074,-0.1278,2025-03-07 11:21:48.995285,6.86552515418467,14.795278603842402,467.30726365104596
London,51.5074,-0.1278,2025-03-08 11:21:48.995285,7.127437586113124,16.135457542265684,456.97422277712656
London,51.5074,-0.1278,2025-03-09 11:21:48.995285,7.579128310564987,14.278548036974719,389.88189095589075
London,51.5074,-0.1278,2025-03-10 11:21:48.995285,6.646792876502211,13.50947417308271,422.14008368934867
London,51.5074,-0.1278,2025-03-11 11:21:48.995285,6.362728791043536,13.650231647028598,404.42590912868656
London,51.5074,-0.1278,2025-03-12 11:21:48.995285,7.803233140057609,18.883466680998534,451.44319566247145
London,51.5074,-0.1278,2025-03-13 11:21:48.995285,7.404566102008752,15.2187468476061,452.49380282087753
London,51.5074,-0.1278,2025-03-14 11:21:48.995285,7.442692001008043,10.774283481154768,453.082578172823
London,51.5074,-0.1278,2025-03-15 11:21:48.995285,6.769273210549178,41.02016307013183,427.9594918152287
London,51.5074,-0.1278,2025-03-16 11:21:48.995285,7.495011225386615,14.878138796428908,460.32694741717137
London,51.5074,-0.1278,2025-03-17 11:21:48.995285,7.310099475027346,18.344419017690655,460.8614464812695
London,51.5074,-0.1278,2025-03-18 11:21:48.995285,6.5662689688606415,16.678851042745265,421.1115547655515
London,51.5074,-0.1278,2025-03-19 11:21:48.995285,7.769713365709543,12.744482457333138,416.55841727399223
London,51.5074,-0.1278,2025-03-20 11:21:48.995285,7.263473329447492,19.389734657615982,445.527597780172
London,51.5074,-0.1278,2025-03-21 11:21:48.995285,7.041566413568293,14.454458282020468,481.0034355885014
London,51.5074,-0.1278,2025-03-22 11:21:48.995285,7.0488041016059135,16.971856075824434,478.7868193807183
London,51.5074,-0.1278,2025-03-23 11:21:48.995285,6.39391123782705,12.130269618347661,455.6709533404357
London,51.5074,-0.1278,2025-03-24 11:21:48.995285,7.437334639852546,9.603734829365884,429.40067676707525
London,51.5074,-0.1278,2025-03-25 11:21:48.995285,7.3047428828982905,11.541668612809886,461.3221691252378
London,51.5074,-0.1278,2025-03-26 11:21:48.995285,7.1223679470667625,7.815043687858146,434.10862110631473
London,51.5074,-0.1278,2025-03-27 11:21:48.995285,7.711394082980669,55.48736850976485,427.3659677540151
London,51.5074,-0.1278,2025-03-28 11:21:48.995285,6.646456392401662,14.655311124538148,399.38311623521327
London,51.5074,-0.1278,2025-03-29 11:21:48.995285,6.961291009452954,12.330339360197122,443.8439179378849
London,51.5074,-0.1278,2025-03-30 11:21:48.995285,6.859996698095846,15.037019053579789,428.72036295344793
London,51.5074,-0.1278,2025-03-31 11:21:48.995285,7.088482008091379,14.461358329589912,442.7555101628659
London,51.5074,-0.1278,2025-04-01 11:21:48.995285,7.22698801010289,15.274266522832706,394.336843391306
London,51.5074,-0.1278,2025-04-02 11:21:48.995285,7.372005409524542,16.399977121185618,443.20567664080454
London,51.5074,-0.1278,2025-04-03 11:21:48.995285,7.061210618757953,13.348406969343543,390.6600694745032
London,51.5074,-0.1278,2025-04-04 11:21:48.995285,6.849057705938042,12.11474159463323,460.5030071337231
London,51.5074,-0.1278,2025-04-05 11:21:48.995285,7.874402779908178,15.47499349269655,448.63225532222884
London,51.5074,-0.1278,2025-04-06 11:21:48.995285,8.164656076715428,15.367999693428974,432.06004594810867
London,51.5074,-0.1278,2025-04-07 11:21:48.995285,7.2573146687528105,13.90758167048567,448.3154977440714
London,51.5074,-0.1278,2025-04-08 11:21:48.995285,6.897287853191653,18.002896147793983,416.91639245105335
London,51.5074,-0.1278,2025-04-09 11:21:48.995285,7.790181652416917,12.712740322656506,437.3313559960959
London,51.5074,-0.1278,2025-04-10 11:21:48.995285,6.621297157468614,11.728202107265354,451.1746612745656
London,51.5074,-0.1278,2025-04-11 11:21:48.995285,7.0660906701180695,14.30258898944809,372.7782763625211
London,51.5074,-0.1278,2025-04-12 11:21:48.995285,6.92155317946148,12.053991333558084,425.09418328030034
London,51.5074,-0.1278,2025-04-13 11:21:48.995285,6.736185779819805,14.33135236935746,432.95031060794923
London,51.5074,-0.1278,2025-04-14 11:21:48.995285,7.087990306831292,11.609765274366547,428.83194550553895
London,51.5074,-0.1278,2025-04-15 11:21:48.995285,6.854331168330415,12.409789000319048,461.2447721863763
London,51.5074,-0.1278,2025-04-16 11:21:48.995285,7.205061785659462,16.925494913057502,408.96011823133404
London,51.5074,-0.1278,2025-04-17 11:21:48.995285,7.210870867068985,12.265248286321281,418.34104512926183
London,51.5074,-0.1278,2025-04-18 11:21:48.995285,6.951467310591209,11.41041722809002,391.7638226350772
London,51.5074,-0.1278,2025-04-19 11:21:48.995285,7.051794657362453,45.8408515166261,1378.7849869202596
London,51.5074,-0.1278,2025-04-20 11:21:48.995285,7.107660412838516,10.766777438948235,423.76281054304025
London,51.5074,-0.1278,2025-04-21 11:21:48.995285,7.523938424447771,34.23617955527024,419.2112853597747
London,51.5074,-0.1278,2025-04-22 11:21:48.995285,7.140628239574326,13.879324433721244,426.2123682808183
London,51.5074,-0.1278,2025-04-23 11:21:48.995285,7.529880696314439,14.53047308855625,439.26121897670316
London,51.5074,-0.1278,2025-04-24 11:21:48.995285,7.434325193421863,15.021264737241413,432.7503876211151
London,51.5074,-0.1278,2025-04-25 11:21:48.995285,7.428612278760297,11.011765402787908,478.01977494343055
London,51.5074,-0.1278,2025-04-26 11:21:48.995285,7.7551383881383895,13.62338088151569,433.39235312350996
London,51.5074,-0.1278,2025-04-27 11:21:48.995285,6.752243648101636,11.42358113928096,1242.7592004009348
London,51.5074,-0.1278,2025-04-28 11:21:48.995285,7.010726757477155,11.06822220052103,411.568199924944
London,51.5074,-0.1278,2025-04-29 11:21:48.995285,7.905319520119828,14.609019486337047,414.17076016918855
London,51.5074,-0.1278,2025-04-30 11:21:48.995285,7.097073399764293,11.025892908128599,391.2132785058809
London,51.5074,-0.1278,2025-05-01 11:21:48.995285,6.07395052403766,12.603188986120067,421.2650820906128
London,51.5074,-0.1278,2025-05-02 11:21:48.995285,7.118812662740846,12.27911032174361,435.34887595700167
London,51.5074,-0.1278,2025-05-03 11:21:48.995285,7.2539758120653,9.74703107334282,406.6181262477335
London,51.5074,-0.1278,2025-05-04 11:21:48.995285,6.153154753027516,41.222263093084436,401.93808541080614
London,51.5074,-0.1278,2025-05-05 11:21:48.995285,7.73357425595518,12.848623350711575,447.59951855942137
London,51.5074,-0.1278,2025-05-06 11:21:48.995285,6.91451501445376,7.67446118738181,387.9407609788032
London,51.5074,-0.1278,2025-05-07 11:21:48.995285,7.331425246075006,12.120377427153821,374.2989845172453
London,51.5074,-0.1278,2025-05-08 11:21:48.995285,7.109607381862375,9.937617228034211,391.77760209072693
London,51.5074,-0.1278,2025-05-09 11:21:48.995285,6.684659432318384,13.595303988821335,383.2028794174749
London,51.5074,-0.1278,2025-05-10 11:21:48.995285,6.771796746145832,8.427527790078518,420.907795918492
London,51.5074,-0.1278,2025-05-11 11:21:48.995285,6.825966865428981,10.522156965145589,405.1370190150553
London,51.5074,-0.1278,2025-05-12 11:21:48.995285,7.634268763673456,11.875577453129992,407.12154261105377
London,51.5074,-0.1278,2025-05-13 11:21:48.995285,7.14098472475994,11.176285165482732,433.7347293114853
London,51.5074,-0.1278,2025-05-14 11:21:48.995285,6.991253793379301,12.509280962395826,396.0069472664233
London,51.5074,-0.1278,2025-05-15 11:21:48.995285,6.826156434963908,7.861988956609233,424.49011752119094
London,51.5074,-0.1278,2025-05-16 11:21:48.995285,7.678460088610451,14.117863738427342,438.3668066309899
London,51.5074,-0.1278,2025-05-17 11:21:48.995285,7.785680509009435,11.779285302175918,398.1767098857205
London,51.5074,-0.1278,2025-05-18 11:21:48.995285,7.673897559482673,13.363177313264698,421.17786598375534
London,51.5074,-0.1278,2025-05-19 11:21:48.995285,7.3969749356616665,12.30677537407496,400.74659210550516
London,51.5074,-0.1278,2025-05-20 11:21:48.995285,7.315932016748285,10.449463520175907,423.2088000676757
London,51.5074,-0.1278,2025-05-21 11:21:48.995285,6.71362487280964,7.818535974344995,372.4395402101477
London,51.5074,-0.1278,2025-05-22 11:21:48.995285,7.101672349315577,9.173960024331564,370.10041896578275
London,51.5074,-0.1278,2025-05-23 11:21:48.995285,6.926455918661426,13.394237830747809,394.3257573520757
London,51.5074,-0.1278,2025-05-24 11:21:48.995285,6.469795156406116,12.89996776444843,383.51242583016125
London,51.5074,-0.1278,2025-05-25 11:21:48.995285,7.622817367666147,8.803835024236063,390.0961676558367
London,51.5074,-0.1278,2025-05-26 11:21:48.995285,6.92166802144309,12.96106932945661,395.17911850662284
London,51.5074,-0.1278,2025-05-27 11:21:48.995285,7.678376762974123,9.445528330254099,413.10934862536845
London,51.5074,-0.1278,2025-05-28 11:21:48.995285,7.552698560304005,9.209483058719115,389.69567677845475
London,51.5074,-0.1278,2025-05-29 11:21:48.995285,7.422687190653368,9.19938838909027,380.51210991924864
London,51.5074,-0.1278,2025-05-30 11:21:48.995285,7.445153628705274,10.670146007495488,389.10040850314886
London,51.5074,-0.1278,2025-05-31 11:21:48.995285,6.953874447170517,11.27974140955733,379.8902569130077
London,51.5074,-0.1278,2025-06-01 11:21:48.995285,7.943140060516266,11.422304058590576,375.736939602661
London,51.5074,-0.1278,2025-06-02 11:21:48.995285,7.2172501723812195,10.24767739300783,361.3022548558316
London,51.5074,-0.1278,2025-06-03 11:21:48.995285,7.320772674047482,5.669462611555356,394.0996024784278
London,51.5074,-0.1278,2025-06-04 11:21:48.995285,6.940369466573345,8.503565469920826,380.48553522113315
London,51.5074,-0.1278,2025-06-05 11:21:48.995285,6.827533895689216,13.709346638470567,410.33724549841537
London,51.5074,-0.1278,2025-06-06 11:21:48.995285,7.390918403523769,9.765069020637075,361.21843366914237
London,51.5074,-0.1278,2025-06-07 11:21:48.995285,7.2870053983755145,9.668034559688751,378.48228312705265
London,51.5074,-0.1278,2025-06-08 11:21:48.995285,6.884259053638969,9.567443528394657,424.7428609016444
London,51.5074,-0.1278,2025-06-09 11:21:48.995285,6.624629312489839,9.595648342607303,368.85670063399624
London,51.5074,-0.1278,2025-06-10 11:21:48.995285,6.692030765068981,3.915448174188117,382.08606032167717
London,51.5074,-0.1278,2025-06-11 11:21:48.995285,7.678453486836443,8.119797990181782,361.67158658353185
London,51.5074,-0.1278,2025-06-12 11:21:48.995285,6.954698474139971,8.44065024004317,358.1958087807059
London,51.5074,-0.1278,2025-06-13 11:21:48.995285,7.064436581729667,10.997455593827691,415.2908676149622
London,51.5074,-0.1278,2025-06-14 11:21:48.995285,7.780136103503625,8.44830337812194,386.9503657415164
London,51.5074,-0.1278,2025-06-15 11:21:48.995285,6.751139775405434,4.978915663442452,385.39296113121577
London,51.5074,-0.1278,2025-06-16 11:21:48.995285,6.909202069713177,9.051609658694668,347.9879887611872
London,51.5074,-0.1278,2025-06-17 11:21:48.995285,6.8924932685757225,6.503810877494686,388.2894295019678
London,51.5074,-0.1278,2025-06-18 11:21:48.995285,7.847227392466416,5.598477334554831,403.4689250870532
London,51.5074,-0.1278,2025-06-19 11:21:48.995285,7.997353400232965,6.284902112488733,402.52174327578956
London,51.5074,-0.1278,2025-06-20 11:21:48.995285,7.500625290160869,8.96000675948126,392.11664759364555
London,51.5074,-0.1278,2025-06-21 11:21:48.995285,7.513353889661696,10.314928557767661,355.3843492305672
London,51.5074,-0.1278,2025-06-22 11:21:48.995285,6.967857998858908,8.686326422812877,383.4671336684369
London,51.5074,-0.1278,2025-06-23 11:21:48.995285,7.978931394761713,8.908248908864723,389.793723825839
London,51.5074,-0.1278,2025-06-24 11:21:48.995285,7.307078501743465,8.514727010132551,339.79749294278747
London,51.5074,-0.1278,2025-06-25 11:21:48.995285,7.541244105779896,7.696445286492059,352.5123174980755
London,51.5074,-0.1278,2025-06-26 11:21:48.995285,7.157790024491619,8.813549314846252,391.96002688407617
London,51.5074,-0.1278,2025-06-27 11:21:48.995285,7.092786965068956,2.5087988250514925,390.9844131253419
London,51.5074,-0.1278,2025-06-28 11:21:48.995285,7.865216903838447,7.4959745099064135,341.7663174005396
London,51.5074,-0.1278,2025-06-29 11:21:48.995285,7.415889471895323,5.112203618704616,387.9209660648747
London,51.5074,-0.1278,2025-06-30 11:21:48.995285,7.780550184428153,9.456943805566656,373.21745458785614
London,51.5074,-0.1278,2025-07-01 11:21:48.995285,7.302131268698018,6.7667631281039125,386.2309164775194
London,51.5074,-0.1278,2025-07-02 11:21:48.995285,6.860653385430764,7.053775860411047,357.228370370075
London,51.5074,-0.1278,2025-07-03 11:21:48.995285,6.966662826848605,3.913433251675754,382.13943993145165
London,51.5074,-0.1278,2025-07-04 11:21:48.995285,7.241186096985844,8.889847705046531,385.43843475992077
London,51.5074,-0.1278,2025-07-05 11:21:48.995285,6.94939991358267,8.044382674364801,360.8705656290576
London,51.5074,-0.1278,2025-07-06 11:21:48.995285,6.757015436548924,7.838113978635581,367.5972330630115
London,51.5074,-0.1278,2025-07-07 11:21:48.995285,7.68056681271481,5.03363497459469,353.62637419923027
London,51.5074,-0.1278,2025-07-08 11:21:48.995285,6.982051971670595,5.04885326273866,398.9941084998668
London,51.5074,-0.1278,2025-07-09 11:21:48.995285,7.255277099116529,6.980792774456925,362.9304998691358
London,51.5074,-0.1278,2025-07-10 11:21:48.995285,7.318453435954242,5.08308512896801,346.2803329910975
London,51.5074,-0.1278,2025-07-11 11:21:48.995285,6.964738749871772,7.281401356974869,349.7996360387069
London,51.5074,-0.1278,2025-07-12 11:21:48.995285,7.780319786523496,2.030387024034118,366.05753431851787
London,51.5074,-0.1278,2025-07-13 11:21:48.995285,6.753143295518155,5.318800832943836,378.0055228931344
London,51.5074,-0.1278,2025-07-14 11:21:48.995285,7.304650105432309,9.83017279319294,335.65012172038917
London,51.5074,-0.1278,2025-07-15 11:21:48.995285,7.298447082550633,7.059528592038815,398.7587694193219
London,51.5074,-0.1278,2025-07-16 11:21:48.995285,7.178298158854341,6.459167122226782,367.4293038127603
London,51.5074,-0.1278,2025-07-17 11:21:48.995285,6.681234954691207,10.042203795949142,370.0466267054525
London,51.5074,-0.1278,2025-07-18 11:21:48.995285,7.548327020745386,1.3471784434840517,358.2470659344005
London,51.5074,-0.1278,2025-07-19 11:21:48.995285,7.497404268133839,4.336978038819062,360.0611820309753
London,51.5074,-0.1278,2025-07-20 11:21:48.995285,6.929772588563513,5.114963399275643,356.20743466915616
London,51.5074,-0.1278,2025-07-21 11:21:48.995285,7.482994882882145,7.584931472391233,379.0382094445238
London,51.5074,-0.1278,2025-07-22 11:21:48.995285,7.349963074520311,7.571685329363291,358.0451542800008
London,51.5074,-0.1278,2025-07-23 11:21:48.995285,6.687755141855557,4.041741295269431,373.07855150220104
London,51.5074,-0.1278,2025-07-24 11:21:48.995285,6.858428434171457,7.724297795535965,348.60694104545723
London,51.5074,-0.1278,2025-07-25 11:21:48.995285,7.655312577955832,4.877659825107028,360.75570416375075
London,51.5074,-0.1278,2025-07-26 11:21:48.995285,7.3237664740568205,8.064747657751726,340.3362771797455
London,51.5074,-0.1278,2025-07-27 11:21:48.995285,6.97427882167575,3.5346535838882063,380.329954452314
London,51.5074,-0.1278,2025-07-28 11:21:48.995285,6.856609643530943,5.313090188720214,338.922189054143
London,51.5074,-0.1278,2025-07-29 11:21:48.995285,6.993842480753832,4.540468915572335,348.70844657802803
London,51.5074,-0.1278,2025-07-30 11:21:48.995285,7.022208188048919,7.595281731508006,348.53300163467094
London,51.5074,-0.1278,2025-07-31 11:21:48.995285,6.8616147869483,4.401414416396577,347.39074074181383
London,51.5074,-0.1278,2025-08-01 11:21:48.995285,6.5032943550466795,5.327184811679521,368.5707340858891
London,51.5074,-0.1278,2025-08-02 11:21:48.995285,7.656005314560314,6.392169184360631,347.45230859561246
London,51.5074,-0.1278,2025-08-03 11:21:48.995285,7.588253469044577,6.436897310862342,381.3422940589225
London,51.5074,-0.1278,2025-08-04 11:21:48.995285,6.690697819277256,7.089498483469186,336.78643096262505
London,51.5074,-0.1278,2025-08-05 11:21:48.995285,7.254524518225467,5.7084438367372305,356.2494922293331
London,51.5074,-0.1278,2025-08-06 11:21:48.995285,6.839104718914093,4.421694269379479,337.0662012131394
London,51.5074,-0.1278,2025-08-07 11:21:48.995285,7.095373110709386,4.532197526130272,360.7354058191071
London,51.5074,-0.1278,2025-08-08 11:21:48.995285,7.062093368050538,5.257755545478743,351.7451146110998
London,51.5074,-0.1278,2025-08-09 11:21:48.995285,7.028866313712851,5.681832209328023,348.725231677823
London,51.5074,-0.1278,2025-08-10 11:21:48.995285,8.001178833630515,4.865967789182807,375.37261017886726
London,51.5074,-0.1278,2025-08-11 11:21:48.995285,7.023869726129524,5.177815858785789,338.30725274744486
London,51.5074,-0.1278,2025-08-12 11:21:48.995285,6.876694469973231,2.085439525693948,362.9297756207416
London,51.5074,-0.1278,2025-08-13 11:21:48.995285,6.894967428201181,6.436642110681906,335.6401171642296
London,51.5074,-0.1278,2025-08-14 11:21:48.995285,7.617510782560702,5.447591817878949,353.10737640420837
London,51.5074,-0.1278,2025-08-15 11:21:48.995285,6.539159067322826,7.074000077263025,326.7910859373395
London,51.5074,-0.1278,2025-08-16 11:21:48.995285,6.894950833425792,5.056933063652468,337.3157775622482
London,51.5074,-0.1278,2025-08-17 11:21:48.995285,7.778729136044614,1.5676345229891546,348.80143588886995
London,51.5074,-0.1278,2025-08-18 11:21:48.995285,7.297594475199059,4.316823375049578,386.6301408830908
London,51.5074,-0.1278,2025-08-19 11:21:48.995285,7.276768802014446,4.624613598259679,352.2608118541606
London,51.5074,-0.1278,2025-08-20 11:21:48.995285,8.05285858405748,6.502512102096348,383.26042122962565
London,51.5074,-0.1278,2025-08-21 11:21:48.995285,7.298539181179399,0.8698671066462493,354.51060779054876
London,51.5074,-0.1278,2025-08-22 11:21:48.995285,6.916725535456167,5.087960455972702,342.31432933124955
London,51.5074,-0.1278,2025-08-23 11:21:48.995285,7.087169177249461,6.029619028149826,380.809816417646
London,51.5074,-0.1278,2025-08-24 11:21:48.995285,6.745827076387773,3.677440936163271,358.74451950873146
London,51.5074,-0.1278,2025-08-25 11:21:48.995285,7.702374816006279,5.149302320952744,337.1460311355362
London,51.5074,-0.1278,2025-08-26 11:21:48.995285,7.429824687014686,3.747084471800857,359.42300408901144
London,51.5074,-0.1278,2025-08-27 11:21:48.995285,7.649765659988356,3.544604077360802,344.18560443986365
London,51.5074,-0.1278,2025-08-28 11:21:48.995285,7.685193571419749,4.1909831939595446,310.2975450187959
London,51.5074,-0.1278,2025-08-29 11:21:48.995285,7.034315687628987,3.591991149525201,368.85321452990456
London,51.5074,-0.1278,2025-08-30 11:21:48.995285,6.822098859196444,6.387641643136769,372.1027313054796
London,51.5074,-0.1278,2025-08-31 11:21:48.995285,7.179314755476782,3.5590067118594844,387.0479452551479
London,51.5074,-0.1278,2025-09-01 11:21:48.995285,6.8508955716845845,3.2330689388144833,358.83176337300864
London,51.5074,-0.1278,2025-09-02 11:21:48.995285,7.26598275016361,8.586194858242301,345.5289067639817
London,51.5074,-0.1278,2025-09-03 11:21:48.995285,7.652838752333876,6.984732811678139,367.3323164278724
London,51.5074,-0.1278,2025-09-04 11:21:48.995285,7.132744141580333,1.354604194921138,367.77271646877347
London,51.5074,-0.1278,2025-09-05 11:21:48.995285,7.259998035963096,3.5639310689368857,383.700300149148
London,51.5074,-0.1278,2025-09-06 11:21:48.995285,7.162461753510653,5.595684235917139,350.21503046338836
London,51.5074,-0.1278,2025-09-07 11:21:48.995285,7.521091028975079,5.777007858600884,347.9833977900271
London,51.5074,-0.1278,2025-09-08 11:21:48.995285,6.932887042284684,2.168694659268678,337.1859155122541
London,51.5074,-0.1278,2025-09-09 11:21:48.995285,6.3214214953427605,7.488431297370369,362.4622448517613
London,51.5074,-0.1278,2025-09-10 11:21:48.995285,7.388347543750153,6.844799919001748,320.9782774417682
London,51.5074,-0.1278,2025-09-11 11:21:48.995285,7.595133768523198,6.182629131121148,367.710006127656
London,51.5074,-0.1278,2025-09-12 11:21:48.995285,7.378549697903415,7.958174399948474,364.2038766225581
London,51.5074,-0.1278,2025-09-13 11:21:48.995285,6.943907801812794,6.176598048006122,364.4215846778103
London,51.5074,-0.1278,2025-09-14 11:21:48.995285,6.745995160725572,6.197881468794217,355.7717018329421
London,51.5074,-0.1278,2025-09-15 11:21:48.995285,7.397799012712129,8.446172399529859,383.9677035094754
London,51.5074,-0.1278,2025-09-16 11:21:48.995285,7.256591581173869,7.564730743559435,371.06278512957743
London,51.5074,-0.1278,2025-09-17 11:21:48.995285,7.149682948936668,3.7121286435937644,341.80989178665425
London,51.5074,-0.1278,2025-09-18 11:21:48.995285,7.928985337197517,6.695750416417162,342.5100195967804
London,51.5074,-0.1278,2025-09-19 11:21:48.995285,6.821279962327467,4.136395206069656,337.05583309157544
London,51.5074,-0.1278,2025-09-20 11:21:48.995285,7.9100148084509865,6.510154753639339,366.0441231728996
London,51.5074,-0.1278,2025-09-21 11:21:48.995285,7.212713561948256,6.493320281741886,335.39815425222343
London,51.5074,-0.1278,2025-09-22 11:21:48.995285,6.465771809251651,2.8127278253712094,377.4644673744989
London,51.5074,-0.1278,2025-09-23 11:21:48.995285,7.1283189382723435,5.376850251656713,382.66488090969875
London,51.5074,-0.1278,2025-09-24 11:21:48.995285,7.583798430639777,6.193232273512819,339.0468568845111
London,51.5074,-0.1278,2025-09-25 11:21:48.995285,7.053977986878012,4.833599826632671,353.3508313943528
London,51.5074,-0.1278,2025-09-26 11:21:48.995285,6.610088583504642,6.380334427143881,357.8415650508719
London,51.5074,-0.1278,2025-09-27 11:21:48.995285,7.134194187281532,7.408703525829746,375.64874292766945
London,51.5074,-0.1278,2025-09-28 11:21:48.995285,6.857131050443318,5.78296073970945,390.6283361939071
London,51.5074,-0.1278,2025-09-29 11:21:48.995285,7.396725760435185,6.341816186904446,325.2163244775077
London,51.5074,-0.1278,2025-09-30 11:21:48.995285,7.509359926427045,8.709152862075145,353.05943269909824
London,51.5074,-0.1278,2025-10-01 11:21:48.995285,6.777491836900758,6.939587725577067,354.6116116800592
London,51.5074,-0.1278,2025-10-02 11:21:48.995285,6.917678377953741,6.44692029556506,332.4393200644302
London,51.5074,-0.1278,2025-10-03 11:21:48.995285,7.502656986042775,4.182361985363398,351.28300706037993
London,51.5074,-0.1278,2025-10-04 11:21:48.995285,6.856462288680417,7.494977888358007,370.08463754281536
London,51.5074,-0.1278,2025-10-05 11:21:48.995285,6.767136745668802,6.868770856391064,356.51113151928075
London,51.5074,-0.1278,2025-10-06 11:21:48.995285,6.728523547281498,8.832618428920041,331.758972243024
London,51.5074,-0.1278,2025-10-07 11:21:48.995285,7.340815445183249,6.416671971786693,420.710802811999
London,51.5074,-0.1278,2025-10-08 11:21:48.995285,7.3236630878069855,2.7492468082524466,369.141355389288
London,51.5074,-0.1278,2025-10-09 11:21:48.995285,6.926381587848383,3.041475150934602,366.65105148804474
London,51.5074,-0.1278,2025-10-10 11:21:48.995285,7.202034158451294,7.97406989226123,343.0685563860767
London,51.5074,-0.1278,2025-10-11 11:21:48.995285,7.810852953662052,5.424348968485356,370.86148487824215
London,51.5074,-0.1278,2025-10-12 11:21:48.995285,6.8103759372327115,7.501317408056266,362.9935433775229
London,51.5074,-0.1278,2025-10-13 11:21:48.995285,6.41930295639582,6.920292197793318,329.14780083357795
London,51.5074,-0.1278,2025-10-14 11:21:48.995285,7.382030230288148,6.42317285943725,346.1634131479626
London,51.5074,-0.1278,2025-10-15 11:21:48.995285,7.155839534439365,6.6301159243726655,384.12690530897004
London,51.5074,-0.1278,2025-10-16 11:21:48.995285,6.91598996527396,5.158987247705206,407.77801557796545
London,51.5074,-0.1278,2025-10-17 11:21:48.995285,7.4608320949419635,6.926060271625027,376.91946459510456
London,51.5074,-0.1278,2025-10-18 11:21:48.995285,7.535690057867516,5.857379699607383,392.3253312178291
London,51.5074,-0.1278,2025-10-19 11:21:48.995285,6.316688792047963,6.351485592479584,367.84488015564574
London,51.5074,-0.1278,2025-10-20 11:21:48.995285,6.9389608362674045,6.519193129126086,369.93398897183204
London,51.5074,-0.1278,2025-10-21 11:21:48.995285,8.127006492478742,6.784436894364459,394.1978148940083
London,51.5074,-0.1278,2025-10-22 11:21:48.995285,7.433361966319277,9.154321055322676,406.35528720667446
London,51.5074,-0.1278,2025-10-23 11:21:48.995285,7.47044145531886,7.123340304762862,399.8511535010349
London,51.5074,-0.1278,2025-10-24 11:21:48.995285,7.669157711452591,9.504049953919676,353.2391912996984
London,51.5074,-0.1278,2025-10-25 11:21:48.995285,7.206827530079891,10.606832151853077,373.97204468569623
London,51.5074,-0.1278,2025-10-26 11:21:48.995285,7.5186736640366485,9.316220101533357,381.6138016837365
London,51.5074,-0.1278,2025-10-27 11:21:48.995285,7.487224817534881,8.751185715622766,371.62892718470687
London,51.5074,-0.1278,2025-10-28 11:21:48.995285,7.415616598701104,8.412517710264988,385.34568378129137
London,51.5074,-0.1278,2025-10-29 11:21:48.995285,7.071195211753039,9.566839455347981,394.7727566058574
London,51.5074,-0.1278,2025-10-30 11:21:48.995285,7.2688235689465035,8.092753464130894,399.19651490848696
London,51.5074,-0.1278,2025-10-31 11:21:48.995285,6.964655374277289,9.961699745884529,413.64300358413175
London,51.5074,-0.1278,2025-11-01 11:21:48.995285,7.205125721826598,9.29989457936133,374.12800759332293
London,51.5074,-0.1278,2025-11-02 11:21:48.995285,6.732603643160293,7.431696363985858,354.2331095586801
London,51.5074,-0.1278,2025-11-03 11:21:48.995285,6.8837504034908195,10.02332114932375,389.48088577147047
London,51.5074,-0.1278,2025-11-04 11:21:48.995285,7.087075183230028,8.495345513984569,420.8000756439904
London,51.5074,-0.1278,2025-11-05 11:21:48.995285,6.82251782742797,8.181387676313543,374.39699971630057
London,51.5074,-0.1278,2025-11-06 11:21:48.995285,6.99799309170193,7.522995555920578,398.4908783084599
London,51.5074,-0.1278,2025-11-07 11:21:48.995285,7.1344296092977935,8.889625531346097,399.4907942054224
London,51.5074,-0.1278,2025-11-08 11:21:48.995285,7.360904937865751,10.633134443155441,390.2309330701869
London,51.5074,-0.1278,2025-11-09 11:21:48.995285,7.579702920741164,10.501113535605134,387.3708296650649
London,51.5074,-0.1278,2025-11-10 11:21:48.995285,7.014486251448757,9.513423764888165,369.5977775852746
London,51.5074,-0.1278,2025-11-11 11:21:48.995285,7.7340418469074494,10.089679716429236,343.27068290138016
London,51.5074,-0.1278,2025-11-12 11:21:48.995285,7.575444431450197,11.517871083702019,367.5077608732885
London,51.5074,-0.1278,2025-11-13 11:21:48.995285,7.401637532777577,8.758933868442059,382.7825815256038
London,51.5074,-0.1278,2025-11-14 11:21:48.995285,7.261459651718647,6.912694272032199,413.3837965393802
London,51.5074,-0.1278,2025-11-15 11:21:48.995285,7.327648336747417,11.83071560103574,390.2219977197584
London,51.5074,-0.1278,2025-11-16 11:21:48.995285,7.674820460266553,8.254049635372237,382.7555470159738
London,51.5074,-0.1278,2025-11-17 11:21:48.995285,7.689431863903709,8.018283528815427,376.1698889159638
London,51.5074,-0.1278,2025-11-18 11:21:48.995285,7.733978691353458,5.892096002093719,407.9810316978178
London,51.5074,-0.1278,2025-11-19 11:21:48.995285,7.216530732750801,10.71274211264136,422.86890339173976
London,51.5074,-0.1278,2025-11-20 11:21:48.995285,7.421986865999445,6.413082616883955,417.8285930972331
London,51.5074,-0.1278,2025-11-21 11:21:48.995285,7.7374186026488205,8.241384048500255,409.54201063400666
London,51.5074,-0.1278,2025-11-22 11:21:48.995285,6.950513586033443,11.004365530916388,368.76666449120387
London,51.5074,-0.1278,2025-11-23 11:21:48.995285,7.0726332585126785,11.357775724037566,392.10584733533284
London,51.5074,-0.1278,2025-11-24 11:21:48.995285,7.206414665205392,8.696591703563536,438.94608457779356
New York,40.7128,-74.006,2024-11-24 11:21:48.995285,6.888796435053379,9.726762617044855,390.1479425779536
New York,40.7128,-74.006,2024-11-25 11:21:48.995285,6.74427533117298,7.42991671526975,422.91120693691204
New York,40.7128,-74.006,2024-11-26 11:21:48.995285,7.473849998524757,7.1486149819374,416.47321587067654
New York,40.7128,-74.006,2024-11-27 11:21:48.995285,7.102438820559663,14.671708200225208,442.18491019495445
New York,40.7128,-74.006,2024-11-28 11:21:48.995285,7.086791357784429,9.897343395143395,406.8558042921201
New York,40.7128,-74.006,2024-11-29 11:21:48.995285,7.196377494550807,11.29898099561807,392.0814798913086
New York,40.7128,-74.006,2024-11-30 11:21:48.995285,6.85192941194984,8.972754034557955,406.17995510543216
New York,40.7128,-74.006,2024-12-01 11:21:48.995285,7.821298874675502,11.243012163039594,402.99863545679494
New York,40.7128,-74.006,2024-12-02 11:21:48.995285,7.719277564678644,13.605053163769389,404.1327964216005
New York,40.7128,-74.006,2024-12-03 11:21:48.995285,7.847242713219075,9.467017735833895,407.2393668712994
New York,40.7128,-74.006,2024-12-04 11:21:48.995285,7.473366892495557,11.773639280804552,389.9293230321491
New York,40.7128,-74.006,2024-12-05 11:21:48.995285,7.188208753991225,8.129640997435445,415.05569059157506
New York,40.7128,-74.006,2024-12-06 11:21:48.995285,7.845891721202754,15.071254736076678,382.08195963825915
New York,40.7128,-74.006,2024-12-07 11:21:48.995285,6.927613265634808,34.94003827652993,396.75954349204596
New York,40.7128,-74.006,2024-12-08 11:21:48.995285,6.851516408386795,10.367776141325166,409.55606303750113
New York,40.7128,-74.006,2024-12-09 11:21:48.995285,6.9593953940920565,10.681018229008608,367.5765985026975
New York,40.7128,-74.006,2024-12-10 11:21:48.995285,7.409148506765719,10.339714438641858,428.97773860360365
New York,40.7128,-74.006,2024-12-11 11:21:48.995285,6.895157922644931,10.524601836156059,373.36103144708034
New York,40.7128,-74.006,2024-12-12 11:21:48.995285,7.137850804712801,6.629615838582126,428.637815050778
New York,40.7128,-74.006,2024-12-13 11:21:48.995285,6.55925788244609,11.410416844268312,390.207297286055
New York,40.7128,-74.006,2024-12-14 11:21:48.995285,7.392439066171298,11.40785713675914,408.77777116563567
New York,40.7128,-74.006,2024-12-15 11:21:48.995285,6.593158653126757,12.745703685402813,428.0664190478072
New York,40.7128,-74.006,2024-12-16 11:21:48.995285,6.827135578053856,10.802335221570312,462.4490175341233
New York,40.7128,-74.006,2024-12-17 11:21:48.995285,7.686866853958658,10.386244402935992,421.61220986632736
New York,40.7128,-74.006,2024-12-18 11:21:48.995285,7.6721273267944445,11.991890057123916,380.4218728963085
New York,40.7128,-74.006,2024-12-19 11:21:48.995285,7.3497252358186,8.861231776880617,439.93358278333136
New York,40.7128,-74.006,2024-12-20 11:21:48.995285,7.310265432694092,12.450724337821326,417.0004115303412
New York,40.7128,-74.006,2024-12-21 11:21:48.995285,6.987616141138297,8.517508189658612,423.809600176197
New York,40.7128,-74.006,2024-12-22 11:21:48.995285,6.89083853450312,14.559388652175846,434.33477414289484
New York,40.7128,-74.006,2024-12-23 11:21:48.995285,7.055103320897048,13.762209111900493,379.42913286767515
New York,40.7128,-74.006,2024-12-24 11:21:48.995285,6.594538330215073,10.616505997951858,424.8195144627028
New York,40.7128,-74.006,2024-12-25 11:21:48.995285,7.300979421981466,13.865630745936596,417.2396693935513
New York,40.7128,-74.006,2024-12-26 11:21:48.995285,7.219532449923364,12.840106485335513,450.60747848838787
New York,40.7128,-74.006,2024-12-27 11:21:48.995285,6.826631493315894,10.67200539552178,441.4425338436899
New York,40.7128,-74.006,2024-12-28 11:21:48.995285,7.827472767536543,8.71642425137992,395.08172720275
New York,40.7128,-74.006,2024-12-29 11:21:48.995285,7.442765484114819,13.466380148308494,453.5876048615369
New York,40.7128,-74.006,2024-12-30 11:21:48.995285,7.476736721603543,11.315437672998934,438.0305154358943
New York,40.7128,-74.006,2024-12-31 11:21:48.995285,7.005064029584334,15.163572574195976,398.79150239897376
New York,40.7128,-74.006,2025-01-01 11:21:48.995285,7.199467968789471,13.070451818339334,431.53890557561175
New York,40.7128,-74.006,2025-01-02 11:21:48.995285,7.450949068074969,11.711068349209704,451.79885969916046
New York,40.7128,-74.006,2025-01-03 11:21:48.995285,7.261112946840094,16.77283897063183,407.490737593041
New York,40.7128,-74.006,2025-01-04 11:21:48.995285,7.840760313907949,14.396040790380917,459.9830247686574
New York,40.7128,-74.006,2025-01-05 11:21:48.995285,7.1184849722333,5.998000061003179,402.8291554295634
New York,40.7128,-74.006,2025-01-06 11:21:48.995285,6.998175787105556,12.399434556582994,417.89763740870757
New York,40.7128,-74.006,2025-01-07 11:21:48.995285,7.453701150588571,10.667085852093487,415.4952216533895
New York,40.7128,-74.006,2025-01-08 11:21:48.995285,6.694141091085395,11.89769575981762,462.51159098435556
New York,40.7128,-74.006,2025-01-09 11:21:48.995285,7.569718772923245,13.268818313571801,425.7625083831048
New York,40.7128,-74.006,2025-01-10 11:21:48.995285,6.679715279763207,14.326317208654654,412.92586186157564
New York,40.7128,-74.006,2025-01-11 11:21:48.995285,7.45543386642342,14.199816599047075,445.6750687264805
New York,40.7128,-74.006,2025-01-12 11:21:48.995285,6.940690578330935,15.89060659161238,450.5722241966821
New York,40.7128,-74.006,2025-01-13 11:21:48.995285,7.390633658793358,15.064725797410144,451.2660123198108
New York,40.7128,-74.006,2025-01-14 11:21:48.995285,7.5629371784244075,14.996567992670698,433.0439580396767
New York,40.7128,-74.006,2025-01-15 11:21:48.995285,7.261368478201567,14.304463901620425,444.10547857427775
New York,40.7128,-74.006,2025-01-16 11:21:48.995285,6.720151619343728,16.52832598923569,426.5426211132531
New York,40.7128,-74.006,2025-01-17 11:21:48.995285,6.84128990219714,13.374252354491547,473.5640879674484
New York,40.7128,-74.006,2025-01-18 11:21:48.995285,6.908536343586487,13.477088757566424,463.4610561235267
New York,40.7128,-74.006,2025-01-19 11:21:48.995285,6.44199724256089,10.296236060567011,462.73296424593417
New York,40.7128,-74.006,2025-01-20 11:21:48.995285,7.650991143492772,16.26818121944911,457.44085000976133
New York,40.7128,-74.006,2025-01-21 11:21:48.995285,7.244043034302532,14.049240516614082,452.42558640162395
New York,40.7128,-74.006,2025-01-22 11:21:48.995285,6.745792781924402,20.116296869980182,417.60360489338063
New York,40.7128,-74.006,2025-01-23 11:21:48.995285,7.782269942983343,13.482754407854099,455.6042226389031
New York,40.7128,-74.006,2025-01-24 11:21:48.995285,6.919468759944735,14.514438032481454,445.65812233774625
New York,40.7128,-74.006,2025-01-25 11:21:48.995285,7.300228995629949,15.472468432938044,469.0618669562305
New York,40.7128,-74.006,2025-01-26 11:21:48.995285,6.8698917819215195,36.64961281121818,460.35175914481675
New York,40.7128,-74.006,2025-01-27 11:21:48.995285,6.392695938668389,15.177002160056198,455.60667672603785
New York,40.7128,-74.006,2025-01-28 11:21:48.995285,6.654223776459496,14.567477212375588,411.29704753200906
New York,40.7128,-74.006,2025-01-29 11:21:48.995285,7.020603827653428,13.927692684659503,443.5706799079624
New York,40.7128,-74.006,2025-01-30 11:21:48.995285,7.559318748482419,16.915847858412683,434.54855421119356
New York,40.7128,-74.006,2025-01-31 11:21:48.995285,7.338613258727698,38.39207700828558,451.0958828694932
New York,40.7128,-74.006,2025-02-01 11:21:48.995285,7.256082050468498,15.187512644060426,438.06611875010697
New York,40.7128,-74.006,2025-02-02 11:21:48.995285,6.395988950902048,17.578514726884716,441.17294591928015
New York,40.7128,-74.006,2025-02-03 11:21:48.995285,7.708034459072038,13.28603677779688,456.17348099522883
New York,40.7128,-74.006,2025-02-04 11:21:48.995285,7.289471878598222,14.134209971751115,438.6370570999816
New York,40.7128,-74.006,2025-02-05 11:21:48.995285,7.152232932043136,19.445891708419424,449.98465660623793
New York,40.7128,-74.006,2025-02-06 11:21:48.995285,7.652969243995559,15.729956263271642,417.42350351210916
New York,40.7128,-74.006,2025-02-07 11:21:48.995285,7.6989986894273095,13.793253966076268,431.4084596584139
New York,40.7128,-74.006,2025-02-08 11:21:48.995285,7.6618360990436765,16.43394920843123,461.40786822680195
New York,40.7128,-74.006,2025-02-09 11:21:48.995285,7.101165401318685,13.714132506075485,423.8993537586459
New York,40.7128,-74.006,2025-02-10 11:21:48.995285,6.798609375686322,11.740670427541959,473.61952431068096
New York,40.7128,-74.006,2025-02-11 11:21:48.995285,7.59556916685683,17.633969598058627,468.38040418130925
New York,40.7128,-74.006,2025-02-12 11:21:48.995285,6.653978222771833,12.700413823096017,443.7007248067847
New York,40.7128,-74.006,2025-02-13 11:21:48.995285,7.978902695465713,19.82579433375504,509.1983729476539
New York,40.7128,-74.006,2025-02-14 11:21:48.995285,7.211199818077826,13.958082461045521,474.2295436766652
New York,40.7128,-74.006,2025-02-15 11:21:48.995285,6.775646297720167,19.216191838560476,430.51103462025293
New York,40.7128,-74.006,2025-02-16 11:21:48.995285,6.707252578337356,12.223768910049545,464.5345915448976
New York,40.7128,-74.006,2025-02-17 11:21:48.995285,6.688958070377576,17.022076707002267,451.02815667109275
New York,40.7128,-74.006,2025-02-18 11:21:48.995285,7.2561451626883375,15.979047526705195,434.26170799017075
New York,40.7128,-74.006,2025-02-19 11:21:48.995285,7.197443071976085,16.66211731665108,428.4680657920836
New York,40.7128,-74.006,2025-02-20 11:21:48.995285,6.705631130596323,16.92822251913034,469.8196377555458
New York,40.7128,-74.006,2025-02-21 11:21:48.995285,7.057417685377639,14.000759771636073,438.0035912695015
New York,40.7128,-74.006,2025-02-22 11:21:48.995285,6.652825845563463,12.381154825893457,447.9508979982535
New York,40.7128,-74.006,2025-02-23 11:21:48.995285,7.43572072237767,14.898118238002516,431.579018422279
New York,40.7128,-74.006,2025-02-24 11:21:48.995285,7.178162693554914,15.445643808443958,435.03267418676506
New York,40.7128,-74.006,2025-02-25 11:21:48.995285,7.048638997633021,14.054042161125777,447.4387300329384
New York,40.7128,-74.006,2025-02-26 11:21:48.995285,6.68475570797299,15.549506518244891,457.70763163373476
New York,40.7128,-74.006,2025-02-27 11:21:48.995285,7.079937759910894,15.648836866676442,398.12867477224063
New York,40.7128,-74.006,2025-02-28 11:21:48.995285,7.03410884746147,13.163241615683118,450.17134107104346
New York,40.7128,-74.006,2025-03-01 11:21:48.995285,7.327090680483839,15.76546911888442,434.8328453033342
New York,40.7128,-74.006,2025-03-02 11:21:48.995285,7.266807191246785,14.43186019894778,477.71009553237525
New York,40.7128,-74.006,2025-03-03 11:21:48.995285,7.516824040831737,13.555608519560531,508.41075611978147
New York,40.7128,-74.006,2025-03-04 11:21:48.995285,7.006169382597975,16.51813822760969,442.2482988125427
New York,40.7128,-74.006,2025-03-05 11:21:48.995285,6.455835399121402,13.375758326432065,414.8528362839277
New York,40.7128,-74.006,2025-03-06 11:21:48.995285,7.5964371506392165,14.001297580090458,451.48386699737046
New York,40.7128,-74.006,2025-03-07 11:21:48.995285,6.825586994780728,15.042170158600761,444.87209799241043
New York,40.7128,-74.006,2025-03-08 11:21:48.995285,6.757233178793898,17.62867599447032,488.2275405116442
New York,40.7128,-74.006,2025-03-09 11:21:48.995285,7.182753381954499,15.246159138593903,481.9376966989639
New York,40.7128,-74.006,2025-03-10 11:21:48.995285,7.320908205181807,15.896265580069654,465.7043885631345
New York,40.7128,-74.006,2025-03-11 11:21:48.995285,6.987665437714127,14.222067670827753,436.43964580395425
New York,40.7128,-74.006,2025-03-12 11:21:48.995285,6.984522927412749,14.6366098361838,461.4912221729809
New York,40.7128,-74.006,2025-03-13 11:21:48.995285,7.043589472893778,14.67065051611304,452.9841770128884
New York,40.7128,-74.006,2025-03-14 11:21:48.995285,7.766616140397257,15.328420372094907,452.2445430665964
New York,40.7128,-74.006,2025-03-15 11:21:48.995285,7.198928764976747,14.121870570855583,415.97346019816365
New York,40.7128,-74.006,2025-03-16 11:21:48.995285,6.812814864215282,17.364406502429574,468.0799740838445
New York,40.7128,-74.006,2025-03-17 11:21:48.995285,6.816886657238813,13.907287178185612,448.6923631181237
New York,40.7128,-74.006,2025-03-18 11:21:48.995285,7.0996463281670525,11.206971340554732,444.19770915876313
New York,40.7128,-74.006,2025-03-19 11:21:48.995285,7.295143173611203,20.073511339037008,433.87605140279317
New York,40.7128,-74.006,2025-03-20 11:21:48.995285,7.393592064786477,13.898285768583577,429.6579015116433
New York,40.7128,-74.006,2025-03-21 11:21:48.995285,7.249663441538886,17.143118585806118,451.5129617418139
New York,40.7128,-74.006,2025-03-22 11:21:48.995285,6.863250659633165,17.28877813759406,409.8087084995838
New York,40.7128,-74.006,2025-03-23 11:21:48.995285,7.030423480175687,16.330715237648228,460.19284132447547
New York,40.7128,-74.006,2025-03-24 11:21:48.995285,7.49356315274585,14.004006580672874,422.91850145876305
New York,40.7128,-74.006,2025-03-25 11:21:48.995285,6.741563215818762,14.931901233295294,402.41170221136025
New York,40.7128,-74.006,2025-03-26 11:21:48.995285,7.013698642769016,11.766690221639703,479.59501272101596
New York,40.7128,-74.006,2025-03-27 11:21:48.995285,7.438985143152541,18.251906396385685,425.55436750057976
New York,40.7128,-74.006,2025-03-28 11:21:48.995285,7.550112570654071,12.522633290399977,427.81926963721924
New York,40.7128,-74.006,2025-03-29 11:21:48.995285,7.122833851563447,13.671825471611434,464.4870405910933
New York,40.7128,-74.006,2025-03-30 11:21:48.995285,7.0355172757716735,14.329743967700049,478.4063279465283
New York,40.7128,-74.006,2025-03-31 11:21:48.995285,6.671152823422505,13.867810747555659,410.1668710002272
New York,40.7128,-74.006,2025-04-01 11:21:48.995285,7.410255969090838,12.718653167017935,421.2006361110338
New York,40.7128,-74.006,2025-04-02 11:21:48.995285,7.727511874058716,16.769592423022456,422.15556674591886
New York,40.7128,-74.006,2025-04-03 11:21:48.995285,8.226061623439877,15.828807842370134,457.9785260078488
New York,40.7128,-74.006,2025-04-04 11:21:48.995285,7.354578473407218,14.51851461548659,1414.5805338808282
New York,40.7128,-74.006,2025-04-05 11:21:48.995285,7.179648139342408,13.020336951959214,416.58937940796557
New York,40.7128,-74.006,2025-04-06 11:21:48.995285,6.832075754739638,15.891885881348983,465.9282481359648
New York,40.7128,-74.006,2025-04-07 11:21:48.995285,6.44845723450274,12.777172788687848,422.88041831185575
New York,40.7128,-74.006,2025-04-08 11:21:48.995285,7.270783699895934,16.78857145110807,443.20033576323584
New York,40.7128,-74.006,2025-04-09 11:21:48.995285,8.14013564806172,13.810826399346666,410.45477169524173
New York,40.7128,-74.006,2025-04-10 11:21:48.995285,7.708324891862765,15.98748110448132,432.84057223371894
New York,40.7128,-74.006,2025-04-11 11:21:48.995285,7.646625707645519,13.238765482067722,432.4418070628946
New York,40.7128,-74.006,2025-04-12 11:21:48.995285,7.298241126823166,13.54693341146697,427.7355043475453
New York,40.7128,-74.006,2025-04-13 11:21:48.995285,7.343809264112129,15.791161443985,441.10261283707064
New York,40.7128,-74.006,2025-04-14 11:21:48.995285,6.230501072688809,17.663632089654314,412.61720056340374
New York,40.7128,-74.006,2025-04-15 11:21:48.995285,7.505004232305599,16.33100720119258,414.42826969809136
New York,40.7128,-74.006,2025-04-16 11:21:48.995285,6.968263772169674,14.898083311734872,440.1955836287788
New York,40.7128,-74.006,2025-04-17 11:21:48.995285,6.919309061361646,14.254989865731833,457.60493661768095
New York,40.7128,-74.006,2025-04-18 11:21:48.995285,7.070697218780557,11.994222935605361,429.6249292802877
New York,40.7128,-74.006,2025-04-19 11:21:48.995285,7.057198204219595,13.529385743673233,439.4626780838671
New York,40.7128,-74.006,2025-04-20 11:21:48.995285,6.912945763211336,11.042762971528159,443.85021360116303
New York,40.7128,-74.006,2025-04-21 11:21:48.995285,7.20554882887039,13.54951057942043,444.5895668931787
New York,40.7128,-74.006,2025-04-22 11:21:48.995285,6.976688961516779,13.606303514090403,408.1915274102998
New York,40.7128,-74.006,2025-04-23 11:21:48.995285,7.240129182302459,8.731959957873283,410.99629780399863
New York,40.7128,-74.006,2025-04-24 11:21:48.995285,6.605128874179987,12.657789173462678,412.00162767192194
New York,40.7128,-74.006,2025-04-25 11:21:48.995285,7.1143768917471935,13.33595886540709,463.6347666901681
New York,40.7128,-74.006,2025-04-26 11:21:48.995285,6.7614817641255,36.791831463796214,434.47749413887254
New York,40.7128,-74.006,2025-04-27 11:21:48.995285,6.943420272600854,13.071895216082462,432.82428979139354
New York,40.7128,-74.006,2025-04-28 11:21:48.995285,7.2573595372134125,9.596088980829666,430.12004973909774
New York,40.7128,-74.006,2025-04-29 11:21:48.995285,6.558400954098017,10.650865310631957,395.6100711451348
New York,40.7128,-74.006,2025-04-30 11:21:48.995285,6.871037049091145,14.194878026175637,460.01382641401847
New York,40.7128,-74.006,2025-05-01 11:21:48.995285,7.427585753934534,12.04792312536966,430.0515485565203
New York,40.7128,-74.006,2025-05-02 11:21:48.995285,6.63472886325368,12.64770934591215,434.14271608592236
New York,40.7128,-74.006,2025-05-03 11:21:48.995285,7.9111468561115235,10.795497504602666,383.57497248188224
New York,40.7128,-74.006,2025-05-04 11:21:48.995285,7.681763182452259,11.847556700202551,433.67856358371876
New York,40.7128,-74.006,2025-05-05 11:21:48.995285,7.002189166219089,7.124037203083271,410.15636663098417
New York,40.7128,-74.006,2025-05-06 11:21:48.995285,6.8851161248859745,13.339066287964185,390.01476461670177
New York,40.7128,-74.006,2025-05-07 11:21:48.995285,7.280775961334193,15.181400882584075,396.58007872935536
New York,40.7128,-74.006,2025-05-08 11:21:48.995285,6.621015097189137,9.353528997938172,389.5377567946072
New York,40.7128,-74.006,2025-05-09 11:21:48.995285,6.399142910067027,9.520489000976944,388.3758498576686
New York,40.7128,-74.006,2025-05-10 11:21:48.995285,7.0162659503789735,12.200087260115,414.39423104368456
New York,40.7128,-74.006,2025-05-11 11:21:48.995285,7.146380493399124,14.18286948341817,404.61585324941376
New York,40.7128,-74.006,2025-05-12 11:21:48.995285,7.237770889741412,11.147333716387172,418.1966707547583
New York,40.7128,-74.006,2025-05-13 11:21:48.995285,6.954103753552847,8.608968535573974,444.1955631933499
New York,40.7128,-74.006,2025-05-14 11:21:48.995285,7.709578691789979,10.566129975692137,407.24357021713206
New York,40.7128,-74.006,2025-05-15 11:21:48.995285,6.601944136606447,8.838968768004227,364.09054340710964
New York,40.7128,-74.006,2025-05-16 11:21:48.995285,6.744695146016761,9.476342478955033,403.30118641596954
New York,40.7128,-74.006,2025-05-17 11:21:48.995285,7.394654382457925,10.120913786292743,431.1578485739512
New York,40.7128,-74.006,2025-05-18 11:21:48.995285,6.735341045745144,8.785091710779652,404.7186194226925
New York,40.7128,-74.006,2025-05-19 11:21:48.995285,6.719871819121074,9.002483587259345,436.1695634299188
New York,40.7128,-74.006,2025-05-20 11:21:48.995285,7.249341916882866,10.621751749530482,413.78566935361636
New York,40.7128,-74.006,2025-05-21 11:21:48.995285,6.778590951873587,10.817004020441775,367.1039292737254
New York,40.7128,-74.006,2025-05-22 11:21:48.995285,7.1467662288317255,7.453105719187032,405.20230887705685
New York,40.7128,-74.006,2025-05-23 11:21:48.995285,6.9200573761368975,11.007874610041329,408.0911375355211
New York,40.7128,-74.006,2025-05-24 11:21:48.995285,6.8553345186509045,9.36522447487287,422.8980380368295
New York,40.7128,-74.006,2025-05-25 11:21:48.995285,6.359077843462024,11.483558031548661,436.8230812766658
New York,40.7128,-74.006,2025-05-26 11:21:48.995285,7.255825261128535,11.51796005693228,417.7241605497396
New York,40.7128,-74.006,2025-05-27 11:21:48.995285,6.7011240031548285,8.78182543695424,407.51867393638776
New York,40.7128,-74.006,2025-05-28 11:21:48.995285,7.132703118587792,11.013184223052814,411.3726537813404
New York,40.7128,-74.006,2025-05-29 11:21:48.995285,6.9951580406605744,8.025021533773376,1180.887600008157
New York,40.7128,-74.006,2025-05-30 11:21:48.995285,7.117396776520047,12.260591729503265,366.8731193021782
New York,40.7128,-74.006,2025-05-31 11:21:48.995285,7.140129850394696,7.929043849201074,396.10308423359726
New York,40.7128,-74.006,2025-06-01 11:21:48.995285,7.277451300367305,10.147204181642554,401.7228561930934
New York,40.7128,-74.006,2025-06-02 11:21:48.995285,6.908896279403423,8.981040823448536,369.48943860913255
New York,40.7128,-74.006,2025-06-03 11:21:48.995285,7.697078591709348,7.237214986925426,419.2424729440051
New York,40.7128,-74.006,2025-06-04 11:21:48.995285,6.461039975657769,10.987796458878035,411.9678696627228
New York,40.7128,-74.006,2025-06-05 11:21:48.995285,7.109363552589109,7.872903453638607,363.5764424079645
New York,40.7128,-74.006,2025-06-06 11:21:48.995285,7.534492390564347,5.616491221075506,417.4830012861187
New York,40.7128,-74.006,2025-06-07 11:21:48.995285,7.390709021201042,3.1683686964649604,383.1576668438133
New York,40.7128,-74.006,2025-06-08 11:21:48.995285,6.810065769388562,7.098382259990999,372.9148851861024
New York,40.7128,-74.006,2025-06-09 11:21:48.995285,6.87670180280479,11.51670593619327,409.2344448308838
New York,40.7128,-74.006,2025-06-10 11:21:48.995285,6.797282976269359,11.197149471367283,385.79563710839847
New York,40.7128,-74.006,2025-06-11 11:21:48.995285,7.439691052265756,7.161649819308854,423.9721726567766
New York,40.7128,-74.006,2025-06-12 11:21:48.995285,6.904030508593797,7.767526074229791,368.1065981585905
New York,40.7128,-74.006,2025-06-13 11:21:48.995285,7.30204923524938,22.513915932626464,349.71149747375557
New York,40.7128,-74.006,2025-06-14 11:21:48.995285,7.3057205656303825,5.6860932979782115,377.92081026545065
New York,40.7128,-74.006,2025-06-15 11:21:48.995285,8.147357387294148,6.374274693399648,398.50383434767275
New York,40.7128,-74.006,2025-06-16 11:21:48.995285,7.3253005039206815,10.153730385152732,363.3714537528008
New York,40.7128,-74.006,2025-06-17 11:21:48.995285,6.875542394099814,9.119235916738978,354.5125940838042
New York,40.7128,-74.006,2025-06-18 11:21:48.995285,6.61593989517344,8.578226333777444,384.8990342212318
New York,40.7128,-74.006,2025-06-19 11:21:48.995285,7.089658914144902,5.282926982600177,350.25845785586864
New York,40.7128,-74.006,2025-06-20 11:21:48.995285,7.152365663029073,8.076404728220185,384.88383699379057
New York,40.7128,-74.006,2025-06-21 11:21:48.995285,6.315720189043778,3.1897161392714812,371.1615997579117
New York,40.7128,-74.006,2025-06-22 11:21:48.995285,6.914458335882795,9.40607191497877,387.0939950916245
New York,40.7128,-74.006,2025-06-23 11:21:48.995285,7.318941017131022,8.161352263104964,348.7654485378148
New York,40.7128,-74.006,2025-06-24 11:21:48.995285,6.98705773189353,4.878171560256889,401.6496276734436
New York,40.7128,-74.006,2025-06-25 11:21:48.995285,7.587449514282335,10.726642047751202,371.27721962783744
New York,40.7128,-74.006,2025-06-26 11:21:48.995285,6.576657422111792,3.8273587265835745,1168.4020014219113
New York,40.7128,-74.006,2025-06-27 11:21:48.995285,7.470753128061287,8.406962123689539,392.6610068176011
New York,40.7128,-74.006,2025-06-28 11:21:48.995285,7.565555896610381,8.38414134525407,349.58907902564835
New York,40.7128,-74.006,2025-06-29 11:21:48.995285,7.582598590336615,4.7227128092441575,389.6656870716527
New York,40.7128,-74.006,2025-06-30 11:21:48.995285,6.573657446138249,7.055437278858144,342.8100511018973
New York,40.7128,-74.006,2025-07-01 11:21:48.995285,7.325821118342954,3.787418054231907,343.20798253017847
New York,40.7128,-74.006,2025-07-02 11:21:48.995285,6.932498352591394,1.2991310512217593,409.19878155852257
New York,40.7128,-74.006,2025-07-03 11:21:48.995285,6.63754302320684,4.787824546320044,391.4728373777661
New York,40.7128,-74.006,2025-07-04 11:21:48.995285,7.034452910010517,5.622936042496835,410.03514277888337
New York,40.7128,-74.006,2025-07-05 11:21:48.995285,6.838008803239676,8.078238795438764,360.49298372601356
New York,40.7128,-74.006,2025-07-06 11:21:48.995285,7.568300187265548,6.859034384076214,369.2907554211059
New York,40.7128,-74.006,2025-07-07 11:21:48.995285,7.405225337205428,6.846771597704627,377.1439017243706
New York,40.7128,-74.006,2025-07-08 11:21:48.995285,6.739022212756453,4.567289706047751,365.7174181942713
New York,40.7128,-74.006,2025-07-09 11:21:48.995285,6.910311474467629,5.473571257482341,350.41321824173303
New York,40.7128,-74.006,2025-07-10 11:21:48.995285,7.047721029753351,4.612228729725791,346.79912553704014
New York,40.7128,-74.006,2025-07-11 11:21:48.995285,7.171037941072841,3.9616674175605757,368.3933989727809
New York,40.7128,-74.006,2025-07-12 11:21:48.995285,7.6025513099215125,5.164813375593048,342.18492546242953
New York,40.7128,-74.006,2025-07-13 11:21:48.995285,7.476312930592253,6.442914715949689,341.04162961023314
New York,40.7128,-74.006,2025-07-14 11:21:48.995285,7.220556787589937,5.091388823491552,370.2380988464914
New York,40.7128,-74.006,2025-07-15 11:21:48.995285,7.095740460042031,5.53355159719734,359.9023823307606
New York,40.7128,-74.006,2025-07-16 11:21:48.995285,6.490658386157011,22.546228244962734,379.9999233432817
New York,40.7128,-74.006,2025-07-17 11:21:48.995285,7.7167990504504225,5.070241887225021,352.2192790444074
New York,40.7128,-74.006,2025-07-18 11:21:48.995285,7.021161360853737,3.3511524191111404,348.5657378113585
New York,40.7128,-74.006,2025-07-19 11:21:48.995285,7.821936096170504,7.094507311597755,368.1470706046622
New York,40.7128,-74.006,2025-07-20 11:21:48.995285,7.278443716852735,6.449009039786991,342.93259993662764
New York,40.7128,-74.006,2025-07-21 11:21:48.995285,8.010113683448578,6.525548002725082,345.51973555267085
New York,40.7128,-74.006,2025-07-22 11:21:48.995285,7.442528613346527,7.072049917978237,345.8346382214799
New York,40.7128,-74.006,2025-07-23 11:21:48.995285,6.627192147511648,6.6870377678505735,353.5435050064358
New York,40.7128,-74.006,2025-07-24 11:21:48.995285,6.954233807895515,5.785846536193474,392.7326223784267
New York,40.7128,-74.006,2025-07-25 11:21:48.995285,7.132346015731215,10.46719468545463,329.3071170983613
New York,40.7128,-74.006,2025-07-26 11:21:48.995285,6.850486845156671,3.071530913849483,382.32483570688305
New York,40.7128,-74.006,2025-07-27 11:21:48.995285,7.049175673127182,4.427104423155205,370.7551249271215
New York,40.7128,-74.006,2025-07-28 11:21:48.995285,6.653224336567156,7.494382116208869,386.9367108159252
New York,40.7128,-74.006,2025-07-29 11:21:48.995285,7.202288512439649,5.805976130516605,417.9417564297
New York,40.7128,-74.006,2025-07-30 11:21:48.995285,7.294964779604376,6.999067056399056,383.46127029952294
New York,40.7128,-74.006,2025-07-31 11:21:48.995285,6.798356237117552,5.786489708602661,372.98310745344645
New York,40.7128,-74.006,2025-08-01 11:21:48.995285,7.976101717392765,8.160194972022996,327.87089166453
New York,40.7128,-74.006,2025-08-02 11:21:48.995285,7.225405304512184,3.363524677768041,330.0610186601245
New York,40.7128,-74.006,2025-08-03 11:21:48.995285,6.873303653550836,8.031300123623522,360.6676071354055
New York,40.7128,-74.006,2025-08-04 11:21:48.995285,6.548184280013913,7.657586254931376,319.19440972683714
New York,40.7128,-74.006,2025-08-05 11:21:48.995285,7.223977155758868,2.865616054587137,365.1707278563033
New York,40.7128,-74.006,2025-08-06 11:21:48.995285,7.095804586874659,6.519522919714488,309.88348318417115
New York,40.7128,-74.006,2025-08-07 11:21:48.995285,7.513216362914577,5.1455151523745934,375.3606178797701
New York,40.7128,-74.006,2025-08-08 11:21:48.995285,7.142651894011213,3.9932468768253906,345.6301029119632
New York,40.7128,-74.006,2025-08-09 11:21:48.995285,6.7225124870925095,1.4054088777438176,354.35841148119636
New York,40.7128,-74.006,2025-08-10 11:21:48.995285,7.868287318471033,3.138683742645046,336.63566492038717
New York,40.7128,-74.006,2025-08-11 11:21:48.995285,7.374249951802875,6.5556332972238724,313.4235619640955
New York,40.7128,-74.006,2025-08-12 11:21:48.995285,7.098356515360657,6.747629785359273,375.8933780522668
New York,40.7128,-74.006,2025-08-13 11:21:48.995285,7.265855412579896,4.680510580620207,377.73334331681974
New York,40.7128,-74.006,2025-08-14 11:21:48.995285,7.389616782624663,6.719337526386657,343.82391709692695
New York,40.7128,-74.006,2025-08-15 11:21:48.995285,6.628457354442626,6.960779405969124,363.9411837964886
New York,40.7128,-74.006,2025-08-16 11:21:48.995285,7.263077687985124,5.3658919660909925,342.7482920841749
New York,40.7128,-74.006,2025-08-17 11:21:48.995285,7.019950610682444,3.5997624323323185,356.2140936856522
New York,40.7128,-74.006,2025-08-18 11:21:48.995285,7.402919994251901,5.915823979294218,365.51994151503146
New York,40.7128,-74.006,2025-08-19 11:21:48.995285,6.903927230157489,5.998442859814239,361.34643293644257
New York,40.7128,-74.006,2025-08-20 11:21:48.995285,6.958119257961167,6.36459427192977,376.9864471804784
New York,40.7128,-74.006,2025-08-21 11:21:48.995285,7.8651484394256235,6.741220735677518,360.48175547083713
New York,40.7128,-74.006,2025-08-22 11:21:48.995285,7.692364836352855,2.281272278232389,350.61770656152027
New York,40.7128,-74.006,2025-08-23 11:21:48.995285,5.881775528013077,3.98241010583173,334.79430660808373
New York,40.7128,-74.006,2025-08-24 11:21:48.995285,7.662704792985725,1.2031740153506716,340.4340594607847
New York,40.7128,-74.006,2025-08-25 11:21:48.995285,7.170539189496897,6.494038378029743,366.2014909476908
New York,40.7128,-74.006,2025-08-26 11:21:48.995285,6.916727174840395,4.576534594139714,319.9750445227231
New York,40.7128,-74.006,2025-08-27 11:21:48.995285,6.79713010571694,5.865378085196413,372.1536455062718
New York,40.7128,-74.006,2025-08-28 11:21:48.995285,6.820352948688004,2.0564653978418623,344.45535442193113
New York,40.7128,-74.006,2025-08-29 11:21:48.995285,6.928025622096634,7.815336833845324,333.76163325643444
New York,40.7128,-74.006,2025-08-30 11:21:48.995285,6.749146966527263,2.6317266900255545,328.2295666570117
New York,40.7128,-74.006,2025-08-31 11:21:48.995285,6.658160135570943,6.578037074295158,363.77646036827014
New York,40.7128,-74.006,2025-09-01 11:21:48.995285,6.783847939662436,5.274789294695421,350.096062453037
New York,40.7128,-74.006,2025-09-02 11:21:48.995285,7.329357542026275,4.671451969510876,382.27867971022874
New York,40.7128,-74.006,2025-09-03 11:21:48.995285,7.220036059428319,4.52293257480572,325.3710148697823
New York,40.7128,-74.006,2025-09-04 11:21:48.995285,7.422342580620743,3.8015048976072787,339.2130367011581
New York,40.7128,-74.006,2025-09-05 11:21:48.995285,7.1734520643159785,7.68386000244349,349.0902533238713
New York,40.7128,-74.006,2025-09-06 11:21:48.995285,6.677328267742084,5.135983961176202,336.07044804531847
New York,40.7128,-74.006,2025-09-07 11:21:48.995285,7.397776369397443,2.5910546634314566,351.41735052421507
New York,40.7128,-74.006,2025-09-08 11:21:48.995285,6.798124288450034,13.145279960018355,357.886819235735
New York,40.7128,-74.006,2025-09-09 11:21:48.995285,7.458645720795574,5.427978366131601,361.402687899852
New York,40.7128,-74.006,2025-09-10 11:21:48.995285,6.7336319988172155,6.989961643529147,382.06685342407417
New York,40.7128,-74.006,2025-09-11 11:21:48.995285,6.92500934943859,4.009586426006056,326.1188100947731
New York,40.7128,-74.006,2025-09-12 11:21:48.995285,7.0554433437728346,4.169164306915136,359.2023805839485
New York,40.7128,-74.006,2025-09-13 11:21:48.995285,7.46976192042278,5.318882317159097,339.7813242368795
New York,40.7128,-74.006,2025-09-14 11:21:48.995285,7.270398900850958,7.047569350185175,361.60746470337693
New York,40.7128,-74.006,2025-09-15 11:21:48.995285,7.20800052886037,2.593304784693315,361.93478228591465
New York,40.7128,-74.006,2025-09-16 11:21:48.995285,7.954267514022122,6.3730008440875086,333.88452815639357
New York,40.7128,-74.006,2025-09-17 11:21:48.995285,6.465206735509942,4.467018501159515,335.9283887614865
New York,40.7128,-74.006,2025-09-18 11:21:48.995285,6.784648942919779,4.780494895576359,364.5264618601248
New York,40.7128,-74.006,2025-09-19 11:21:48.995285,6.767524608784404,9.468082426246317,355.11739957475083
New York,40.7128,-74.006,2025-09-20 11:21:48.995285,6.491739076031091,5.1089072026357325,350.62601970275574
New York,40.7128,-74.006,2025-09-21 11:21:48.995285,6.9121921948455896,7.049480768319416,368.56066927252203
New York,40.7128,-74.006,2025-09-22 11:21:48.995285,7.475107665518682,7.017490124689878,370.4309940200745
New York,40.7128,-74.006,2025-09-23 11:21:48.995285,6.9633410405937,3.26049364608177,345.61281248875383
New York,40.7128,-74.006,2025-09-24 11:21:48.995285,7.0667988112054765,1.971929575906206,339.58611951067013
New York,40.7128,-74.006,2025-09-25 11:21:48.995285,6.510978068847887,7.348144393454807,331.823422549457
New York,40.7128,-74.006,2025-09-26 11:21:48.995285,6.881389769935861,3.5838221574653235,358.17822782765336
New York,40.7128,-74.006,2025-09-27 11:21:48.995285,7.015320513764967,2.4685420626855543,329.50587417530477
New York,40.7128,-74.006,2025-09-28 11:21:48.995285,7.456960169018846,7.896471297859357,360.43003784629025
New York,40.7128,-74.006,2025-09-29 11:21:48.995285,6.530033440832712,3.8537637659367414,383.262908163368
New York,40.7128,-74.006,2025-09-30 11:21:48.995285,7.017996501711545,4.397269753594406,352.35385164390624
New York,40.7128,-74.006,2025-10-01 11:21:48.995285,7.634727212027556,9.941940869305206,349.20785998046284
New York,40.7128,-74.006,2025-10-02 11:21:48.995285,7.021966685750694,2.7258009934529706,400.40961263470405
New York,40.7128,-74.006,2025-10-03 11:21:48.995285,6.353775434352529,3.5859486618322687,391.1792438302141
New York,40.7128,-74.006,2025-10-04 11:21:48.995285,7.711670310939277,5.233529580632468,346.23730124469483
New York,40.7128,-74.006,2025-10-05 11:21:48.995285,7.493958777015333,5.727957277938343,364.8649731972514
New York,40.7128,-74.006,2025-10-06 11:21:48.995285,7.547758870031516,4.477648997281918,369.2249604621339
New York,40.7128,-74.006,2025-10-07 11:21:48.995285,6.502486541301843,4.005604690534238,367.30235730632427
New York,40.7128,-74.006,2025-10-08 11:21:48.995285,7.804982290338886,9.4017684573843,400.11126703946013
New York,40.7128,-74.006,2025-10-09 11:21:48.995285,6.890689565955521,6.967689136800557,366.16176673429965
New York,40.7128,-74.006,2025-10-10 11:21:48.995285,6.996224422311908,7.67304585316014,369.77178116003796
New York,40.7128,-74.006,2025-10-11 11:21:48.995285,6.918889133603199,6.2902858107645905,379.4206075417449
New York,40.7128,-74.006,2025-10-12 11:21:48.995285,7.578774872782083,7.206691803553544,390.07621337930607
New York,40.7128,-74.006,2025-10-13 11:21:48.995285,7.128080658997882,8.557630231007787,385.6562529739682
New York,40.7128,-74.006,2025-10-14 11:21:48.995285,7.3926964130350505,4.764254165734422,378.3302176744837
New York,40.7128,-74.006,2025-10-15 11:21:48.995285,7.2303604091537474,7.352510488585075,337.054388847613
New York,40.7128,-74.006,2025-10-16 11:21:48.995285,7.161983198522832,8.281850884611442,359.1349080967881
New York,40.7128,-74.006,2025-10-17 11:21:48.995285,6.821286374501522,10.047210342192889,385.96458063834905
New York,40.7128,-74.006,2025-10-18 11:21:48.995285,7.924856234923107,10.922148524799702,375.2716395975479
New York,40.7128,-74.006,2025-10-19 11:21:48.995285,6.614642548597908,7.235718226694517,387.482559003769
New York,40.7128,-74.006,2025-10-20 11:21:48.995285,7.364901589613874,9.443769117918677,409.4082334188691
New York,40.7128,-74.006,2025-10-21 11:21:48.995285,7.3506626368429115,1.8974875674188043,348.83897024043245
New York,40.7128,-74.006,2025-10-22 11:21:48.995285,7.66174251446097,10.414539961061932,395.8579449191767
New York,40.7128,-74.006,2025-10-23 11:21:48.995285,7.755236012951712,5.931154639730642,367.22195038184987
New York,40.7128,-74.006,2025-10-24 11:21:48.995285,7.1450445602332895,6.974450382763697,393.2734491928894
New York,40.7128,-74.006,2025-10-25 11:21:48.995285,7.412157722369901,8.413331217934156,374.4868076246388
New York,40.7128,-74.006,2025-10-26 11:21:48.995285,7.905949484181004,7.299446064790032,418.6033987720705
New York,40.7128,-74.006,2025-10-27 11:21:48.995285,7.173929293231099,8.075155404622013,379.4242251800922
New York,40.7128,-74.006,2025-10-28 11:21:48.995285,6.77342660997393,10.934239227750233,364.7782484258599
New York,40.7128,-74.006,2025-10-29 11:21:48.995285,7.046212754920232,7.067681946555899,386.7587128283138
New York,40.7128,-74.006,2025-10-30 11:21:48.995285,6.678141600554214,5.740184353937308,385.61917548374953
New York,40.7128,-74.006,2025-10-31 11:21:48.995285,7.348726724397889,11.619487768567234,402.6875424219102
New York,40.7128,-74.006,2025-11-01 11:21:48.995285,7.625782483256255,9.125211402791317,389.67788565991816
New York,40.7128,-74.006,2025-11-02 11:21:48.995285,7.151583403172985,11.995855236173561,431.01506563885243
New York,40.7128,-74.006,2025-11-03 11:21:48.995285,6.551615980218544,9.958879210275947,380.08811118313594
New York,40.7128,-74.006,2025-11-04 11:21:48.995285,7.608660334023071,5.665196718002559,381.1314560246849
New York,40.7128,-74.006,2025-11-05 11:21:48.995285,6.489480415373689,9.684421035051937,371.85879591432064
New York,40.7128,-74.006,2025-11-06 11:21:48.995285,6.581618088830783,6.507497744953444,386.46730553426903
New York,40.7128,-74.006,2025-11-07 11:21:48.995285,7.128664645002113,8.572451440476286,390.19706077762856
New York,40.7128,-74.006,2025-11-08 11:21:48.995285,7.3007140982702,8.488780405113959,392.02630272241225
New York,40.7128,-74.006,2025-11-09 11:21:48.995285,7.368898999503342,5.487905915152947,388.5760887540706
New York,40.7128,-74.006,2025-11-10 11:21:48.995285,7.173544179181411,7.1810151908466775,375.86993736515655
New York,40.7128,-74.006,2025-11-11 11:21:48.995285,7.904017506053943,39.90230110589209,371.2706217881446
New York,40.7128,-74.006,2025-11-12 11:21:48.995285,7.226067336433281,9.451232310339233,382.2413005098579
New York,40.7128,-74.006,2025-11-13 11:21:48.995285,7.6138672407011745,8.707674181457875,413.41941771254005
New York,40.7128,-74.006,2025-11-14 11:21:48.995285,7.514781825637879,12.769314718974462,418.57133650075565
New York,40.7128,-74.006,2025-11-15 11:21:48.995285,6.6828505071181885,8.435985276540258,390.74526823797726
New York,40.7128,-74.006,2025-11-16 11:21:48.995285,7.132107805085791,9.130765415495434,374.30440206498827
New York,40.7128,-74.006,2025-11-17 11:21:48.995285,8.049328205312408,11.380565487748935,392.3661255486966
New York,40.7128,-74.006,2025-11-18 11:21:48.995285,6.998259658423898,8.683019915530123,436.6782238330298
New York,40.7128,-74.006,2025-11-19 11:21:48.995285,6.930151790257324,8.077134527607765,415.68111676946006
New York,40.7128,-74.006,2025-11-20 11:21:48.995285,7.268230232590809,5.148475035266962,407.5747324905349
New York,40.7128,-74.006,2025-11-21 11:21:48.995285,7.0125920282959795,7.868905037118206,416.67271497988867
New York,40.7128,-74.006,2025-11-22 11:21:48.995285,6.882518168199105,23.807509349721137,429.09025164568897
New York,40.7128,-74.006,2025-11-23 11:21:48.995285,7.0066866422809655,10.231066610158043,376.0820081612659
New York,40.7128,-74.006,2025-11-24 11:21:48.995285,7.7728038685474505,8.779083468544451,392.1592026260576
Tokyo,35.6762,139.6503,2024-11-24 11:21:48.995285,7.617878867347257,7.472880110794232,385.6136286483098
Tokyo,35.6762,139.6503,2024-11-25 11:21:48.995285,6.2444103702589056,10.520205942075233,424.07011791473855
Tokyo,35.6762,139.6503,2024-11-26 11:21:48.995285,7.239394038807785,10.646114462091228,394.6363543230074
Tokyo,35.6762,139.6503,2024-11-27 11:21:48.995285,6.569036365212251,12.447544104595638,382.9408150927807
Tokyo,35.6762,139.6503,2024-11-28 11:21:48.995285,7.189684597005295,10.042528996746386,421.0855822007975
Tokyo,35.6762,139.6503,2024-11-29 11:21:48.995285,7.4855280833383535,9.76269903927956,415.8353246713891
Tokyo,35.6762,139.6503,2024-11-30 11:21:48.995285,7.895656058299641,7.401986755002723,407.0429630222933
Tokyo,35.6762,139.6503,2024-12-01 11:21:48.995285,6.824733308625126,12.802962121222022,428.5020548139417
Tokyo,35.6762,139.6503,2024-12-02 11:21:48.995285,6.989718077879207,12.472040093680244,430.77664346955436
Tokyo,35.6762,139.6503,2024-12-03 11:21:48.995285,7.161786837169785,10.829020986135008,406.05898285675846
Tokyo,35.6762,139.6503,2024-12-04 11:21:48.995285,6.810187559415244,24.594010835539926,448.0511849601279
Tokyo,35.6762,139.6503,2024-12-05 11:21:48.995285,7.591423891515703,8.512079487039937,441.0791345607022
Tokyo,35.6762,139.6503,2024-12-06 11:21:48.995285,7.1719621818537505,9.931310641814516,370.56925599561873
Tokyo,35.6762,139.6503,2024-12-07 11:21:48.995285,7.248782809350419,13.040058982754154,390.4937271815446
Tokyo,35.6762,139.6503,2024-12-08 11:21:48.995285,7.448069250709664,11.774039100513024,366.82780190745274
Tokyo,35.6762,139.6503,2024-12-09 11:21:48.995285,7.171315393449836,8.290052097817384,406.27336486131423
Tokyo,35.6762,139.6503,2024-12-10 11:21:48.995285,6.872984348729654,12.16821461687097,389.37354391070403
Tokyo,35.6762,139.6503,2024-12-11 11:21:48.995285,7.174791904680613,9.76411900606133,398.13775366923693
Tokyo,35.6762,139.6503,2024-12-12 11:21:48.995285,6.857527456194645,10.480181670257155,437.05742416847187
Tokyo,35.6762,139.6503,2024-12-13 11:21:48.995285,7.2431923556465945,13.549824333505233,380.9669018899166
Tokyo,35.6762,139.6503,2024-12-14 11:21:48.995285,7.598775088320719,13.21862266553223,419.47085980032193
Tokyo,35.6762,139.6503,2024-12-15 11:21:48.995285,6.730008683091068,13.954580376532704,420.1573349584269
Tokyo,35.6762,139.6503,2024-12-16 11:21:48.995285,6.587051599423163,11.80235567628494,416.83844139349077
Tokyo,35.6762,139.6503,2024-12-17 11:21:48.995285,7.21969997436787,13.69436614695041,421.8987439517758
Tokyo,35.6762,139.6503,2024-12-18 11:21:48.995285,6.892880153302437,10.835167418503751,375.4287652519834
Tokyo,35.6762,139.6503,2024-12-19 11:21:48.995285,7.212698109764788,11.570836143850999,404.668589814662
Tokyo,35.6762,139.6503,2024-12-20 11:21:48.995285,7.32816140824388,11.511291513942576,452.49879693266934
Tokyo,35.6762,139.6503,2024-12-21 11:21:48.995285,6.342525508428585,12.288876745151041,398.4740453768269
Tokyo,35.6762,139.6503,2024-12-22 11:21:48.995285,7.475939771063417,29.23430754567029,456.50972981642656
Tokyo,35.6762,139.6503,2024-12-23 11:21:48.995285,6.7321325988179,11.94365939433222,395.8002437702213
Tokyo,35.6762,139.6503,2024-12-24 11:21:48.995285,7.191060819774124,15.372192353837363,394.14796485975245
Tokyo,35.6762,139.6503,2024-12-25 11:21:48.995285,6.936247065824628,10.358298395637654,406.3979708473233
Tokyo,35.6762,139.6503,2024-12-26 11:21:48.995285,6.979217194086282,9.958435472997685,448.75243973401587
Tokyo,35.6762,139.6503,2024-12-27 11:21:48.995285,7.877583175847196,10.192649202367043,415.97784198192744
Tokyo,35.6762,139.6503,2024-12-28 11:21:48.995285,7.3277070083182645,18.08589545398738,434.52990542716384
Tokyo,35.6762,139.6503,2024-12-29 11:21:48.995285,7.561875361181436,13.763212743196343,429.80782625489996
Tokyo,35.6762,139.6503,2024-12-30 11:21:48.995285,7.260376541681097,12.363470598586238,427.9507700180837
Tokyo,35.6762,139.6503,2024-12-31 11:21:48.995285,7.448005429861982,13.11027426082009,455.21869620018964
Tokyo,35.6762,139.6503,2025-01-01 11:21:48.995285,7.366951344857381,13.497663149069266,445.85420232549706
Tokyo,35.6762,139.6503,2025-01-02 11:21:48.995285,7.30178245787473,11.829333790745578,408.24427347879583
Tokyo,35.6762,139.6503,2025-01-03 11:21:48.995285,7.642862363665872,12.14272800703268,426.2601993726756
Tokyo,35.6762,139.6503,2025-01-04 11:21:48.995285,7.262602181537709,12.927781540770846,467.3002744523657
Tokyo,35.6762,139.6503,2025-01-05 11:21:48.995285,8.114059428887082,11.858662914741577,439.4729666954726
Tokyo,35.6762,139.6503,2025-01-06 11:21:48.995285,7.584212629124975,12.57834888012235,403.56526165982086
Tokyo,35.6762,139.6503,2025-01-07 11:21:48.995285,6.744183720904124,14.141446990779025,405.6118603136475
Tokyo,35.6762,139.6503,2025-01-08 11:21:48.995285,7.129380116406807,11.502985276018038,452.7758225239068
Tokyo,35.6762,139.6503,2025-01-09 11:21:48.995285,7.358831039796268,18.77818195330458,449.63157745761
Tokyo,35.6762,139.6503,2025-01-10 11:21:48.995285,7.217798734284815,15.12453341325196,417.75489041204895
Tokyo,35.6762,139.6503,2025-01-11 11:21:48.995285,7.474749367588867,11.136915637794624,451.7234547276862
Tokyo,35.6762,139.6503,2025-01-12 11:21:48.995285,7.518806681933549,8.779053420281553,469.3364471192127
Tokyo,35.6762,139.6503,2025-01-13 11:21:48.995285,6.656165205680415,12.416522472117254,467.0724672171402
Tokyo,35.6762,139.6503,2025-01-14 11:21:48.995285,7.712431017886598,15.215795433634185,470.556302080646
Tokyo,35.6762,139.6503,2025-01-15 11:21:48.995285,7.001273013805583,14.882419044254087,450.12456805479485
Tokyo,35.6762,139.6503,2025-01-16 11:21:48.995285,6.961638197654097,13.73303126308666,435.9940864552411
Tokyo,35.6762,139.6503,2025-01-17 11:21:48.995285,6.960351042917784,12.803920518587212,432.0184527993971
Tokyo,35.6762,139.6503,2025-01-18 11:21:48.995285,7.523430562396234,12.249432547052944,440.2292151781112
Tokyo,35.6762,139.6503,2025-01-19 11:21:48.995285,7.093172920740885,13.302216624293056,423.5533615759834
Tokyo,35.6762,139.6503,2025-01-20 11:21:48.995285,6.934579342264917,12.131093184173835,434.3725568279098
Tokyo,35.6762,139.6503,2025-01-21 11:21:48.995285,7.030416337022586,13.405336515755494,1402.5999457430278
Tokyo,35.6762,139.6503,2025-01-22 11:21:48.995285,6.4821233364336495,16.910987329283284,410.3094344076265
Tokyo,35.6762,139.6503,2025-01-23 11:21:48.995285,6.8631344944194055,12.751340192880216,412.12480339996176
Tokyo,35.6762,139.6503,2025-01-24 11:21:48.995285,6.70416658053876,15.55904433975196,459.98342982484843
Tokyo,35.6762,139.6503,2025-01-25 11:21:48.995285,7.092332267801644,15.906306151689622,436.79112676354265
Tokyo,35.6762,139.6503,2025-01-26 11:21:48.995285,7.465677308109437,12.261134912644986,405.6905150060015
Tokyo,35.6762,139.6503,2025-01-27 11:21:48.995285,7.421550360373291,12.773162983178736,443.3723841961686
Tokyo,35.6762,139.6503,2025-01-28 11:21:48.995285,7.702700199018634,16.636041222234795,440.89911178634003
Tokyo,35.6762,139.6503,2025-01-29 11:21:48.995285,7.613590326918649,12.683540984711783,436.72900111030515
Tokyo,35.6762,139.6503,2025-01-30 11:21:48.995285,6.9885613140326495,14.455668442505061,459.42051993889635
Tokyo,35.6762,139.6503,2025-01-31 11:21:48.995285,7.207628560301486,18.684824082920223,419.3846530099998
Tokyo,35.6762,139.6503,2025-02-01 11:21:48.995285,7.186977562311433,16.59737293201871,446.6367924761517
Tokyo,35.6762,139.6503,2025-02-02 11:21:48.995285,6.339578926911245,14.839647047585759,442.4724115488975
Tokyo,35.6762,139.6503,2025-02-03 11:21:48.995285,6.713096185236102,16.380741438771985,447.74930745532885
Tokyo,35.6762,139.6503,2025-02-04 11:21:48.995285,7.133085329139555,14.616137766507677,412.6360962086227
Tokyo,35.6762,139.6503,2025-02-05 11:21:48.995285,7.130841425943677,16.791746247882717,437.0998480519575
Tokyo,35.6762,139.6503,2025-02-06 11:21:48.995285,7.404930021682067,10.688643270266585,448.20712515033983
Tokyo,35.6762,139.6503,2025-02-07 11:21:48.995285,7.385456651814339,14.527116926611614,458.879681919573
Tokyo,35.6762,139.6503,2025-02-08 11:21:48.995285,6.491722999160106,10.65601987508863,485.21492699099275
Tokyo,35.6762,139.6503,2025-02-09 11:21:48.995285,7.407438693783012,15.173029985721193,464.62216386735577
Tokyo,35.6762,139.6503,2025-02-10 11:21:48.995285,7.271434882581506,43.19443943795011,457.9281267712893
Tokyo,35.6762,139.6503,2025-02-11 11:21:48.995285,7.449349272657852,17.610701400812946,474.3219129208904
Tokyo,35.6762,139.6503,2025-02-12 11:21:48.995285,7.626746235056636,16.33018708855338,442.98887458271577
Tokyo,35.6762,139.6503,2025-02-13 11:21:48.995285,7.142846810884811,13.870193708680329,480.30225411030176
Tokyo,35.6762,139.6503,2025-02-14 11:21:48.995285,7.698235294792032,14.124314698808202,471.7529279209416
Tokyo,35.6762,139.6503,2025-02-15 11:21:48.995285,6.844239818442782,15.711055535896326,440.5790689415184
Tokyo,35.6762,139.6503,2025-02-16 11:21:48.995285,6.8217047518511125,13.815989861983116,488.09021398556246
Tokyo,35.6762,139.6503,2025-02-17 11:21:48.995285,7.371508876054216,14.90634396170067,458.64960164283116
Tokyo,35.6762,139.6503,2025-02-18 11:21:48.995285,7.052492981877928,17.612991109765634,493.6553293285937
Tokyo,35.6762,139.6503,2025-02-19 11:21:48.995285,7.304653025847588,13.32836449848002,455.9298937410739
Tokyo,35.6762,139.6503,2025-02-20 11:21:48.995285,7.9971928479377965,14.096828373865028,438.6831738675655
Tokyo,35.6762,139.6503,2025-02-21 11:21:48.995285,7.35739802940159,14.381385365299783,434.611767694916
Tokyo,35.6762,139.6503,2025-02-22 11:21:48.995285,7.284867815545648,21.3149893622707,442.87355600433574
Tokyo,35.6762,139.6503,2025-02-23 11:21:48.995285,6.852311848539261,16.216439023695287,438.5736381462162
Tokyo,35.6762,139.6503,2025-02-24 11:21:48.995285,6.520008077350262,17.263719971369373,475.4236040719108
Tokyo,35.6762,139.6503,2025-02-25 11:21:48.995285,7.170981353890596,16.533982827193554,449.3978291433628
Tokyo,35.6762,139.6503,2025-02-26 11:21:48.995285,7.6267480986432785,16.665186309895766,417.6635323280035
Tokyo,35.6762,139.6503,2025-02-27 11:21:48.995285,7.070824797175731,15.936732878991537,454.15594436070336
Tokyo,35.6762,139.6503,2025-02-28 11:21:48.995285,7.360584999682148,15.713832908889035,452.3432059499142
Tokyo,35.6762,139.6503,2025-03-01 11:21:48.995285,7.7705989090874334,12.074037246566416,440.3831131316547
Tokyo,35.6762,139.6503,2025-03-02 11:21:48.995285,7.760606525292144,15.682013359022951,455.01468290305615
Tokyo,35.6762,139.6503,2025-03-03 11:21:48.995285,7.3715263550407135,14.738883135181357,448.6735145370948
Tokyo,35.6762,139.6503,2025-03-04 11:21:48.995285,7.268042591462938,16.034301756860692,462.10918685914834
Tokyo,35.6762,139.6503,2025-03-05 11:21:48.995285,6.59254678039877,14.78802241653826,460.796986271856
Tokyo,35.6762,139.6503,2025-03-06 11:21:48.995285,6.947922142329224,16.440961345355895,456.44438472698056
Tokyo,35.6762,139.6503,2025-03-07 11:21:48.995285,7.087697676792771,16.77793360052581,423.00356650687326
Tokyo,35.6762,139.6503,2025-03-08 11:21:48.995285,6.8590673554263395,9.055732703870312,491.1808620944646
Tokyo,35.6762,139.6503,2025-03-09 11:21:48.995285,7.299381305181106,13.992805346813391,1252.4585872944206
Tokyo,35.6762,139.6503,2025-03-10 11:21:48.995285,7.964659273394441,11.124915103344065,445.8227056149014
Tokyo,35.6762,139.6503,2025-03-11 11:21:48.995285,7.807104637064647,15.295241852104734,426.28486040123136
Tokyo,35.6762,139.6503,2025-03-12 11:21:48.995285,7.297551944732483,14.19217232922848,455.8626540825673
Tokyo,35.6762,139.6503,2025-03-13 11:21:48.995285,7.511773628809932,17.48006192432544,450.45216432766847
Tokyo,35.6762,139.6503,2025-03-14 11:21:48.995285,6.908558273857553,15.156297223662612,444.04275730820444
Tokyo,35.6762,139.6503,2025-03-15 11:21:48.995285,7.785635740267521,13.742745764024678,477.4935128482781
Tokyo,35.6762,139.6503,2025-03-16 11:21:48.995285,6.575213361621928,16.561549811168327,469.0139856583139
Tokyo,35.6762,139.6503,2025-03-17 11:21:48.995285,7.5651312644344655,14.01721473953501,439.99388969006833
Tokyo,35.6762,139.6503,2025-03-18 11:21:48.995285,7.39823588407991,13.62545849917813,462.29722894797976
Tokyo,35.6762,139.6503,2025-03-19 11:21:48.995285,6.89765624529823,15.37516895958068,477.17278645973875
Tokyo,35.6762,139.6503,2025-03-20 11:21:48.995285,7.116485297304825,17.778965930350022,467.55713229557006
Tokyo,35.6762,139.6503,2025-03-21 11:21:48.995285,6.746298918737576,16.22388282810307,442.4434184068842
Tokyo,35.6762,139.6503,2025-03-22 11:21:48.995285,6.763343980879108,15.613058384237497,412.9859465081551
Tokyo,35.6762,139.6503,2025-03-23 11:21:48.995285,6.563578399750428,19.942183680190794,450.89582422987183
Tokyo,35.6762,139.6503,2025-03-24 11:21:48.995285,7.507005560880285,12.935240947148692,457.3728169065566
Tokyo,35.6762,139.6503,2025-03-25 11:21:48.995285,7.682137987770672,12.849095919662394,428.1929779297957
Tokyo,35.6762,139.6503,2025-03-26 11:21:48.995285,6.33527685447463,14.606849601129044,443.6080117436564
Tokyo,35.6762,139.6503,2025-03-27 11:21:48.995285,7.935322206460603,17.301663616958564,441.0583523121708
Tokyo,35.6762,139.6503,2025-03-28 11:21:48.995285,7.195196705345264,12.34287333417611,470.016665583758
Tokyo,35.6762,139.6503,2025-03-29 11:21:48.995285,7.315941281950735,17.688772592219305,478.8725974827336
Tokyo,35.6762,139.6503,2025-03-30 11:21:48.995285,6.611034865765969,11.253526014802771,464.8219993422095
Tokyo,35.6762,139.6503,2025-03-31 11:21:48.995285,7.728330300065946,13.840254155787223,439.1157889087736
Tokyo,35.6762,139.6503,2025-04-01 11:21:48.995285,7.280100037266734,14.379331062942022,463.27832225500356
Tokyo,35.6762,139.6503,2025-04-02 11:21:48.995285,7.65553049590852,12.215650486277275,452.78490730573617
Tokyo,35.6762,139.6503,2025-04-03 11:21:48.995285,7.688343328259098,12.685780545529173,437.7845012263009
Tokyo,35.6762,139.6503,2025-04-04 11:21:48.995285,7.733949769088508,15.467681165506535,480.592007848418
Tokyo,35.6762,139.6503,2025-04-05 11:21:48.995285,6.940687689659119,16.702554548975183,423.4340618418771
Tokyo,35.6762,139.6503,2025-04-06 11:21:48.995285,7.116815196842718,9.534113412667999,449.71152088879126
Tokyo,35.6762,139.6503,2025-04-07 11:21:48.995285,6.9553191701081944,14.066582825161609,453.85231345350826
Tokyo,35.6762,139.6503,2025-04-08 11:21:48.995285,7.558038585096513,13.421169963200832,430.72790091384974
Tokyo,35.6762,139.6503,2025-04-09 11:21:48.995285,7.333155691745496,13.803177279627711,447.0666094413849
Tokyo,35.6762,139.6503,2025-04-10 11:21:48.995285,7.6276579456052955,12.894385099303486,454.18912550978183
Tokyo,35.6762,139.6503,2025-04-11 11:21:48.995285,7.645095521222893,10.885432195322233,439.5567497549072
Tokyo,35.6762,139.6503,2025-04-12 11:21:48.995285,6.509096203624437,16.488461003474324,443.4885817407064
Tokyo,35.6762,139.6503,2025-04-13 11:21:48.995285,7.7403080522215495,15.658978517729068,435.5118156696571
Tokyo,35.6762,139.6503,2025-04-14 11:21:48.995285,7.580344383106287,13.067803408251661,448.7082200909885
Tokyo,35.6762,139.6503,2025-04-15 11:21:48.995285,7.052310046725801,12.233647141236133,427.5231622779521
Tokyo,35.6762,139.6503,2025-04-16 11:21:48.995285,7.339917106611852,11.924932814967413,425.20218506193464
Tokyo,35.6762,139.6503,2025-04-17 11:21:48.995285,7.150532171366919,7.905116550187679,431.17543307514944
Tokyo,35.6762,139.6503,2025-04-18 11:21:48.995285,7.44642227145247,13.715760465329435,453.75458064521234
Tokyo,35.6762,139.6503,2025-04-19 11:21:48.995285,7.05144144771805,14.499573442068055,394.44199964120395
Tokyo,35.6762,139.6503,2025-04-20 11:21:48.995285,7.391570896467643,13.14466557174116,410.5012270609999
Tokyo,35.6762,139.6503,2025-04-21 11:21:48.995285,7.226922121863741,12.625273442851377,473.49486408621766
Tokyo,35.6762,139.6503,2025-04-22 11:21:48.995285,7.027122438601878,12.992969209676424,432.7657902625185
Tokyo,35.6762,139.6503,2025-04-23 11:21:48.995285,7.276054497960824,10.947198279294513,418.39578146884264
Tokyo,35.6762,139.6503,2025-04-24 11:21:48.995285,8.282587829395503,11.5812015003386,441.7001562605584
Tokyo,35.6762,139.6503,2025-04-25 11:21:48.995285,6.925785348069727,12.173543010764563,409.36155066824824
Tokyo,35.6762,139.6503,2025-04-26 11:21:48.995285,7.100022563495372,13.824716685073241,382.25785711153475
Tokyo,35.6762,139.6503,2025-04-27 11:21:48.995285,6.9327550401467875,15.113514284959543,430.653974338641
Tokyo,35.6762,139.6503,2025-04-28 11:21:48.995285,6.974713445788967,11.82123778159638,408.1796579945264
Tokyo,35.6762,139.6503,2025-04-29 11:21:48.995285,7.526309741354144,10.113022846621643,424.05373478012274
Tokyo,35.6762,139.6503,2025-04-30 11:21:48.995285,7.486352983854427,12.196295281374633,427.8380327952471
Tokyo,35.6762,139.6503,2025-05-01 11:21:48.995285,7.197654598671476,16.06976201925595,423.31012133209657
Tokyo,35.6762,139.6503,2025-05-02 11:21:48.995285,7.610518634107645,10.052338513014865,385.49960559058366
Tokyo,35.6762,139.6503,2025-05-03 11:21:48.995285,7.517377318197724,13.66022132028545,419.4110151119464
Tokyo,35.6762,139.6503,2025-05-04 11:21:48.995285,7.135066325589515,14.480489765890049,426.9777253637765
Tokyo,35.6762,139.6503,2025-05-05 11:21:48.995285,6.586454103282318,11.008031843702696,389.2794303690518
Tokyo,35.6762,139.6503,2025-05-06 11:21:48.995285,7.5319132031796014,10.24559325568457,386.0869529342958
Tokyo,35.6762,139.6503,2025-05-07 11:21:48.995285,7.26786584840079,12.71544857034564,394.2748603297034
Tokyo,35.6762,139.6503,2025-05-08 11:21:48.995285,7.208889385480237,12.189997641975785,1289.3128072166378
Tokyo,35.6762,139.6503,2025-05-09 11:21:48.995285,7.013580791996114,12.790701718637854,374.04521883020936
Tokyo,35.6762,139.6503,2025-05-10 11:21:48.995285,7.497859579646526,15.465746326619644,429.7787516592874
Tokyo,35.6762,139.6503,2025-05-11 11:21:48.995285,7.3393985009714005,11.569204009157806,420.19222398985136
Tokyo,35.6762,139.6503,2025-05-12 11:21:48.995285,7.105268782879081,8.767078653240857,406.3652445008923
Tokyo,35.6762,139.6503,2025-05-13 11:21:48.995285,6.7098181811124356,11.20088458153583,381.0634525239816
Tokyo,35.6762,139.6503,2025-05-14 11:21:48.995285,7.627171640752031,11.466478037378645,393.90429359185447
Tokyo,35.6762,139.6503,2025-05-15 11:21:48.995285,7.441962089262351,13.433170202804309,424.6264103264908
Tokyo,35.6762,139.6503,2025-05-16 11:21:48.995285,7.302161159978239,10.42050627383718,433.2748546837931
Tokyo,35.6762,139.6503,2025-05-17 11:21:48.995285,6.137290401954401,9.910860317208606,386.66270349316846
Tokyo,35.6762,139.6503,2025-05-18 11:21:48.995285,7.184842297153576,7.901352894929726,429.27467907830464
Tokyo,35.6762,139.6503,2025-05-19 11:21:48.995285,7.103518518609735,11.653120619736736,419.30045501024733
Tokyo,35.6762,139.6503,2025-05-20 11:21:48.995285,6.952601725978264,17.169098120163945,404.5900935355643
Tokyo,35.6762,139.6503,2025-05-21 11:21:48.995285,7.501694111425714,9.941750428159438,389.1122213688651
Tokyo,35.6762,139.6503,2025-05-22 11:21:48.995285,7.485944013666911,11.204976295872864,391.3828634426899
Tokyo,35.6762,139.6503,2025-05-23 11:21:48.995285,7.374729886876955,9.119445458392727,438.60956397331256
Tokyo,35.6762,139.6503,2025-05-24 11:21:48.995285,7.615156365907097,7.566522361143983,404.85975829561784
Tokyo,35.6762,139.6503,2025-05-25 11:21:48.995285,6.791080594386463,10.911506862844504,427.0277166846526
Tokyo,35.6762,139.6503,2025-05-26 11:21:48.995285,7.018538377292278,10.013341582430945,404.40080982132844
Tokyo,35.6762,139.6503,2025-05-27 11:21:48.995285,7.229916905274322,5.09979951273269,389.6551194768147
Tokyo,35.6762,139.6503,2025-05-28 11:21:48.995285,6.9511991923088345,13.004946266457587,409.53069195847615
Tokyo,35.6762,139.6503,2025-05-29 11:21:48.995285,7.490867688681417,10.530862365845268,440.14603757330826
Tokyo,35.6762,139.6503,2025-05-30 11:21:48.995285,6.991119660747322,9.760858704039892,383.2483428286049
Tokyo,35.6762,139.6503,2025-05-31 11:21:48.995285,7.719348001778702,8.683362522729386,413.55054057808707
Tokyo,35.6762,139.6503,2025-06-01 11:21:48.995285,6.827536239299924,10.252293185377713,398.22722928966783
Tokyo,35.6762,139.6503,2025-06-02 11:21:48.995285,8.052793459800247,10.259051017569165,364.57223079992474
Tokyo,35.6762,139.6503,2025-06-03 11:21:48.995285,8.01171894224097,10.073646762854052,363.2725632972079
Tokyo,35.6762,139.6503,2025-06-04 11:21:48.995285,7.162098741473862,11.321951024314396,382.81997441430326
Tokyo,35.6762,139.6503,2025-06-05 11:21:48.995285,7.658468180370299,11.691709539038879,397.9614423965403
Tokyo,35.6762,139.6503,2025-06-06 11:21:48.995285,7.039828775796558,13.02782167826891,407.73381490409145
Tokyo,35.6762,139.6503,2025-06-07 11:21:48.995285,7.605314599292538,7.258711057903577,357.9056931483855
Tokyo,35.6762,139.6503,2025-06-08 11:21:48.995285,7.129608667417292,7.701628621312506,401.53866689161214
Tokyo,35.6762,139.6503,2025-06-09 11:21:48.995285,6.685824040596606,9.4872534316786,385.28128586534916
Tokyo,35.6762,139.6503,2025-06-10 11:21:48.995285,5.786872724928441,7.1234908188843935,386.8830009942506
Tokyo,35.6762,139.6503,2025-06-11 11:21:48.995285,7.092514621571756,7.362816479259477,397.7607031606961
Tokyo,35.6762,139.6503,2025-06-12 11:21:48.995285,7.311625003474117,9.46689506664581,1260.259396316016
Tokyo,35.6762,139.6503,2025-06-13 11:21:48.995285,7.732126570414486,10.236149505280567,390.4174839613306
Tokyo,35.6762,139.6503,2025-06-14 11:21:48.995285,7.214650012860556,10.904813494435075,356.3948362345927
Tokyo,35.6762,139.6503,2025-06-15 11:21:48.995285,7.601164053887036,7.886709609131132,378.97753410787885
Tokyo,35.6762,139.6503,2025-06-16 11:21:48.995285,7.01842338111139,9.117737273427103,398.95699392644127
Tokyo,35.6762,139.6503,2025-06-17 11:21:48.995285,7.065088412187422,25.79092693730315,398.8154696781327
Tokyo,35.6762,139.6503,2025-06-18 11:21:48.995285,7.621614273011434,8.067363507077639,393.6369736489828
Tokyo,35.6762,139.6503,2025-06-19 11:21:48.995285,6.214130206132292,6.32120187550586,369.33157895243755
Tokyo,35.6762,139.6503,2025-06-20 11:21:48.995285,7.205193531561166,5.988576121747187,351.39347704917645
Tokyo,35.6762,139.6503,2025-06-21 11:21:48.995285,7.040015460177655,9.130755638159437,389.7642158989538
Tokyo,35.6762,139.6503,2025-06-22 11:21:48.995285,7.744244481940914,6.0548277726893005,352.9199281326184
Tokyo,35.6762,139.6503,2025-06-23 11:21:48.995285,6.988701482008072,4.090364811976627,390.30224494481047
Tokyo,35.6762,139.6503,2025-06-24 11:21:48.995285,7.406633987828038,7.505113817876174,389.5521518184582
Tokyo,35.6762,139.6503,2025-06-25 11:21:48.995285,7.568606787733878,10.40427153707062,365.58405059309064
Tokyo,35.6762,139.6503,2025-06-26 11:21:48.995285,6.602961602347836,1.8299871681162534,371.9476146495243
Tokyo,35.6762,139.6503,2025-06-27 11:21:48.995285,7.14425187669044,6.76968921288331,377.4370549342944
Tokyo,35.6762,139.6503,2025-06-28 11:21:48.995285,7.027345426365625,8.624227537949212,360.44168460654527
Tokyo,35.6762,139.6503,2025-06-29 11:21:48.995285,7.578517298731838,3.5550608215195165,344.38693619729014
Tokyo,35.6762,139.6503,2025-06-30 11:21:48.995285,7.470032736324877,6.704472828076214,370.52700106384566
Tokyo,35.6762,139.6503,2025-07-01 11:21:48.995285,7.106719187976327,4.782159249432549,371.91138959497323
Tokyo,35.6762,139.6503,2025-07-02 11:21:48.995285,6.781036779833579,4.977523455861615,397.1397441118149
Tokyo,35.6762,139.6503,2025-07-03 11:21:48.995285,7.615258678408036,6.11874058477932,353.5959285692764
Tokyo,35.6762,139.6503,2025-07-04 11:21:48.995285,7.172938889360488,4.609890146756488,389.9317827458305
Tokyo,35.6762,139.6503,2025-07-05 11:21:48.995285,6.552649373733015,4.377125027513557,344.95587475964305
Tokyo,35.6762,139.6503,2025-07-06 11:21:48.995285,6.587047840412031,6.605754710870566,340.3501381455704
Tokyo,35.6762,139.6503,2025-07-07 11:21:48.995285,7.375053372029191,11.113958800003706,360.57955789513784
Tokyo,35.6762,139.6503,2025-07-08 11:21:48.995285,6.689677522893793,8.111619587510633,347.1431493139548
Tokyo,35.6762,139.6503,2025-07-09 11:21:48.995285,7.9438589974414455,8.554659399641825,338.16362250808226
Tokyo,35.6762,139.6503,2025-07-10 11:21:48.995285,6.825171886256268,8.066606826301802,403.6074258109366
Tokyo,35.6762,139.6503,2025-07-11 11:21:48.995285,7.19985570985709,5.016588206261758,355.08320158908305
Tokyo,35.6762,139.6503,2025-07-12 11:21:48.995285,7.2636447864641225,6.973876687799883,409.7481940308006
Tokyo,35.6762,139.6503,2025-07-13 11:21:48.995285,6.908248904305262,8.48927846764169,343.04422347959866
Tokyo,35.6762,139.6503,2025-07-14 11:21:48.995285,6.304069187768812,7.893340797903541,328.1957272907396
Tokyo,35.6762,139.6503,2025-07-15 11:21:48.995285,7.2763580390464915,6.5696589507840555,387.63136373903933
Tokyo,35.6762,139.6503,2025-07-16 11:21:48.995285,6.8987040039590966,7.165672781552585,346.722665286443
Tokyo,35.6762,139.6503,2025-07-17 11:21:48.995285,7.246615371046578,10.997498654944732,363.49482321004064
Tokyo,35.6762,139.6503,2025-07-18 11:21:48.995285,7.151067579104517,7.697972115399615,333.07818711061157
Tokyo,35.6762,139.6503,2025-07-19 11:21:48.995285,7.305316499228722,5.337281553999979,358.9137398453519
Tokyo,35.6762,139.6503,2025-07-20 11:21:48.995285,7.824748048262424,5.769235730241228,331.74057603056235
Tokyo,35.6762,139.6503,2025-07-21 11:21:48.995285,6.9815267949091515,3.7599262131975593,357.20414210958523
Tokyo,35.6762,139.6503,2025-07-22 11:21:48.995285,7.012462138263002,10.51444449879941,348.72507523929863
Tokyo,35.6762,139.6503,2025-07-23 11:21:48.995285,6.533681078898444,8.98149416412177,362.3429017400689
Tokyo,35.6762,139.6503,2025-07-24 11:21:48.995285,7.121926419560283,5.894815223795095,369.7977189346849
Tokyo,35.6762,139.6503,2025-07-25 11:21:48.995285,7.363947995709987,10.045929597283996,361.66449358148884
Tokyo,35.6762,139.6503,2025-07-26 11:21:48.995285,7.0066020489715894,6.906268496363346,1096.3068447233306
Tokyo,35.6762,139.6503,2025-07-27 11:21:48.995285,7.366572200162197,4.738246144900686,353.81873629333273
Tokyo,35.6762,139.6503,2025-07-28 11:21:48.995285,7.1289965898043235,7.3726184678921305,346.8907598372126
Tokyo,35.6762,139.6503,2025-07-29 11:21:48.995285,6.679093504812404,6.318090489918759,364.61040911904587
Tokyo,35.6762,139.6503,2025-07-30 11:21:48.995285,7.324794028473242,7.1589345449293775,352.6032535662021
Tokyo,35.6762,139.6503,2025-07-31 11:21:48.995285,7.117667146573993,2.7087931302164843,353.00357285300635
Tokyo,35.6762,139.6503,2025-08-01 11:21:48.995285,7.2491031285637435,11.37436066592548,362.0757180059676
Tokyo,35.6762,139.6503,2025-08-02 11:21:48.995285,6.973220046715833,8.355488049280883,333.121151929895
Tokyo,35.6762,139.6503,2025-08-03 11:21:48.995285,6.937838990803642,8.732655327938215,382.05602532998967
Tokyo,35.6762,139.6503,2025-08-04 11:21:48.995285,7.262964323021186,8.145818722458952,348.16880107410316
Tokyo,35.6762,139.6503,2025-08-05 11:21:48.995285,7.107760035183146,9.723488090221611,355.34557514988035
Tokyo,35.6762,139.6503,2025-08-06 11:21:48.995285,7.889711299667706,6.412928696366868,351.69153204077986
Tokyo,35.6762,139.6503,2025-08-07 11:21:48.995285,7.519492204864466,6.245761742508634,365.37081324652013
Tokyo,35.6762,139.6503,2025-08-08 11:21:48.995285,7.418001703787075,3.379997112615893,358.847742570052
Tokyo,35.6762,139.6503,2025-08-09 11:21:48.995285,7.129007679399434,4.021584375486647,350.8279936344027
Tokyo,35.6762,139.6503,2025-08-10 11:21:48.995285,6.389590620609397,1.1837892402605759,380.5781931715342
Tokyo,35.6762,139.6503,2025-08-11 11:21:48.995285,6.876962028952929,4.496436992119281,287.3271779844532
Tokyo,35.6762,139.6503,2025-08-12 11:21:48.995285,6.941082618966273,1.0028950691716627,376.0529600777205
Tokyo,35.6762,139.6503,2025-08-13 11:21:48.995285,7.090006245484035,7.263863883499939,369.42362352154464
Tokyo,35.6762,139.6503,2025-08-14 11:21:48.995285,7.186656200244019,5.862164977200994,314.137339744952
Tokyo,35.6762,139.6503,2025-08-15 11:21:48.995285,7.4624299861941985,1.0179207573886684,369.2882568561535
Tokyo,35.6762,139.6503,2025-08-16 11:21:48.995285,7.309258224428026,4.676884664511334,371.73546939957373
Tokyo,35.6762,139.6503,2025-08-17 11:21:48.995285,7.663681276587962,8.979740924729727,361.6795665979484
Tokyo,35.6762,139.6503,2025-08-18 11:21:48.995285,7.075239210592301,4.782383451991441,319.1554086630009
Tokyo,35.6762,139.6503,2025-08-19 11:21:48.995285,7.302865177668065,3.027731557220528,363.89778879624964
Tokyo,35.6762,139.6503,2025-08-20 11:21:48.995285,7.33753769111152,1.4457009526186684,370.3109920323301
Tokyo,35.6762,139.6503,2025-08-21 11:21:48.995285,7.298290513743436,1.499120970785262,338.660012061113
Tokyo,35.6762,139.6503,2025-08-22 11:21:48.995285,7.712756099176057,6.076761357786836,358.87869134046946
Tokyo,35.6762,139.6503,2025-08-23 11:21:48.995285,7.521509729098877,4.1345233519137246,342.9585280552431
Tokyo,35.6762,139.6503,2025-08-24 11:21:48.995285,6.672238712199431,4.298428423527434,367.71170687759997
Tokyo,35.6762,139.6503,2025-08-25 11:21:48.995285,7.154267560376264,4.1405529744311105,343.7303293086356
Tokyo,35.6762,139.6503,2025-08-26 11:21:48.995285,7.194410527108082,4.720677591171059,338.4092256440852
Tokyo,35.6762,139.6503,2025-08-27 11:21:48.995285,8.060616425478003,2.549423946395487,349.25156858462145
Tokyo,35.6762,139.6503,2025-08-28 11:21:48.995285,7.068083527501813,5.640032881600936,323.24518653255467
Tokyo,35.6762,139.6503,2025-08-29 11:21:48.995285,6.807006438665527,2.1679626469458335,347.362111679945
Tokyo,35.6762,139.6503,2025-08-30 11:21:48.995285,7.375330171790658,3.508720103181597,357.4459049398058
Tokyo,35.6762,139.6503,2025-08-31 11:21:48.995285,7.398794287849512,7.0505658608604875,367.68829004262943
Tokyo,35.6762,139.6503,2025-09-01 11:21:48.995285,7.170490854508123,5.791298952360716,355.36802430186737
Tokyo,35.6762,139.6503,2025-09-02 11:21:48.995285,7.111895598811644,6.4217012169659995,321.8513425039044
Tokyo,35.6762,139.6503,2025-09-03 11:21:48.995285,7.579561582424835,9.36402957366584,377.67795064489593
Tokyo,35.6762,139.6503,2025-09-04 11:21:48.995285,6.858560738296072,4.958322895630544,379.4994792898801
Tokyo,35.6762,139.6503,2025-09-05 11:21:48.995285,7.063618662852586,5.136388168691909,353.1860215918352
Tokyo,35.6762,139.6503,2025-09-06 11:21:48.995285,6.991140055154645,4.582116380771035,336.0687505017441
Tokyo,35.6762,139.6503,2025-09-07 11:21:48.995285,7.6375578390482355,4.242669429353603,340.6626185121481
Tokyo,35.6762,139.6503,2025-09-08 11:21:48.995285,7.314197681314537,3.128498735954892,347.4263559530629
Tokyo,35.6762,139.6503,2025-09-09 11:21:48.995285,6.774002361071492,5.33942993411743,357.2863722412104
Tokyo,35.6762,139.6503,2025-09-10 11:21:48.995285,6.814197442694892,5.904448293830809,345.8538051761902
Tokyo,35.6762,139.6503,2025-09-11 11:21:48.995285,7.949366049444861,6.040366545426263,335.02050799238117
Tokyo,35.6762,139.6503,2025-09-12 11:21:48.995285,7.633287099242816,5.373445072258388,372.9073718695711
Tokyo,35.6762,139.6503,2025-09-13 11:21:48.995285,7.536620112609392,7.12435967250425,357.86589839012487
Tokyo,35.6762,139.6503,2025-09-14 11:21:48.995285,7.204898776389337,5.359593091775298,331.95975665418626
Tokyo,35.6762,139.6503,2025-09-15 11:21:48.995285,7.803389296048164,4.512210079417451,359.13434768456955
Tokyo,35.6762,139.6503,2025-09-16 11:21:48.995285,6.7586380856086965,3.5083152181549817,356.8603323966218
Tokyo,35.6762,139.6503,2025-09-17 11:21:48.995285,7.501187004881796,2.2971931382609694,339.5903773752804
Tokyo,35.6762,139.6503,2025-09-18 11:21:48.995285,7.022690597389775,8.350190414946303,378.19459578295306
Tokyo,35.6762,139.6503,2025-09-19 11:21:48.995285,7.100442672137908,4.066821685012158,357.3470934884145
Tokyo,35.6762,139.6503,2025-09-20 11:21:48.995285,7.490315705932955,3.6505113651641974,1052.0580710272334
Tokyo,35.6762,139.6503,2025-09-21 11:21:48.995285,7.1425769965273975,4.705016811048311,353.73129771551413
Tokyo,35.6762,139.6503,2025-09-22 11:21:48.995285,7.026120056215497,5.0228848772155885,364.67496041992837
Tokyo,35.6762,139.6503,2025-09-23 11:21:48.995285,7.00193694076483,8.89756634608433,354.7617464521858
Tokyo,35.6762,139.6503,2025-09-24 11:21:48.995285,6.40546170179555,5.006424020169673,355.0163088027426
Tokyo,35.6762,139.6503,2025-09-25 11:21:48.995285,7.505281447710263,10.972947339424273,378.38110345271747
Tokyo,35.6762,139.6503,2025-09-26 11:21:48.995285,6.797347970880483,5.878308951668727,329.1410588738783
Tokyo,35.6762,139.6503,2025-09-27 11:21:48.995285,7.943363762263711,9.910964469770123,332.93801692637686
Tokyo,35.6762,139.6503,2025-09-28 11:21:48.995285,7.084954980074003,7.632005431032404,373.9807358815483
Tokyo,35.6762,139.6503,2025-09-29 11:21:48.995285,7.723775918978383,6.614692073177451,407.2431680765519
Tokyo,35.6762,139.6503,2025-09-30 11:21:48.995285,6.476387586926927,9.09800097143817,376.95295605267296
Tokyo,35.6762,139.6503,2025-10-01 11:21:48.995285,7.492593208479439,8.237654147007214,397.21612151272063
Tokyo,35.6762,139.6503,2025-10-02 11:21:48.995285,7.595422293004725,7.314629884588291,351.7652848878466
Tokyo,35.6762,139.6503,2025-10-03 11:21:48.995285,7.721425453745773,10.733708764189505,348.24358387970483
Tokyo,35.6762,139.6503,2025-10-04 11:21:48.995285,6.588784490885355,5.156140441673063,370.65992212072416
Tokyo,35.6762,139.6503,2025-10-05 11:21:48.995285,6.918912545165228,4.218643605683724,381.15768877261246
Tokyo,35.6762,139.6503,2025-10-06 11:21:48.995285,7.430603981102433,4.912678077893316,336.4203775895252
Tokyo,35.6762,139.6503,2025-10-07 11:21:48.995285,7.259376791537644,9.82746126534718,358.964781395204
Tokyo,35.6762,139.6503,2025-10-08 11:21:48.995285,7.317343857025534,9.283299850692629,363.27745473232335
Tokyo,35.6762,139.6503,2025-10-09 11:21:48.995285,7.055885357676267,5.391193089630355,350.83976457220376
Tokyo,35.6762,139.6503,2025-10-10 11:21:48.995285,7.8203194460222765,1.7934057895540318,353.78264711650274
Tokyo,35.6762,139.6503,2025-10-11 11:21:48.995285,8.243386179311926,6.153046091124219,382.5087476600005
Tokyo,35.6762,139.6503,2025-10-12 11:21:48.995285,7.241591969603636,4.601253288652727,375.6715086801692
Tokyo,35.6762,139.6503,2025-10-13 11:21:48.995285,7.381368498202101,5.7039549658096975,382.88729752507516
Tokyo,35.6762,139.6503,2025-10-14 11:21:48.995285,7.222497498249127,4.648034099333255,374.30601575570637
Tokyo,35.6762,139.6503,2025-10-15 11:21:48.995285,7.713621359618974,3.603762341591065,350.7632514184404
Tokyo,35.6762,139.6503,2025-10-16 11:21:48.995285,7.531646513702725,10.656174994457462,377.35972361474006
Tokyo,35.6762,139.6503,2025-10-17 11:21:48.995285,6.773447771745262,5.590279241537532,350.53429844669347
Tokyo,35.6762,139.6503,2025-10-18 11:21:48.995285,6.954919195802142,9.851702171714514,364.02859887127494
Tokyo,35.6762,139.6503,2025-10-19 11:21:48.995285,6.796281282797645,6.653256813037279,350.2350132309454
Tokyo,35.6762,139.6503,2025-10-20 11:21:48.995285,8.277928932878204,4.9048828094395205,359.4471563440268
Tokyo,35.6762,139.6503,2025-10-21 11:21:48.995285,7.454124713432828,8.255960214019904,374.18781128870927
Tokyo,35.6762,139.6503,2025-10-22 11:21:48.995285,6.9617255095560875,6.527860428442645,363.9499293331786
Tokyo,35.6762,139.6503,2025-10-23 11:21:48.995285,6.929779183750064,6.968719751845755,356.1659714312329
Tokyo,35.6762,139.6503,2025-10-24 11:21:48.995285,7.5220925091867645,7.746457149419014,397.32240223903636
Tokyo,35.6762,139.6503,2025-10-25 11:21:48.995285,7.561968059863654,5.906696577702735,372.919388144444
Tokyo,35.6762,139.6503,2025-10-26 11:21:48.995285,7.519243085233764,4.364058091180341,365.50474706555207
Tokyo,35.6762,139.6503,2025-10-27 11:21:48.995285,7.029777056540112,7.579709416017069,355.1745042408179
Tokyo,35.6762,139.6503,2025-10-28 11:21:48.995285,7.322337457765671,9.686688696565618,340.1486352101165
Tokyo,35.6762,139.6503,2025-10-29 11:21:48.995285,7.244366039053354,6.032939519424331,373.920280097856
Tokyo,35.6762,139.6503,2025-10-30 11:21:48.995285,6.8254958510246295,24.665869558409057,351.5759457989847
Tokyo,35.6762,139.6503,2025-10-31 11:21:48.995285,6.8294024628495915,11.003574351068526,394.16632972692037
Tokyo,35.6762,139.6503,2025-11-01 11:21:48.995285,7.364786017817254,7.892153194234266,381.30665357979024
Tokyo,35.6762,139.6503,2025-11-02 11:21:48.995285,7.278580432417463,8.323566029138352,412.68098843822906
Tokyo,35.6762,139.6503,2025-11-03 11:21:48.995285,7.421340684336885,8.342044096318912,386.777679355924
Tokyo,35.6762,139.6503,2025-11-04 11:21:48.995285,7.516409215477488,6.947696650243312,368.5906990751013
Tokyo,35.6762,139.6503,2025-11-05 11:21:48.995285,7.799753048999012,6.406942654671422,346.33636486801277
Tokyo,35.6762,139.6503,2025-11-06 11:21:48.995285,6.889638245553582,6.496869138076404,400.88481604202065
Tokyo,35.6762,139.6503,2025-11-07 11:21:48.995285,7.452094479490153,9.293954229611497,359.5969131452617
Tokyo,35.6762,139.6503,2025-11-08 11:21:48.995285,7.499679526611474,10.155953936194962,378.2392016694995
Tokyo,35.6762,139.6503,2025-11-09 11:21:48.995285,7.0751478349898225,10.333398001294764,420.7141001752889
Tokyo,35.6762,139.6503,2025-11-10 11:21:48.995285,7.248745273427708,8.049550462459326,400.286028680677
Tokyo,35.6762,139.6503,2025-11-11 11:21:48.995285,7.08537657732157,11.077009516840459,396.7012334404905
Tokyo,35.6762,139.6503,2025-11-12 11:21:48.995285,8.04343615334287,9.589205139677755,408.63122386897123
Tokyo,35.6762,139.6503,2025-11-13 11:21:48.995285,7.241941076176443,9.200350894365819,408.72966088594836
Tokyo,35.6762,139.6503,2025-11-14 11:21:48.995285,7.380602043484558,2.4648209538854413,423.0542714300095
Tokyo,35.6762,139.6503,2025-11-15 11:21:48.995285,7.094406281233115,7.593636673465829,380.24097195740853
Tokyo,35.6762,139.6503,2025-11-16 11:21:48.995285,7.008146173499684,6.271410334959122,385.6023783257215
Tokyo,35.6762,139.6503,2025-11-17 11:21:48.995285,6.679198935319329,10.653106789631455,375.5419051737986
Tokyo,35.6762,139.6503,2025-11-18 11:21:48.995285,7.639947449890133,9.674558176622888,394.1909623999487
Tokyo,35.6762,139.6503,2025-11-19 11:21:48.995285,7.507374998958641,7.42620323354255,393.05710547972376
Tokyo,35.6762,139.6503,2025-11-20 11:21:48.995285,7.079561422224086,10.26471298292372,361.4608339131725
Tokyo,35.6762,139.6503,2025-11-21 11:21:48.995285,6.839852038774423,6.894916931471034,384.3410014969463
Tokyo,35.6762,139.6503,2025-11-22 11:21:48.995285,7.271963410568057,7.740365745351102,427.06125010284205
Tokyo,35.6762,139.6503,2025-11-23 11:21:48.995285,7.000921277481212,25.480471672472824,404.02350408994994
Tokyo,35.6762,139.6503,2025-11-24 11:21:48.995285,7.111182972547152,11.080272643689733,414.3079723617343
Sydney,-33.8688,151.2093,2024-11-24 11:21:48.995285,6.791010348084788,11.357230491100752,404.7550843699613
Sydney,-33.8688,151.2093,2024-11-25 11:21:48.995285,6.975881643980591,11.544903874327758,398.6354498665567
Sydney,-33.8688,151.2093,2024-11-26 11:21:48.995285,6.710902709580479,7.336687069728292,408.41146829103974
Sydney,-33.8688,151.2093,2024-11-27 11:21:48.995285,6.953635606647575,11.059178693334362,414.5873512812043
Sydney,-33.8688,151.2093,2024-11-28 11:21:48.995285,6.452440811644551,8.332796262821844,379.5256270239939
Sydney,-33.8688,151.2093,2024-11-29 11:21:48.995285,7.170466820400754,9.519835980197389,385.45955450826364
Sydney,-33.8688,151.2093,2024-11-30 11:21:48.995285,7.4348474751712,10.866791026362812,361.58340096512796
Sydney,-33.8688,151.2093,2024-12-01 11:21:48.995285,6.661030013016523,10.528620620345594,398.59993609211
Sydney,-33.8688,151.2093,2024-12-02 11:21:48.995285,7.206808108249179,11.99483047262387,421.59905775800786
Sydney,-33.8688,151.2093,2024-12-03 11:21:48.995285,6.878139188729433,12.312943407004624,437.5409783053438
Sydney,-33.8688,151.2093,2024-12-04 11:21:48.995285,7.4675203341456955,12.547733399472632,412.3742945907373
Sydney,-33.8688,151.2093,2024-12-05 11:21:48.995285,6.274237163480439,8.252731662935899,436.875912763016
Sydney,-33.8688,151.2093,2024-12-06 11:21:48.995285,7.4847555392195995,15.750839023416852,417.93176546895063
Sydney,-33.8688,151.2093,2024-12-07 11:21:48.995285,6.472897361018792,33.18134948240725,413.24506406022863
Sydney,-33.8688,151.2093,2024-12-08 11:21:48.995285,7.116023861510643,13.619230537364169,399.7078207685939
Sydney,-33.8688,151.2093,2024-12-09 11:21:48.995285,6.91643275340692,6.248140780015738,365.064463895492
Sydney,-33.8688,151.2093,2024-12-10 11:21:48.995285,7.055718829276455,10.829133188143118,438.0616976210972
Sydney,-33.8688,151.2093,2024-12-11 11:21:48.995285,6.588243697289027,8.521047969061158,413.35962214319846
Sydney,-33.8688,151.2093,2024-12-12 11:21:48.995285,7.864055056205513,9.80187538336341,443.01199172882474
Sydney,-33.8688,151.2093,2024-12-13 11:21:48.995285,6.685374768955866,11.707459811629455,397.0708207075047
Sydney,-33.8688,151.2093,2024-12-14 11:21:48.995285,6.71693855760971,11.018115620928846,465.4525491811526
Sydney,-33.8688,151.2093,2024-12-15 11:21:48.995285,7.917928234034207,14.396414625144025,412.708061015493
Sydney,-33.8688,151.2093,2024-12-16 11:21:48.995285,7.329080654430266,15.386606708400066,404.6424472696769
Sydney,-33.8688,151.2093,2024-12-17 11:21:48.995285,6.69829739061576,9.994648605753971,414.99272938460064
Sydney,-33.8688,151.2093,2024-12-18 11:21:48.995285,7.148484929638462,11.031909615294145,423.48352790994375
Sydney,-33.8688,151.2093,2024-12-19 11:21:48.995285,7.1057082122856805,10.023791536597415,419.46164000909533
Sydney,-33.8688,151.2093,2024-12-20 11:21:48.995285,6.524939664970148,14.475678321587068,411.3321714449955
Sydney,-33.8688,151.2093,2024-12-21 11:21:48.995285,6.896694962392709,12.55923391814955,386.34261596436824
Sydney,-33.8688,151.2093,2024-12-22 11:21:48.995285,7.18944771524988,12.38241369443895,407.0909619626658
Sydney,-33.8688,151.2093,2024-12-23 11:21:48.995285,7.706567162335021,13.018602022033614,445.4254053953068
Sydney,-33.8688,151.2093,2024-12-24 11:21:48.995285,7.124468062709588,11.846535968701259,407.0943234985414
Sydney,-33.8688,151.2093,2024-12-25 11:21:48.995285,7.154541916954397,10.830414667587462,391.09457445065544
Sydney,-33.8688,151.2093,2024-12-26 11:21:48.995285,6.873933331615921,12.719187544409344,405.06078541291146
Sydney,-33.8688,151.2093,2024-12-27 11:21:48.995285,7.638356312483294,12.156009127616628,425.12733282013227
Sydney,-33.8688,151.2093,2024-12-28 11:21:48.995285,7.560928700600381,13.45622472038746,412.43734231374606
Sydney,-33.8688,151.2093,2024-12-29 11:21:48.995285,7.515733909192607,9.569551644415142,422.738346240372
Sydney,-33.8688,151.2093,2024-12-30 11:21:48.995285,7.244735546027833,13.276718532695586,413.070949579774
Sydney,-33.8688,151.2093,2024-12-31 11:21:48.995285,6.560570575238529,11.595141423197067,449.9312122759477
Sydney,-33.8688,151.2093,2025-01-01 11:21:48.995285,7.634667959537214,13.344994225402742,440.24083372172794
Sydney,-33.8688,151.2093,2025-01-02 11:21:48.995285,7.222931899175113,14.92041296094584,475.4615287526144
Sydney,-33.8688,151.2093,2025-01-03 11:21:48.995285,7.076563391405463,12.06466600222048,424.1371891124458
Sydney,-33.8688,151.2093,2025-01-04 11:21:48.995285,7.379383624757053,46.9097665101458,426.73389454696377
Sydney,-33.8688,151.2093,2025-01-05 11:21:48.995285,7.289675881531206,9.826647921192187,456.75177138295294
Sydney,-33.8688,151.2093,2025-01-06 11:21:48.995285,6.772320802575241,16.4598757552075,441.5423486455723
Sydney,-33.8688,151.2093,2025-01-07 11:21:48.995285,7.0716808554055826,15.912251940814162,415.5225047571347
Sydney,-33.8688,151.2093,2025-01-08 11:21:48.995285,6.438362883033735,11.724112363437314,446.10134272905475
Sydney,-33.8688,151.2093,2025-01-09 11:21:48.995285,7.234410653839583,11.801832287178755,443.5134090603491
Sydney,-33.8688,151.2093,2025-01-10 11:21:48.995285,7.732051106920456,10.628308285301129,400.3062841522808
Sydney,-33.8688,151.2093,2025-01-11 11:21:48.995285,6.48175394501261,15.519842699061208,423.7446371499417
Sydney,-33.8688,151.2093,2025-01-12 11:21:48.995285,7.251451227924591,13.074038813118381,441.1550081860201
Sydney,-33.8688,151.2093,2025-01-13 11:21:48.995285,7.467391413517809,12.9839892422752,466.8408845688091
Sydney,-33.8688,151.2093,2025-01-14 11:21:48.995285,7.526542793489787,11.601444208942508,452.4307102300693
Sydney,-33.8688,151.2093,2025-01-15 11:21:48.995285,6.901524095671649,17.52542704422473,427.73390027089886
Sydney,-33.8688,151.2093,2025-01-16 11:21:48.995285,6.759107708133999,12.009206424484141,425.3832447476569
Sydney,-33.8688,151.2093,2025-01-17 11:21:48.995285,6.965179213950987,14.055137718323856,456.0227192869284
Sydney,-33.8688,151.2093,2025-01-18 11:21:48.995285,7.676348411983781,14.489634714488194,392.0504250270499
Sydney,-33.8688,151.2093,2025-01-19 11:21:48.995285,6.516177741870415,13.31004040082746,424.92220119445915
Sydney,-33.8688,151.2093,2025-01-20 11:21:48.995285,6.713613201979276,12.954071700578865,469.744691365793
Sydney,-33.8688,151.2093,2025-01-21 11:21:48.995285,7.016492206189687,13.46456913942547,447.96726986638487
Sydney,-33.8688,151.2093,2025-01-22 11:21:48.995285,6.809731512835145,15.37975212314363,427.31763153181777
Sydney,-33.8688,151.2093,2025-01-23 11:21:48.995285,7.183330905834385,13.599705481355269,418.8965294037835
Sydney,-33.8688,151.2093,2025-01-24 11:21:48.995285,7.765810375771502,17.588373148247044,460.16751109626284
Sydney,-33.8688,151.2093,2025-01-25 11:21:48.995285,6.718472621276703,12.825381154114025,445.35081218907226
Sydney,-33.8688,151.2093,2025-01-26 11:21:48.995285,7.141453529400893,15.928551055057504,439.82916630266453
Sydney,-33.8688,151.2093,2025-01-27 11:21:48.995285,7.19669961223981,10.947109308628622,452.0786784694213
Sydney,-33.8688,151.2093,2025-01-28 11:21:48.995285,7.066165500572816,12.94430427858924,448.2735044755501
Sydney,-33.8688,151.2093,2025-01-29 11:21:48.995285,6.568630009567512,12.90248473185475,447.1088067877075
Sydney,-33.8688,151.2093,2025-01-30 11:21:48.995285,6.9448697911292445,12.362812874599348,419.222659030809
Sydney,-33.8688,151.2093,2025-01-31 11:21:48.995285,6.9460654593800815,15.171801453094382,425.5200613192867
Sydney,-33.8688,151.2093,2025-02-01 11:21:48.995285,7.453401582255031,14.417334030711691,461.34269290084814
Sydney,-33.8688,151.2093,2025-02-02 11:21:48.995285,7.367831719079402,10.111530708408814,457.87489011471104
Sydney,-33.8688,151.2093,2025-02-03 11:21:48.995285,6.579241700187681,18.6903511682145,454.63520141266775
Sydney,-33.8688,151.2093,2025-02-04 11:21:48.995285,7.045145456793288,15.080014325823239,435.5495661144654
Sydney,-33.8688,151.2093,2025-02-05 11:21:48.995285,6.999897916726498,14.757637290507258,462.8566243900506
Sydney,-33.8688,151.2093,2025-02-06 11:21:48.995285,7.981878113486899,17.4014118301535,440.3968450978517
Sydney,-33.8688,151.2093,2025-02-07 11:21:48.995285,7.316925272120649,16.783370698144505,474.08715841526055
Sydney,-33.8688,151.2093,2025-02-08 11:21:48.995285,6.7690246323877865,14.232353100477276,433.3505370946482
Sydney,-33.8688,151.2093,2025-02-09 11:21:48.995285,6.88928083095934,10.945293489855201,437.997443365506
Sydney,-33.8688,151.2093,2025-02-10 11:21:48.995285,7.0485818403218445,15.999273566433033,445.67604678237694
Sydney,-33.8688,151.2093,2025-02-11 11:21:48.995285,7.344947030156617,12.96354935803098,465.8384266867675
Sydney,-33.8688,151.2093,2025-02-12 11:21:48.995285,7.393968378464895,17.385061268536894,448.3637620991803
Sydney,-33.8688,151.2093,2025-02-13 11:21:48.995285,7.280193057076579,13.370041758565076,449.9773378112626
Sydney,-33.8688,151.2093,2025-02-14 11:21:48.995285,7.1160939017454945,14.033013421589985,441.5356477787575
Sydney,-33.8688,151.2093,2025-02-15 11:21:48.995285,7.1455998703238635,12.263300286158087,454.8584644871897
Sydney,-33.8688,151.2093,2025-02-16 11:21:48.995285,7.148412309434353,12.436520325083993,448.1965005890155
Sydney,-33.8688,151.2093,2025-02-17 11:21:48.995285,6.486836041085645,14.752938773071948,434.0248476664032
Sydney,-33.8688,151.2093,2025-02-18 11:21:48.995285,7.175483351342528,14.575075923750028,452.3417794583266
Sydney,-33.8688,151.2093,2025-02-19 11:21:48.995285,6.9690983776822515,14.034859638499078,452.8824240279082
Sydney,-33.8688,151.2093,2025-02-20 11:21:48.995285,6.538867911686108,57.29460106138674,496.9177840336567
Sydney,-33.8688,151.2093,2025-02-21 11:21:48.995285,8.167153031214594,16.203542788438234,437.7419789815779
Sydney,-33.8688,151.2093,2025-02-22 11:21:48.995285,7.324521442394848,15.01932915575196,433.20091024761706
Sydney,-33.8688,151.2093,2025-02-23 11:21:48.995285,7.205241303311319,9.485302198141486,455.5802221986822
Sydney,-33.8688,151.2093,2025-02-24 11:21:48.995285,7.051548803761684,16.651119750662325,430.1391045893143
Sydney,-33.8688,151.2093,2025-02-25 11:21:48.995285,7.492088983459475,20.986803999665014,428.5163110768914
Sydney,-33.8688,151.2093,2025-02-26 11:21:48.995285,6.7350798963171945,14.61849806688108,421.2060119817354
Sydney,-33.8688,151.2093,2025-02-27 11:21:48.995285,7.074918283222875,13.368560758062596,434.4043867394209
Sydney,-33.8688,151.2093,2025-02-28 11:21:48.995285,6.819131646930371,15.309943818253053,434.8351901688709
Sydney,-33.8688,151.2093,2025-03-01 11:21:48.995285,7.488625141468542,12.112709090199065,424.0900220815548
Sydney,-33.8688,151.2093,2025-03-02 11:21:48.995285,6.8693035416589385,15.890405334870316,444.65716773645806
Sydney,-33.8688,151.2093,2025-03-03 11:21:48.995285,7.640531124653479,17.956008247841762,402.2360802450326
Sydney,-33.8688,151.2093,2025-03-04 11:21:48.995285,7.160289844958484,13.601525750092977,459.2691951378509
Sydney,-33.8688,151.2093,2025-03-05 11:21:48.995285,7.509796038730823,13.65245918428728,438.1615279278439
Sydney,-33.8688,151.2093,2025-03-06 11:21:48.995285,7.35994355374835,14.75524110243923,440.9506540491542
Sydney,-33.8688,151.2093,2025-03-07 11:21:48.995285,7.623697933598208,13.895629994431975,460.7181847894806
Sydney,-33.8688,151.2093,2025-03-08 11:21:48.995285,6.8259293615885905,11.855418337410256,456.23540571929834
Sydney,-33.8688,151.2093,2025-03-09 11:21:48.995285,7.562249273978656,14.090115597976204,436.0077889773773
Sydney,-33.8688,151.2093,2025-03-10 11:21:48.995285,6.454964538708294,13.66567047650425,457.43270426436635
Sydney,-33.8688,151.2093,2025-03-11 11:21:48.995285,7.217250704845474,17.550462469489293,479.15141959364905
Sydney,-33.8688,151.2093,2025-03-12 11:21:48.995285,6.981631227078794,17.10433852250984,427.69221922683363
Sydney,-33.8688,151.2093,2025-03-13 11:21:48.995285,6.638183446401985,17.56303093364609,462.7595440586509
Sydney,-33.8688,151.2093,2025-03-14 11:21:48.995285,6.842591150002664,16.345257903454275,425.1559642467197
Sydney,-33.8688,151.2093,2025-03-15 11:21:48.995285,6.943737709488267,15.125371539914255,470.64657841645726
Sydney,-33.8688,151.2093,2025-03-16 11:21:48.995285,7.121379327158453,12.935590676588417,432.60552617248766
Sydney,-33.8688,151.2093,2025-03-17 11:21:48.995285,6.990060139260323,17.305850910494158,431.5337525428109
Sydney,-33.8688,151.2093,2025-03-18 11:21:48.995285,7.232010389415862,15.317032484453941,469.19873893353406
Sydney,-33.8688,151.2093,2025-03-19 11:21:48.995285,6.867936673764572,12.091857434826863,460.310680218085
Sydney,-33.8688,151.2093,2025-03-20 11:21:48.995285,7.0092569195994665,12.725286766095257,431.948380156445
Sydney,-33.8688,151.2093,2025-03-21 11:21:48.995285,7.0843735739836555,11.989288647496325,447.7151648916997
Sydney,-33.8688,151.2093,2025-03-22 11:21:48.995285,7.272838488932303,10.375138532441369,430.5929265270142
Sydney,-33.8688,151.2093,2025-03-23 11:21:48.995285,7.539538912735026,15.217330983045725,412.5481109619932
Sydney,-33.8688,151.2093,2025-03-24 11:21:48.995285,7.541465202826152,11.924310276202585,447.7863125612265
Sydney,-33.8688,151.2093,2025-03-25 11:21:48.995285,7.294993596720866,12.846641031885108,436.45687257932985
Sydney,-33.8688,151.2093,2025-03-26 11:21:48.995285,7.37210120664224,14.393389897545093,424.24043527739883
Sydney,-33.8688,151.2093,2025-03-27 11:21:48.995285,7.32474676633819,13.895825000974629,468.81041007973863
Sydney,-33.8688,151.2093,2025-03-28 11:21:48.995285,7.074143129654582,12.799361604108974,424.02204929095933
Sydney,-33.8688,151.2093,2025-03-29 11:21:48.995285,7.560233201047152,17.2174854232167,444.6758464685426
Sydney,-33.8688,151.2093,2025-03-30 11:21:48.995285,6.834207563006495,11.078462010114848,462.91594134577525
Sydney,-33.8688,151.2093,2025-03-31 11:21:48.995285,6.380741812678462,11.115957960528766,435.70579560155727
Sydney,-33.8688,151.2093,2025-04-01 11:21:48.995285,6.783404245298257,14.948087546781798,425.64048830043254
Sydney,-33.8688,151.2093,2025-04-02 11:21:48.995285,7.761248326041715,12.728648390211813,445.7641092785267
Sydney,-33.8688,151.2093,2025-04-03 11:21:48.995285,7.081826744600929,12.597753722456536,448.39648722558326
Sydney,-33.8688,151.2093,2025-04-04 11:21:48.995285,7.309651602473507,11.71634814454328,456.2754160021782
Sydney,-33.8688,151.2093,2025-04-05 11:21:48.995285,7.090419993371919,14.49584543690665,475.61861966939733
Sydney,-33.8688,151.2093,2025-04-06 11:21:48.995285,7.424666131530543,14.2145978868863,428.4875210774516
Sydney,-33.8688,151.2093,2025-04-07 11:21:48.995285,7.228285066402551,13.944356271589873,440.97818065278636
Sydney,-33.8688,151.2093,2025-04-08 11:21:48.995285,7.172563196307099,12.481873927790424,411.0930713780585
Sydney,-33.8688,151.2093,2025-04-09 11:21:48.995285,7.445511334020178,12.0863253615572,449.2113856747447
Sydney,-33.8688,151.2093,2025-04-10 11:21:48.995285,7.013728824552471,13.20173037339219,438.9535133592742
Sydney,-33.8688,151.2093,2025-04-11 11:21:48.995285,7.348831113078821,15.39948575290791,431.090273368509
Sydney,-33.8688,151.2093,2025-04-12 11:21:48.995285,7.130111335568873,16.540185843658215,421.6774602221119
Sydney,-33.8688,151.2093,2025-04-13 11:21:48.995285,7.157029498714843,15.56302994712733,426.434651503719
Sydney,-33.8688,151.2093,2025-04-14 11:21:48.995285,6.87256100027069,14.28725646983736,437.48447805670844
Sydney,-33.8688,151.2093,2025-04-15 11:21:48.995285,7.113617740245491,15.174625911859884,412.77932790603495
Sydney,-33.8688,151.2093,2025-04-16 11:21:48.995285,6.983502979901128,10.779942333204682,425.29574916628576
Sydney,-33.8688,151.2093,2025-04-17 11:21:48.995285,7.651968071504438,11.648882450645118,431.09779086747176
Sydney,-33.8688,151.2093,2025-04-18 11:21:48.995285,6.5263713344564955,14.056917327526342,399.2888006369994
Sydney,-33.8688,151.2093,2025-04-19 11:21:48.995285,7.555703956577785,12.702604527365501,408.36331571115835
Sydney,-33.8688,151.2093,2025-04-20 11:21:48.995285,6.502296927724407,13.543874098494314,415.4885226748279
Sydney,-33.8688,151.2093,2025-04-21 11:21:48.995285,7.414886255043985,14.7568766940987,459.34409777525514
Sydney,-33.8688,151.2093,2025-04-22 11:21:48.995285,6.864907906315029,14.374258761564906,410.6475190725305
Sydney,-33.8688,151.2093,2025-04-23 11:21:48.995285,7.426528905667336,10.471723220677271,425.420670007215
Sydney,-33.8688,151.2093,2025-04-24 11:21:48.995285,7.1514563967935345,12.604000567276346,404.9918446135829
Sydney,-33.8688,151.2093,2025-04-25 11:21:48.995285,6.627058657644484,10.664563903506107,409.5340268293377
Sydney,-33.8688,151.2093,2025-04-26 11:21:48.995285,7.743447415937527,10.876727458263284,395.49346792448057
Sydney,-33.8688,151.2093,2025-04-27 11:21:48.995285,7.510658523942258,8.93405952819608,436.96402247716674
Sydney,-33.8688,151.2093,2025-04-28 11:21:48.995285,7.401270182799543,12.54673435225139,396.28440952672213
Sydney,-33.8688,151.2093,2025-04-29 11:21:48.995285,6.943852102244854,8.633044783488412,440.1661594804181
Sydney,-33.8688,151.2093,2025-04-30 11:21:48.995285,7.524433845380987,12.913268177552126,430.60796091957724
Sydney,-33.8688,151.2093,2025-05-01 11:21:48.995285,6.686699351360703,14.76367501604365,418.9597609994492
Sydney,-33.8688,151.2093,2025-05-02 11:21:48.995285,6.308941550997067,13.028623621243359,438.4800317406868
Sydney,-33.8688,151.2093,2025-05-03 11:21:48.995285,6.57506965232312,11.992316541691345,480.9494237824802
Sydney,-33.8688,151.2093,2025-05-04 11:21:48.995285,6.831204785469434,14.87746490445503,427.63619935901625
Sydney,-33.8688,151.2093,2025-05-05 11:21:48.995285,6.898065246363787,12.38295295809279,394.8794031935875
Sydney,-33.8688,151.2093,2025-05-06 11:21:48.995285,7.026062572461564,9.921555772548913,446.25077730547827
Sydney,-33.8688,151.2093,2025-05-07 11:21:48.995285,7.043826706152145,11.815748108141443,419.377581177304
Sydney,-33.8688,151.2093,2025-05-08 11:21:48.995285,6.940064687083588,46.20884129266726,457.05810898648895
Sydney,-33.8688,151.2093,2025-05-09 11:21:48.995285,6.3534740911335295,9.215875706711444,403.8905293210929
Sydney,-33.8688,151.2093,2025-05-10 11:21:48.995285,7.2768493470442595,8.558079704170579,438.8221550902115
Sydney,-33.8688,151.2093,2025-05-11 11:21:48.995285,7.094130098619466,12.464928197087756,412.3479736111014
Sydney,-33.8688,151.2093,2025-05-12 11:21:48.995285,6.921462566181047,10.703422015226888,464.6498505008137
Sydney,-33.8688,151.2093,2025-05-13 11:21:48.995285,7.759208516549078,10.003600826199277,405.0440306620851
Sydney,-33.8688,151.2093,2025-05-14 11:21:48.995285,7.103133854177854,8.465005608564205,469.8670172454851
Sydney,-33.8688,151.2093,2025-05-15 11:21:48.995285,7.22341269298247,6.998608452654323,417.78485034325354
Sydney,-33.8688,151.2093,2025-05-16 11:21:48.995285,7.518340060713253,7.901174987029744,425.07964580922913
Sydney,-33.8688,151.2093,2025-05-17 11:21:48.995285,6.604055663109002,13.958847035254095,441.29660872471504
Sydney,-33.8688,151.2093,2025-05-18 11:21:48.995285,7.190955978532839,10.625992400973951,390.68232306985374
Sydney,-33.8688,151.2093,2025-05-19 11:21:48.995285,7.517019141606651,6.633566071501601,424.96488727661983
Sydney,-33.8688,151.2093,2025-05-20 11:21:48.995285,7.163468438920435,12.840855625723522,398.8717706734439
Sydney,-33.8688,151.2093,2025-05-21 11:21:48.995285,6.678662965325763,12.856600330195263,406.89170154809176
Sydney,-33.8688,151.2093,2025-05-22 11:21:48.995285,7.007009822021891,12.759534298194637,404.67188901650144
Sydney,-33.8688,151.2093,2025-05-23 11:21:48.995285,7.275594658297459,9.370048546054655,413.5993263788627
Sydney,-33.8688,151.2093,2025-05-24 11:21:48.995285,6.357248843940347,9.591470977650522,411.89460855639663
Sydney,-33.8688,151.2093,2025-05-25 11:21:48.995285,6.658935601959502,10.318290711859612,388.92645144412506
Sydney,-33.8688,151.2093,2025-05-26 11:21:48.995285,7.9894147583740445,12.759058031545928,402.0667335754637
Sydney,-33.8688,151.2093,2025-05-27 11:21:48.995285,7.393836091073965,8.76110576068707,352.0223616014472
Sydney,-33.8688,151.2093,2025-05-28 11:21:48.995285,7.793388224286512,8.27606234581592,417.6523616454624
Sydney,-33.8688,151.2093,2025-05-29 11:21:48.995285,7.546527080603153,11.090287349885353,430.8681702053327
Sydney,-33.8688,151.2093,2025-05-30 11:21:48.995285,7.357593457269652,12.031577071532007,399.9432370119678
Sydney,-33.8688,151.2093,2025-05-31 11:21:48.995285,7.076368304422598,9.42173486248089,363.15271823968493
Sydney,-33.8688,151.2093,2025-06-01 11:21:48.995285,7.352485549753927,10.782584779995407,409.27600236845797
Sydney,-33.8688,151.2093,2025-06-02 11:21:48.995285,7.779985676344943,9.581152640885163,378.2872007953666
Sydney,-33.8688,151.2093,2025-06-03 11:21:48.995285,7.530215569266972,8.768514803191586,396.3563670485652
Sydney,-33.8688,151.2093,2025-06-04 11:21:48.995285,7.2667241219387115,7.527408538335715,405.5698319010018
Sydney,-33.8688,151.2093,2025-06-05 11:21:48.995285,7.131061172320143,6.793447268478291,401.940678304095
Sydney,-33.8688,151.2093,2025-06-06 11:21:48.995285,7.399329434988346,7.7871034274910915,411.783460507522
Sydney,-33.8688,151.2093,2025-06-07 11:21:48.995285,6.987182957083772,6.9802770510639744,392.251567022601
Sydney,-33.8688,151.2093,2025-06-08 11:21:48.995285,7.399389764165781,9.4154367149658,1175.85584606283
Sydney,-33.8688,151.2093,2025-06-09 11:21:48.995285,6.92081780360158,11.199980632428897,402.38469846482644
Sydney,-33.8688,151.2093,2025-06-10 11:21:48.995285,7.058431645005831,9.089691239101763,385.3888739724269
Sydney,-33.8688,151.2093,2025-06-11 11:21:48.995285,6.7889178135134,6.757439944630577,372.23041786114317
Sydney,-33.8688,151.2093,2025-06-12 11:21:48.995285,7.024094782362269,10.227190065684468,394.20472753278324
Sydney,-33.8688,151.2093,2025-06-13 11:21:48.995285,6.926508936605502,9.028227787520285,361.767388398971
Sydney,-33.8688,151.2093,2025-06-14 11:21:48.995285,7.876766156443643,9.34260963030091,381.9117729450096
Sydney,-33.8688,151.2093,2025-06-15 11:21:48.995285,6.842201697108885,7.233203014481609,355.1638485185168
Sydney,-33.8688,151.2093,2025-06-16 11:21:48.995285,7.353934118243156,31.374553472964443,370.8180608074244
Sydney,-33.8688,151.2093,2025-06-17 11:21:48.995285,6.821247072258568,10.367991570338088,370.847784205039
Sydney,-33.8688,151.2093,2025-06-18 11:21:48.995285,7.218758414670447,7.663914327400789,360.63616464366066
Sydney,-33.8688,151.2093,2025-06-19 11:21:48.995285,7.315966160781756,9.390123899127742,401.5428398081228
Sydney,-33.8688,151.2093,2025-06-20 11:21:48.995285,6.45955853043052,10.077976604295566,399.1098149975017
Sydney,-33.8688,151.2093,2025-06-21 11:21:48.995285,6.640919404671119,6.866661626070483,404.2543156380607
Sydney,-33.8688,151.2093,2025-06-22 11:21:48.995285,6.818130723504807,7.557989237188095,373.4477808677305
Sydney,-33.8688,151.2093,2025-06-23 11:21:48.995285,6.6787052503805855,7.803785176035493,367.7698648458819
Sydney,-33.8688,151.2093,2025-06-24 11:21:48.995285,7.233634080778207,5.372996147964955,391.7580607496616
Sydney,-33.8688,151.2093,2025-06-25 11:21:48.995285,7.297032083501946,8.377115955879937,377.5061672299092
Sydney,-33.8688,151.2093,2025-06-26 11:21:48.995285,6.774771217852987,9.46473367611955,376.667229696524
Sydney,-33.8688,151.2093,2025-06-27 11:21:48.995285,7.249679374773022,7.058577726754638,322.58747157960335
Sydney,-33.8688,151.2093,2025-06-28 11:21:48.995285,7.030368554491448,7.953497916001282,387.868270135997
Sydney,-33.8688,151.2093,2025-06-29 11:21:48.995285,7.160209586572446,9.999215279785473,384.5000365287425
Sydney,-33.8688,151.2093,2025-06-30 11:21:48.995285,6.948630684157633,6.320834910872482,371.20305814259063
Sydney,-33.8688,151.2093,2025-07-01 11:21:48.995285,7.395062692984858,7.78160373379164,386.92769287465757
Sydney,-33.8688,151.2093,2025-07-02 11:21:48.995285,7.8539717027750715,5.852255280536038,381.95283662816513
Sydney,-33.8688,151.2093,2025-07-03 11:21:48.995285,7.509733686247431,5.729364402044532,355.3020683049046
Sydney,-33.8688,151.2093,2025-07-04 11:21:48.995285,7.757356339471647,7.5399724499664025,364.1661342514511
Sydney,-33.8688,151.2093,2025-07-05 11:21:48.995285,6.638870086757484,7.2724655684437565,347.74156043807113
Sydney,-33.8688,151.2093,2025-07-06 11:21:48.995285,6.929716359090743,7.834357893009971,396.48696187104895
Sydney,-33.8688,151.2093,2025-07-07 11:21:48.995285,7.426094333119206,6.811998178181233,386.1404163609452
Sydney,-33.8688,151.2093,2025-07-08 11:21:48.995285,7.803317669953377,7.52641858721323,349.682982749175
Sydney,-33.8688,151.2093,2025-07-09 11:21:48.995285,7.4601761707626295,9.864631809707852,377.71344898554895
Sydney,-33.8688,151.2093,2025-07-10 11:21:48.995285,6.789510365850455,8.591902760075268,370.29266619138144
Sydney,-33.8688,151.2093,2025-07-11 11:21:48.995285,7.026137066072448,7.088378829109169,350.39709580621656
Sydney,-33.8688,151.2093,2025-07-12 11:21:48.995285,7.333361774635256,7.3620262262409035,366.008662468245
Sydney,-33.8688,151.2093,2025-07-13 11:21:48.995285,7.134136191347701,5.696085918748616,380.1065934062605
Sydney,-33.8688,151.2093,2025-07-14 11:21:48.995285,6.880491016912652,5.9182876800640996,381.1650491726707
Sydney,-33.8688,151.2093,2025-07-15 11:21:48.995285,7.083898222662228,7.165478797390216,408.4452432818564
Sydney,-33.8688,151.2093,2025-07-16 11:21:48.995285,7.194225592496169,6.300880242596515,363.1415809950833
Sydney,-33.8688,151.2093,2025-07-17 11:21:48.995285,6.766031477808968,7.6577880770694655,355.96172856383805
Sydney,-33.8688,151.2093,2025-07-18 11:21:48.995285,7.593803629014694,8.553231687978974,371.43366208842593
Sydney,-33.8688,151.2093,2025-07-19 11:21:48.995285,7.024154070976384,5.764068346407748,356.0167519025992
Sydney,-33.8688,151.2093,2025-07-20 11:21:48.995285,7.1709695094756825,1.898876664536414,347.47500862204663
Sydney,-33.8688,151.2093,2025-07-21 11:21:48.995285,7.614021081489595,9.936606857961676,340.1666253464755
Sydney,-33.8688,151.2093,2025-07-22 11:21:48.995285,7.150000533557618,4.5153837367643135,289.65061546296823
Sydney,-33.8688,151.2093,2025-07-23 11:21:48.995285,7.592143531376636,6.164078119432042,372.43433573649696
Sydney,-33.8688,151.2093,2025-07-24 11:21:48.995285,6.78831965563331,7.183373724704813,324.5244168710748
Sydney,-33.8688,151.2093,2025-07-25 11:21:48.995285,7.373182365846514,8.502236437436608,339.2458247316174
Sydney,-33.8688,151.2093,2025-07-26 11:21:48.995285,7.535728942285582,9.253536823593645,362.2635558884344
Sydney,-33.8688,151.2093,2025-07-27 11:21:48.995285,6.86805280060838,4.872192704597402,349.5692539097762
Sydney,-33.8688,151.2093,2025-07-28 11:21:48.995285,7.128652163053438,7.93909292073839,398.5830788520906
Sydney,-33.8688,151.2093,2025-07-29 11:21:48.995285,7.136929766147768,5.916763373075185,325.02323600164397
Sydney,-33.8688,151.2093,2025-07-30 11:21:48.995285,7.283855686859883,10.969628328801331,399.60663180176624
Sydney,-33.8688,151.2093,2025-07-31 11:21:48.995285,7.3899206469359076,7.6478662980489975,382.08146067630076
Sydney,-33.8688,151.2093,2025-08-01 11:21:48.995285,6.835517520551075,5.057133692878401,372.3027463989964
Sydney,-33.8688,151.2093,2025-08-02 11:21:48.995285,7.175978056679473,3.792400754644741,382.5717074198962
Sydney,-33.8688,151.2093,2025-08-03 11:21:48.995285,7.836527269429832,0.09320089578219992,361.55604342242185
Sydney,-33.8688,151.2093,2025-08-04 11:21:48.995285,7.621550716649922,6.66494512828312,319.09087274093116
Sydney,-33.8688,151.2093,2025-08-05 11:21:48.995285,7.517537538097535,7.303091799029405,363.15897645279745
Sydney,-33.8688,151.2093,2025-08-06 11:21:48.995285,7.122888160826148,6.749112988739057,322.96841316225124
Sydney,-33.8688,151.2093,2025-08-07 11:21:48.995285,8.051532329890849,0.5247661221093525,341.7487045881619
Sydney,-33.8688,151.2093,2025-08-08 11:21:48.995285,7.611925675402504,2.6903889356845863,350.5024671963204
Sydney,-33.8688,151.2093,2025-08-09 11:21:48.995285,7.214967547171773,6.144294212972831,333.60522221370644
Sydney,-33.8688,151.2093,2025-08-10 11:21:48.995285,7.288164286236281,8.731358555841261,370.52400025608625
Sydney,-33.8688,151.2093,2025-08-11 11:21:48.995285,7.016460138104383,5.028301411409288,347.1189386285635
Sydney,-33.8688,151.2093,2025-08-12 11:21:48.995285,7.357348676463323,7.302983760021524,359.3856370884709
Sydney,-33.8688,151.2093,2025-08-13 11:21:48.995285,7.437230013490765,3.0331178948955557,350.8310521705182
Sydney,-33.8688,151.2093,2025-08-14 11:21:48.995285,7.481043233818839,5.499623305404737,353.37725559447034
Sydney,-33.8688,151.2093,2025-08-15 11:21:48.995285,7.127726443123821,4.52093898826784,332.96524681327145
Sydney,-33.8688,151.2093,2025-08-16 11:21:48.995285,6.610520264948931,7.431790996500112,327.0852915843482
Sydney,-33.8688,151.2093,2025-08-17 11:21:48.995285,7.29671533847193,3.964757018159961,347.36892339314954
Sydney,-33.8688,151.2093,2025-08-18 11:21:48.995285,7.482717402372243,8.387741121392807,331.014871997665
Sydney,-33.8688,151.2093,2025-08-19 11:21:48.995285,6.80857866385792,4.409048477256537,378.11584854411655
Sydney,-33.8688,151.2093,2025-08-20 11:21:48.995285,7.163666968801851,2.876979498924816,322.6383532364539
Sydney,-33.8688,151.2093,2025-08-21 11:21:48.995285,7.7365863300961575,2.937799560197204,396.8441881776108
Sydney,-33.8688,151.2093,2025-08-22 11:21:48.995285,6.718609976771982,3.7607471573791154,356.09651677129403
Sydney,-33.8688,151.2093,2025-08-23 11:21:48.995285,7.086506260084614,5.743403252408647,351.4092240636431
Sydney,-33.8688,151.2093,2025-08-24 11:21:48.995285,7.79485565917534,3.780456756644065,339.1988420828646
Sydney,-33.8688,151.2093,2025-08-25 11:21:48.995285,7.263086141645508,3.359091550017105,363.13888366024344
Sydney,-33.8688,151.2093,2025-08-26 11:21:48.995285,6.989595268703904,6.780773593169358,345.926074686585
Sydney,-33.8688,151.2093,2025-08-27 11:21:48.995285,7.197187362755837,0.0,356.04698332737485
Sydney,-33.8688,151.2093,2025-08-28 11:21:48.995285,7.530366852911312,4.148059621350879,366.9146922830176
Sydney,-33.8688,151.2093,2025-08-29 11:21:48.995285,7.1185977859264975,2.3448988389889363,363.51994072846514
Sydney,-33.8688,151.2093,2025-08-30 11:21:48.995285,7.43903284597563,3.283296142576461,375.00127421159505
Sydney,-33.8688,151.2093,2025-08-31 11:21:48.995285,7.293996063470298,5.5164103127084125,361.04592612851803
Sydney,-33.8688,151.2093,2025-09-01 11:21:48.995285,7.326831364139456,4.628423662840248,331.3635357648511
Sydney,-33.8688,151.2093,2025-09-02 11:21:48.995285,7.464616604403253,4.459205595622367,308.9075885224197
Sydney,-33.8688,151.2093,2025-09-03 11:21:48.995285,7.082068766810683,7.442270545958598,354.8532024661197
Sydney,-33.8688,151.2093,2025-09-04 11:21:48.995285,6.822195698851085,5.050394596746698,355.28557225150945
Sydney,-33.8688,151.2093,2025-09-05 11:21:48.995285,7.389758242178842,8.705581395855777,389.4532727886309
Sydney,-33.8688,151.2093,2025-09-06 11:21:48.995285,7.147038354889292,6.535141848473247,348.79077058609823
Sydney,-33.8688,151.2093,2025-09-07 11:21:48.995285,7.020755509634647,3.1960782810732793,358.7848233036639
Sydney,-33.8688,151.2093,2025-09-08 11:21:48.995285,7.410554115723219,9.017864331312174,367.0403320227381
Sydney,-33.8688,151.2093,2025-09-09 11:21:48.995285,7.710938832477479,5.727511000707748,361.9811655370074
Sydney,-33.8688,151.2093,2025-09-10 11:21:48.995285,7.1381686467924865,8.937846799118255,368.82238664273086
Sydney,-33.8688,151.2093,2025-09-11 11:21:48.995285,7.2033798154232445,4.686634780974952,335.82407250788754
Sydney,-33.8688,151.2093,2025-09-12 11:21:48.995285,6.727293112349448,5.789180913340085,332.9198475098934
Sydney,-33.8688,151.2093,2025-09-13 11:21:48.995285,7.110922156635252,6.136246393514434,347.1089640175095
Sydney,-33.8688,151.2093,2025-09-14 11:21:48.995285,7.28851617874034,4.964492161855084,309.5258693090438
Sydney,-33.8688,151.2093,2025-09-15 11:21:48.995285,7.191822360524905,7.874653847059147,352.5165467534944
Sydney,-33.8688,151.2093,2025-09-16 11:21:48.995285,7.055137666858359,9.227455599112636,340.43125397287594
Sydney,-33.8688,151.2093,2025-09-17 11:21:48.995285,7.490336668053427,0.8082910041838236,360.39570228672295
Sydney,-33.8688,151.2093,2025-09-18 11:21:48.995285,7.223203071431316,7.058996809056355,348.9922248106686
Sydney,-33.8688,151.2093,2025-09-19 11:21:48.995285,8.23552124735266,3.675923316284449,334.3406531071755
Sydney,-33.8688,151.2093,2025-09-20 11:21:48.995285,7.2830877059424415,0.3162287439992353,381.23559377756914
Sydney,-33.8688,151.2093,2025-09-21 11:21:48.995285,6.101398858923822,6.574129780630642,357.05131476118225
Sydney,-33.8688,151.2093,2025-09-22 11:21:48.995285,6.755187356505942,6.618209445282939,373.05380133133735
Sydney,-33.8688,151.2093,2025-09-23 11:21:48.995285,7.412847711707881,6.980795824402552,359.8757039578697
Sydney,-33.8688,151.2093,2025-09-24 11:21:48.995285,6.942676080023548,6.404773982159064,365.90708488766114
Sydney,-33.8688,151.2093,2025-09-25 11:21:48.995285,6.967507892868182,7.456230655188335,329.84188759318096
Sydney,-33.8688,151.2093,2025-09-26 11:21:48.995285,6.704308062418909,4.544816939673872,383.0712155027495
Sydney,-33.8688,151.2093,2025-09-27 11:21:48.995285,7.009307011739868,6.323576750137446,375.542712725802
Sydney,-33.8688,151.2093,2025-09-28 11:21:48.995285,7.277571102349714,7.2404794050281,358.06466266826015
Sydney,-33.8688,151.2093,2025-09-29 11:21:48.995285,7.354334285755168,8.598529478606679,364.6862142123445
Sydney,-33.8688,151.2093,2025-09-30 11:21:48.995285,6.792041739400891,6.029995650467462,379.47516425415705
Sydney,-33.8688,151.2093,2025-10-01 11:21:48.995285,7.522162445326594,5.565603428531595,352.4919415090569
Sydney,-33.8688,151.2093,2025-10-02 11:21:48.995285,6.723452364078031,5.934793927180782,328.79110886887077
Sydney,-33.8688,151.2093,2025-10-03 11:21:48.995285,7.3751824435965,3.711334533753942,353.9199279587948
Sydney,-33.8688,151.2093,2025-10-04 11:21:48.995285,7.334818709854679,7.692174437022894,364.5770484988979
Sydney,-33.8688,151.2093,2025-10-05 11:21:48.995285,6.826256725986205,3.2938371440104426,361.4359137346045
Sydney,-33.8688,151.2093,2025-10-06 11:21:48.995285,6.778673789566417,7.047067767591949,389.00271876174764
Sydney,-33.8688,151.2093,2025-10-07 11:21:48.995285,7.352916176241953,6.492063329698979,344.0311010734147
Sydney,-33.8688,151.2093,2025-10-08 11:21:48.995285,6.976046992558924,3.2798346776859852,347.1519854758688
Sydney,-33.8688,151.2093,2025-10-09 11:21:48.995285,7.123800261876042,3.4538246851275334,343.2562388523595
Sydney,-33.8688,151.2093,2025-10-10 11:21:48.995285,7.474934327165917,4.795325418782239,373.6019055485673
Sydney,-33.8688,151.2093,2025-10-11 11:21:48.995285,7.391654864492391,5.8768522088911235,335.1266865773399
Sydney,-33.8688,151.2093,2025-10-12 11:21:48.995285,6.833622193962172,9.5887404691381,381.152947019019
Sydney,-33.8688,151.2093,2025-10-13 11:21:48.995285,7.17856832388127,6.470356576131007,348.2605786616968
Sydney,-33.8688,151.2093,2025-10-14 11:21:48.995285,6.826113919242865,7.849826066168923,352.10647475316057
Sydney,-33.8688,151.2093,2025-10-15 11:21:48.995285,7.547975579982535,9.356049250105324,403.6328901553158
Sydney,-33.8688,151.2093,2025-10-16 11:21:48.995285,7.81460674571268,9.036100840100854,393.5492571518702
Sydney,-33.8688,151.2093,2025-10-17 11:21:48.995285,6.861961873922643,6.9434962236830735,371.9604228493817
Sydney,-33.8688,151.2093,2025-10-18 11:21:48.995285,7.187533158413455,5.615316014102741,344.04290264110796
Sydney,-33.8688,151.2093,2025-10-19 11:21:48.995285,7.566984404532444,8.093707752119698,411.2484354603271
Sydney,-33.8688,151.2093,2025-10-20 11:21:48.995285,7.2096844033313205,5.795347581470768,367.73848113672676
Sydney,-33.8688,151.2093,2025-10-21 11:21:48.995285,7.424602114952171,10.867432739206862,377.3298538709834
Sydney,-33.8688,151.2093,2025-10-22 11:21:48.995285,7.220642532604377,9.045571141178982,391.3384168053142
Sydney,-33.8688,151.2093,2025-10-23 11:21:48.995285,6.777278516845157,7.800314571339594,334.57131550092384
Sydney,-33.8688,151.2093,2025-10-24 11:21:48.995285,7.247570006871149,8.481988812863248,361.76570617076266
Sydney,-33.8688,151.2093,2025-10-25 11:21:48.995285,7.650913455693221,7.887695228227308,373.9497276913268
Sydney,-33.8688,151.2093,2025-10-26 11:21:48.995285,7.325716827923032,6.869671539593812,378.6777022284395
Sydney,-33.8688,151.2093,2025-10-27 11:21:48.995285,7.849469713515678,8.679468501964912,350.7503496134641
Sydney,-33.8688,151.2093,2025-10-28 11:21:48.995285,6.49139845639143,21.819208471990716,384.1152861392649
Sydney,-33.8688,151.2093,2025-10-29 11:21:48.995285,7.351618979856083,11.709498902122956,379.0360284512494
Sydney,-33.8688,151.2093,2025-10-30 11:21:48.995285,6.940796805926729,19.585875559204275,412.4866728499027
Sydney,-33.8688,151.2093,2025-10-31 11:21:48.995285,6.8497475355496915,9.010154904496614,399.9314163198154
Sydney,-33.8688,151.2093,2025-11-01 11:21:48.995285,7.733767443428691,6.506229982713608,375.3317139423129
Sydney,-33.8688,151.2093,2025-11-02 11:21:48.995285,7.0979980089242485,6.5650490184798755,377.59238311643963
Sydney,-33.8688,151.2093,2025-11-03 11:21:48.995285,7.05938189546668,4.659439660753148,402.60612929763914
Sydney,-33.8688,151.2093,2025-11-04 11:21:48.995285,7.337430354047554,9.13533571157563,388.7963407933033
Sydney,-33.8688,151.2093,2025-11-05 11:21:48.995285,6.33899261878148,7.3287198694476565,356.51384870165714
Sydney,-33.8688,151.2093,2025-11-06 11:21:48.995285,7.741946375953468,10.64217291435119,426.62975547299106
Sydney,-33.8688,151.2093,2025-11-07 11:21:48.995285,7.961772125645655,9.38417862083066,365.7785044976635
Sydney,-33.8688,151.2093,2025-11-08 11:21:48.995285,7.5660453780088925,8.936658528388074,435.981482991283
Sydney,-33.8688,151.2093,2025-11-09 11:21:48.995285,7.364795896228559,5.902235976450567,395.7914336857835
Sydney,-33.8688,151.2093,2025-11-10 11:21:48.995285,7.113369829143414,9.97644677970612,375.3575359062504
Sydney,-33.8688,151.2093,2025-11-11 11:21:48.995285,6.7699150724871275,22.698300393420794,341.5632706674162
Sydney,-33.8688,151.2093,2025-11-12 11:21:48.995285,7.677625526293106,6.108800108354147,405.28006439153637
Sydney,-33.8688,151.2093,2025-11-13 11:21:48.995285,7.566536649307549,9.919893409841416,1078.7473583863614
Sydney,-33.8688,151.2093,2025-11-14 11:21:48.995285,7.380046501966954,6.62694903804439,398.58123395829045
Sydney,-33.8688,151.2093,2025-11-15 11:21:48.995285,7.333451555779337,5.046206495940545,430.95721301723364
Sydney,-33.8688,151.2093,2025-11-16 11:21:48.995285,7.320236965546123,11.907875049040019,370.3824840897345
Sydney,-33.8688,151.2093,2025-11-17 11:21:48.995285,6.989625312084269,8.277495769791237,408.7507059964925
Sydney,-33.8688,151.2093,2025-11-18 11:21:48.995285,8.200467531172725,5.995515395837241,378.61292283047044
Sydney,-33.8688,151.2093,2025-11-19 11:21:48.995285,7.085750583791072,7.644992384959952,418.3647507985057
Sydney,-33.8688,151.2093,2025-11-20 11:21:48.995285,7.029318322608624,8.213884671845042,397.8763322589801
Sydney,-33.8688,151.2093,2025-11-21 11:21:48.995285,7.64824252481806,12.030356244471683,397.0377486817662
Sydney,-33.8688,151.2093,2025-11-22 11:21:48.995285,7.188317691030261,6.501956421720994,422.42468564836713
Sydney,-33.8688,151.2093,2025-11-23 11:21:48.995285,7.192402193898864,7.236120655722174,411.6451810152128
Sydney,-33.8688,151.2093,2025-11-24 11:21:48.995285,7.765827748831922,11.960805989771472,383.90621922951016
Cairo,30.0444,31.2357,2024-11-24 11:21:48.995285,6.957465073669885,11.402342707346332,398.33544147077697
Cairo,30.0444,31.2357,2024-11-25 11:21:48.995285,7.566294804803645,11.283973643013086,403.79063346979154
Cairo,30.0444,31.2357,2024-11-26 11:21:48.995285,6.71522310948926,13.014603109630032,349.4322590574591
Cairo,30.0444,31.2357,2024-11-27 11:21:48.995285,7.326308575132845,8.533893360274682,396.6827380077778
Cairo,30.0444,31.2357,2024-11-28 11:21:48.995285,7.025788128029135,8.369806937893582,420.5055107899647
Cairo,30.0444,31.2357,2024-11-29 11:21:48.995285,7.248371857099876,12.64434109354971,391.9807405284731
Cairo,30.0444,31.2357,2024-11-30 11:21:48.995285,7.394509276963626,8.365829972664155,414.8855964261918
Cairo,30.0444,31.2357,2024-12-01 11:21:48.995285,6.741735070806974,8.254573608593853,381.8355093560651
Cairo,30.0444,31.2357,2024-12-02 11:21:48.995285,6.53162719493885,11.103629679371538,375.60823722157414
Cairo,30.0444,31.2357,2024-12-03 11:21:48.995285,6.827338885965068,10.67816101740542,416.0717926187735
Cairo,30.0444,31.2357,2024-12-04 11:21:48.995285,7.551696696822901,11.167176391974518,407.4753581665481
Cairo,30.0444,31.2357,2024-12-05 11:21:48.995285,7.349253356589913,12.016586951313217,402.6935964742756
Cairo,30.0444,31.2357,2024-12-06 11:21:48.995285,7.038839469379154,12.112143115293675,427.1845533299525
Cairo,30.0444,31.2357,2024-12-07 11:21:48.995285,7.987258840127367,10.953861844414028,404.85926063167295
Cairo,30.0444,31.2357,2024-12-08 11:21:48.995285,7.7140393455458,11.28967040307698,399.28125332924594
Cairo,30.0444,31.2357,2024-12-09 11:21:48.995285,7.617384793977905,11.142795937661791,397.95126462777574
Cairo,30.0444,31.2357,2024-12-10 11:21:48.995285,6.910317843693821,11.430339503965868,394.55100426125676
Cairo,30.0444,31.2357,2024-12-11 11:21:48.995285,7.612939048066906,8.667514356392749,423.7570757755372
Cairo,30.0444,31.2357,2024-12-12 11:21:48.995285,7.336283261638363,13.037386043441938,409.00409999720114
Cairo,30.0444,31.2357,2024-12-13 11:21:48.995285,6.911094041974016,13.704415066439099,438.91390193548665
Cairo,30.0444,31.2357,2024-12-14 11:21:48.995285,7.15835972714112,12.962472941309137,357.82951159627714
Cairo,30.0444,31.2357,2024-12-15 11:21:48.995285,6.784626131477591,12.889387082549092,436.1406115393684
Cairo,30.0444,31.2357,2024-12-16 11:21:48.995285,6.914606158490651,9.867420413554635,425.6788194532015
Cairo,30.0444,31.2357,2024-12-17 11:21:48.995285,6.742329703515582,9.097801181219662,417.4666879606731
Cairo,30.0444,31.2357,2024-12-18 11:21:48.995285,7.5826216519406975,13.669225501338827,394.2461341347274
Cairo,30.0444,31.2357,2024-12-19 11:21:48.995285,7.171629671645002,12.143104891999478,387.6621337204766
Cairo,30.0444,31.2357,2024-12-20 11:21:48.995285,6.8233604646605865,12.50294272900816,436.6605921022153
Cairo,30.0444,31.2357,2024-12-21 11:21:48.995285,7.406949731713512,12.670129947796894,427.25439923043075
Cairo,30.0444,31.2357,2024-12-22 11:21:48.995285,7.200601326561834,12.831856886308726,427.6418881865113
Cairo,30.0444,31.2357,2024-12-23 11:21:48.995285,7.620202192506689,13.686750669622418,421.8872751868863
Cairo,30.0444,31.2357,2024-12-24 11:21:48.995285,7.253334683571999,12.278021207640538,441.68493016672164
Cairo,30.0444,31.2357,2024-12-25 11:21:48.995285,6.625124923520578,8.733167768915989,413.7161103199162
Cairo,30.0444,31.2357,2024-12-26 11:21:48.995285,7.001302534933601,13.99388906532551,419.44267743641365
Cairo,30.0444,31.2357,2024-12-27 11:21:48.995285,6.737122045618154,13.845119110518208,423.368346731748
Cairo,30.0444,31.2357,2024-12-28 11:21:48.995285,7.425203161838714,10.172887441576567,423.3485679371127
Cairo,30.0444,31.2357,2024-12-29 11:21:48.995285,7.63378433472063,10.50141529488495,455.0665376398717
Cairo,30.0444,31.2357,2024-12-30 11:21:48.995285,6.582407477408481,14.669983913807728,403.95125490054477
Cairo,30.0444,31.2357,2024-12-31 11:21:48.995285,7.150201578516761,15.211780678659249,390.64492398598105
Cairo,30.0444,31.2357,2025-01-01 11:21:48.995285,7.6611003564353055,7.715103088255154,401.34331877103136
Cairo,30.0444,31.2357,2025-01-02 11:21:48.995285,6.576358890264935,13.9919198619633,444.77535644587203
Cairo,30.0444,31.2357,2025-01-03 11:21:48.995285,7.025993670372057,12.73586880357768,429.7561225741265
Cairo,30.0444,31.2357,2025-01-04 11:21:48.995285,7.199908120516227,13.391476269333799,400.45706730913747
Cairo,30.0444,31.2357,2025-01-05 11:21:48.995285,7.626977433884707,13.570728688725529,435.0750315191023
Cairo,30.0444,31.2357,2025-01-06 11:21:48.995285,7.417875692916555,11.84793264028948,427.2424734123225
Cairo,30.0444,31.2357,2025-01-07 11:21:48.995285,7.499613919150908,14.740604373123064,445.54253028493235
Cairo,30.0444,31.2357,2025-01-08 11:21:48.995285,7.440983992344997,12.120992757845608,450.8582444214783
Cairo,30.0444,31.2357,2025-01-09 11:21:48.995285,7.050747402527048,15.052308726342337,485.9460102143991
Cairo,30.0444,31.2357,2025-01-10 11:21:48.995285,7.857362855099191,15.556278499189805,412.53918551210626
Cairo,30.0444,31.2357,2025-01-11 11:21:48.995285,6.9316363166715975,11.932767147394149,399.5156479602253
Cairo,30.0444,31.2357,2025-01-12 11:21:48.995285,6.088635721616248,12.039421714264439,449.1309552565502
Cairo,30.0444,31.2357,2025-01-13 11:21:48.995285,6.479783577812878,14.018840114565625,457.64954316439736
Cairo,30.0444,31.2357,2025-01-14 11:21:48.995285,7.153243634311394,16.85438734717203,412.95685364511
Cairo,30.0444,31.2357,2025-01-15 11:21:48.995285,7.0673821005712,12.71606120705051,413.5202161675778
Cairo,30.0444,31.2357,2025-01-16 11:21:48.995285,6.9854541900991025,13.148335354270099,446.4346085780447
Cairo,30.0444,31.2357,2025-01-17 11:21:48.995285,7.260081751534536,14.64894972528242,474.35771079073965
Cairo,30.0444,31.2357,2025-01-18 11:21:48.995285,7.68017117487226,15.371256140162549,423.0447779485687
Cairo,30.0444,31.2357,2025-01-19 11:21:48.995285,7.381611267848527,15.161317428570081,442.8151635720355
Cairo,30.0444,31.2357,2025-01-20 11:21:48.995285,7.459420081429945,14.220440369185011,403.57563678332696
Cairo,30.0444,31.2357,2025-01-21 11:21:48.995285,6.7680849691039535,13.592054078751294,438.05920946032927
Cairo,30.0444,31.2357,2025-01-22 11:21:48.995285,6.992220324299565,14.912731070942728,440.2178995900153
Cairo,30.0444,31.2357,2025-01-23 11:21:48.995285,7.480142291382828,7.892679938251123,472.2890068218736
Cairo,30.0444,31.2357,2025-01-24 11:21:48.995285,7.243204823980473,18.075789435784152,429.23926186170036
Cairo,30.0444,31.2357,2025-01-25 11:21:48.995285,7.390824852622117,14.007846690939251,457.52279313372264
Cairo,30.0444,31.2357,2025-01-26 11:21:48.995285,7.44548955173866,14.784933045440829,428.76813751354575
Cairo,30.0444,31.2357,2025-01-27 11:21:48.995285,7.266476028412477,18.65866635466351,446.40571254640065
Cairo,30.0444,31.2357,2025-01-28 11:21:48.995285,7.832762470662266,13.015532559641844,486.5279672299133
Cairo,30.0444,31.2357,2025-01-29 11:21:48.995285,6.9873855780502225,19.19930446723355,481.2127192265646
Cairo,30.0444,31.2357,2025-01-30 11:21:48.995285,6.8723633579545425,48.14988636850417,484.9177581737413
Cairo,30.0444,31.2357,2025-01-31 11:21:48.995285,6.49401247861421,15.4979363775482,454.0000085450597
Cairo,30.0444,31.2357,2025-02-01 11:21:48.995285,7.499441316400239,15.925505807578283,442.1718349071824
Cairo,30.0444,31.2357,2025-02-02 11:21:48.995285,6.971978295387543,12.98621615940742,452.3903750736935
Cairo,30.0444,31.2357,2025-02-03 11:21:48.995285,7.7064023677985,11.401366918387732,456.3137683472187
Cairo,30.0444,31.2357,2025-02-04 11:21:48.995285,7.299180978470072,12.367054573466534,455.06611383314345
Cairo,30.0444,31.2357,2025-02-05 11:21:48.995285,7.064466854411503,16.930115529393408,433.3250949956764
Cairo,30.0444,31.2357,2025-02-06 11:21:48.995285,6.778144873628619,12.910031072670616,432.7805456715375
Cairo,30.0444,31.2357,2025-02-07 11:21:48.995285,7.538604634856409,11.497452184848823,436.13133089087614
Cairo,30.0444,31.2357,2025-02-08 11:21:48.995285,7.178445028982268,14.670066404764508,469.6933054224741
Cairo,30.0444,31.2357,2025-02-09 11:21:48.995285,7.307120894543206,15.999724270898428,472.083938625518
Cairo,30.0444,31.2357,2025-02-10 11:21:48.995285,7.44177653515655,14.947804845600956,512.3737011241243
Cairo,30.0444,31.2357,2025-02-11 11:21:48.995285,7.306301186925677,16.102015768093477,457.40533250726577
Cairo,30.0444,31.2357,2025-02-12 11:21:48.995285,6.860072649279373,17.216559106478922,433.29674097888255
Cairo,30.0444,31.2357,2025-02-13 11:21:48.995285,7.408507213872495,16.064926248704673,439.6458892277656
Cairo,30.0444,31.2357,2025-02-14 11:21:48.995285,7.528080296710278,14.628641596434502,446.217428714559
Cairo,30.0444,31.2357,2025-02-15 11:21:48.995285,7.344091614473254,13.861027132143665,479.62159721356005
Cairo,30.0444,31.2357,2025-02-16 11:21:48.995285,7.452939349407148,16.502720277619222,464.2698868268685
Cairo,30.0444,31.2357,2025-02-17 11:21:48.995285,7.490217725289867,15.521718200479892,422.7747232114136
Cairo,30.0444,31.2357,2025-02-18 11:21:48.995285,7.041574858561482,13.258061946746318,448.65907823104976
Cairo,30.0444,31.2357,2025-02-19 11:21:48.995285,7.0265770849448135,17.590989278516062,420.4367180165036
Cairo,30.0444,31.2357,2025-02-20 11:21:48.995285,8.090714787009784,15.51650340674513,461.77132999687603
Cairo,30.0444,31.2357,2025-02-21 11:21:48.995285,7.73030398533375,16.302077008878634,435.8263446727081
Cairo,30.0444,31.2357,2025-02-22 11:21:48.995285,7.180717645134999,14.214805440569076,437.7637434550201
Cairo,30.0444,31.2357,2025-02-23 11:21:48.995285,7.473131582318104,17.26138392778701,412.42491056029513
Cairo,30.0444,31.2357,2025-02-24 11:21:48.995285,6.824926067664166,11.828866755930479,465.13220103431604
Cairo,30.0444,31.2357,2025-02-25 11:21:48.995285,6.960447495025904,18.348726395458378,474.1506483420264
Cairo,30.0444,31.2357,2025-02-26 11:21:48.995285,6.701236139358826,11.116719657548252,436.08514052949164
Cairo,30.0444,31.2357,2025-02-27 11:21:48.995285,7.3142645526399095,12.236342073201856,446.65555892580977
Cairo,30.0444,31.2357,2025-02-28 11:21:48.995285,7.318946067283703,15.486954984463562,440.2468065169826
Cairo,30.0444,31.2357,2025-03-01 11:21:48.995285,7.6335304421340435,13.914014289892735,445.39006782683816
Cairo,30.0444,31.2357,2025-03-02 11:21:48.995285,7.115186426270578,14.309620451799686,433.26973479905234
Cairo,30.0444,31.2357,2025-03-03 11:21:48.995285,7.626635162442886,13.89338955829533,427.550677200133
Cairo,30.0444,31.2357,2025-03-04 11:21:48.995285,7.461165331330083,13.377237173184856,476.8062737621203
Cairo,30.0444,31.2357,2025-03-05 11:21:48.995285,8.183692482087045,15.563695658584907,396.50309749902306
Cairo,30.0444,31.2357,2025-03-06 11:21:48.995285,7.866846389946614,14.817509242369125,459.228612979295
Cairo,30.0444,31.2357,2025-03-07 11:21:48.995285,7.79686269109609,16.667736469944625,454.6473290749535
Cairo,30.0444,31.2357,2025-03-08 11:21:48.995285,7.5342730466688925,15.040396417741936,481.8789063454304
Cairo,30.0444,31.2357,2025-03-09 11:21:48.995285,6.842309844533554,14.02695970252237,443.87819244108556
Cairo,30.0444,31.2357,2025-03-10 11:21:48.995285,7.317117606972717,16.388625292713385,440.97083097799873
Cairo,30.0444,31.2357,2025-03-11 11:21:48.995285,8.099022089508548,11.152877601609301,432.0043056868742
Cairo,30.0444,31.2357,2025-03-12 11:21:48.995285,7.402781896551682,9.630110729667765,455.04716463283347
Cairo,30.0444,31.2357,2025-03-13 11:21:48.995285,6.871288574575091,11.592760699846133,433.51941864561195
Cairo,30.0444,31.2357,2025-03-14 11:21:48.995285,7.334387787160527,14.054764359850736,424.8423704618178
Cairo,30.0444,31.2357,2025-03-15 11:21:48.995285,6.804158066370077,15.496741953313194,432.3963789740199
Cairo,30.0444,31.2357,2025-03-16 11:21:48.995285,6.857522320525283,9.34204936559505,427.907804002088
Cairo,30.0444,31.2357,2025-03-17 11:21:48.995285,7.3651597048351425,14.63039923150747,426.417062700544
Cairo,30.0444,31.2357,2025-03-18 11:21:48.995285,7.495818369818958,13.91229800681474,447.92071340249345
Cairo,30.0444,31.2357,2025-03-19 11:21:48.995285,6.880831211957067,14.861842351375655,441.98844939072546
Cairo,30.0444,31.2357,2025-03-20 11:21:48.995285,6.97617741271113,10.737859154963134,456.52208537482346
Cairo,30.0444,31.2357,2025-03-21 11:21:48.995285,6.6294499635327275,19.747312326207652,448.11238764386144
Cairo,30.0444,31.2357,2025-03-22 11:21:48.995285,7.148282395785598,14.544210507227177,420.73753022119837
Cairo,30.0444,31.2357,2025-03-23 11:21:48.995285,6.421589072455659,12.005929102152326,401.95185068785656
Cairo,30.0444,31.2357,2025-03-24 11:21:48.995285,7.080341999336688,14.658943601394338,422.877440841441
Cairo,30.0444,31.2357,2025-03-25 11:21:48.995285,7.2318308082518445,17.348211846334827,458.86064521560075
Cairo,30.0444,31.2357,2025-03-26 11:21:48.995285,6.497684246397593,11.742411852605683,457.979303920623
Cairo,30.0444,31.2357,2025-03-27 11:21:48.995285,6.797096833184566,11.28200559562897,462.40965887789565
Cairo,30.0444,31.2357,2025-03-28 11:21:48.995285,7.175963328936125,13.99016554071012,459.0212521265887
Cairo,30.0444,31.2357,2025-03-29 11:21:48.995285,7.121369205179834,14.11422177803956,463.5391848584881
Cairo,30.0444,31.2357,2025-03-30 11:21:48.995285,7.139854828996584,15.550580627902761,449.44403761918727
Cairo,30.0444,31.2357,2025-03-31 11:21:48.995285,7.315205158468024,17.033275955866277,476.88572225757696
Cairo,30.0444,31.2357,2025-04-01 11:21:48.995285,6.531326834625787,15.59240139573277,446.19700893731823
Cairo,30.0444,31.2357,2025-04-02 11:21:48.995285,7.48346402691016,11.205540619756603,479.79441954483207
Cairo,30.0444,31.2357,2025-04-03 11:21:48.995285,7.07250903065518,11.786165604622491,426.7547212596212
Cairo,30.0444,31.2357,2025-04-04 11:21:48.995285,6.961521079164924,12.277818907573753,425.70541354905646
Cairo,30.0444,31.2357,2025-04-05 11:21:48.995285,6.454057811323758,15.374794006867312,434.34677962312634
Cairo,30.0444,31.2357,2025-04-06 11:21:48.995285,7.092969132732969,14.97674633777074,436.8837523003252
Cairo,30.0444,31.2357,2025-04-07 11:21:48.995285,7.404812102631322,16.229184022677398,430.636220123893
Cairo,30.0444,31.2357,2025-04-08 11:21:48.995285,7.2566288541730275,14.76401485067053,447.2712352635866
Cairo,30.0444,31.2357,2025-04-09 11:21:48.995285,7.268325141706996,12.333442267482297,433.83743335016726
Cairo,30.0444,31.2357,2025-04-10 11:21:48.995285,7.064382534367908,13.134316695865312,423.1356750063309
Cairo,30.0444,31.2357,2025-04-11 11:21:48.995285,7.175780591250961,10.543562641245538,426.74349696301715
Cairo,30.0444,31.2357,2025-04-12 11:21:48.995285,6.757015468753413,14.660155488149591,458.39113397551955
Cairo,30.0444,31.2357,2025-04-13 11:21:48.995285,7.1980935845228045,12.08819962922664,439.7465101003442
Cairo,30.0444,31.2357,2025-04-14 11:21:48.995285,7.003559392529226,15.72437835575792,399.2322800289411
Cairo,30.0444,31.2357,2025-04-15 11:21:48.995285,6.7500803194503805,14.41086752649089,462.31522404855144
Cairo,30.0444,31.2357,2025-04-16 11:21:48.995285,7.501887695714184,17.0198131254774,440.1083129240101
Cairo,30.0444,31.2357,2025-04-17 11:21:48.995285,6.569999961923204,13.916014819980076,443.5468458149826
Cairo,30.0444,31.2357,2025-04-18 11:21:48.995285,7.409714239538308,13.810266816631259,448.66263185012735
Cairo,30.0444,31.2357,2025-04-19 11:21:48.995285,7.434859257014564,12.57388967455254,449.0039048544594
Cairo,30.0444,31.2357,2025-04-20 11:21:48.995285,6.989104467966476,12.09970973467805,410.3063415711659
Cairo,30.0444,31.2357,2025-04-21 11:21:48.995285,7.612163585681811,12.280642629678352,406.57516736536735
Cairo,30.0444,31.2357,2025-04-22 11:21:48.995285,6.980663955165996,14.724498242187783,475.1900457215159
Cairo,30.0444,31.2357,2025-04-23 11:21:48.995285,6.95553759139492,9.956429308445342,412.57494742519197
Cairo,30.0444,31.2357,2025-04-24 11:21:48.995285,6.719857904189806,12.706966360419056,433.3761889528866
Cairo,30.0444,31.2357,2025-04-25 11:21:48.995285,7.196622620583016,9.173546321406144,457.6913900081469
Cairo,30.0444,31.2357,2025-04-26 11:21:48.995285,6.816536902632605,13.177313833332052,415.4435162044741
Cairo,30.0444,31.2357,2025-04-27 11:21:48.995285,6.883341502847265,11.43873830692425,416.3555265770802
Cairo,30.0444,31.2357,2025-04-28 11:21:48.995285,7.173850316763946,13.286777398544364,441.3246164083788
Cairo,30.0444,31.2357,2025-04-29 11:21:48.995285,7.190597047215012,10.7175976224228,426.2834166623945
Cairo,30.0444,31.2357,2025-04-30 11:21:48.995285,7.702373452713426,11.611044853179626,431.1522660937959
Cairo,30.0444,31.2357,2025-05-01 11:21:48.995285,7.572413140804144,13.311492023844263,418.85926641448884
Cairo,30.0444,31.2357,2025-05-02 11:21:48.995285,7.420396896547174,12.219713939393776,409.15219097184143
Cairo,30.0444,31.2357,2025-05-03 11:21:48.995285,7.14138015318363,14.974126497922263,412.22657603815725
Cairo,30.0444,31.2357,2025-05-04 11:21:48.995285,7.038393618328169,10.845476391547564,441.96520481824825
Cairo,30.0444,31.2357,2025-05-05 11:21:48.995285,7.189362990664289,10.592086185213255,411.368239851808
Cairo,30.0444,31.2357,2025-05-06 11:21:48.995285,6.9774870573341925,14.120626031329907,425.04489755897134
Cairo,30.0444,31.2357,2025-05-07 11:21:48.995285,6.91962791812972,10.831162138764787,396.27934399503584
Cairo,30.0444,31.2357,2025-05-08 11:21:48.995285,7.168482741027393,10.65712755579804,455.64122382197763
Cairo,30.0444,31.2357,2025-05-09 11:21:48.995285,6.848646562351434,12.167356388675072,420.3890299670549
Cairo,30.0444,31.2357,2025-05-10 11:21:48.995285,6.873229827024291,10.99061974331355,419.97551590886775
Cairo,30.0444,31.2357,2025-05-11 11:21:48.995285,7.5819496355858895,10.612020250166452,430.8766835623745
Cairo,30.0444,31.2357,2025-05-12 11:21:48.995285,6.648128363217031,9.765536885757726,401.89736806815955
Cairo,30.0444,31.2357,2025-05-13 11:21:48.995285,6.784088958051474,13.792254475228354,434.5510083037949
Cairo,30.0444,31.2357,2025-05-14 11:21:48.995285,7.7093095306079995,10.682077656750966,379.50754413856134
Cairo,30.0444,31.2357,2025-05-15 11:21:48.995285,7.043144316145305,9.774536149865467,396.6999200498088
Cairo,30.0444,31.2357,2025-05-16 11:21:48.995285,7.750410405095911,10.220267893220726,392.11579566380044
Cairo,30.0444,31.2357,2025-05-17 11:21:48.995285,6.733053951669983,11.43883898210565,369.6780036715002
Cairo,30.0444,31.2357,2025-05-18 11:21:48.995285,7.229512868301134,13.566308926737806,395.86370782978395
Cairo,30.0444,31.2357,2025-05-19 11:21:48.995285,7.508730886559479,10.220056744435775,404.54391793911884
Cairo,30.0444,31.2357,2025-05-20 11:21:48.995285,6.8376113860660475,8.747095162353833,382.9284671120284
Cairo,30.0444,31.2357,2025-05-21 11:21:48.995285,7.869733126284984,14.224670904701668,379.1828598357902
Cairo,30.0444,31.2357,2025-05-22 11:21:48.995285,7.043860086811499,10.572168315647485,403.832167486198
Cairo,30.0444,31.2357,2025-05-23 11:21:48.995285,7.403635980384296,10.00325639198057,400.5512813923439
Cairo,30.0444,31.2357,2025-05-24 11:21:48.995285,6.928778154966199,10.272761396951593,395.97603411139005
Cairo,30.0444,31.2357,2025-05-25 11:21:48.995285,7.796645539909035,7.552115015741798,375.10771495863537
Cairo,30.0444,31.2357,2025-05-26 11:21:48.995285,7.321343884114395,9.866153683218407,391.67891079939193
Cairo,30.0444,31.2357,2025-05-27 11:21:48.995285,8.03891196025091,11.390123734115186,385.383590608787
Cairo,30.0444,31.2357,2025-05-28 11:21:48.995285,7.671628804513901,12.225129340388596,399.56645910493853
Cairo,30.0444,31.2357,2025-05-29 11:21:48.995285,7.534813157476976,8.982512618775703,385.812690278314
Cairo,30.0444,31.2357,2025-05-30 11:21:48.995285,6.817953182908286,9.988974442865144,395.35559712075946
Cairo,30.0444,31.2357,2025-05-31 11:21:48.995285,7.233541645580143,12.003263741804883,369.05681033298004
Cairo,30.0444,31.2357,2025-06-01 11:21:48.995285,7.073329073101371,9.516762661487098,366.4801126626239
Cairo,30.0444,31.2357,2025-06-02 11:21:48.995285,7.210490903375684,10.795208574976378,404.7133910875032
Cairo,30.0444,31.2357,2025-06-03 11:21:48.995285,7.25908831120073,10.119626560676322,408.01708847976323
Cairo,30.0444,31.2357,2025-06-04 11:21:48.995285,6.839721012040537,7.8574131777320755,384.0051667565588
Cairo,30.0444,31.2357,2025-06-05 11:21:48.995285,7.137375015863955,7.268897903589032,391.56439326787665
Cairo,30.0444,31.2357,2025-06-06 11:21:48.995285,7.161444467601728,11.135278021599447,381.1720916020066
Cairo,30.0444,31.2357,2025-06-07 11:21:48.995285,6.79590863644514,3.583130330484174,411.2684688904042
Cairo,30.0444,31.2357,2025-06-08 11:21:48.995285,7.5201668733208775,7.5112259237191275,384.4226971428411
Cairo,30.0444,31.2357,2025-06-09 11:21:48.995285,7.288994085310539,5.9742881594194985,377.67137791855833
Cairo,30.0444,31.2357,2025-06-10 11:21:48.995285,7.525301283967251,10.80326031034959,406.1427024249953
Cairo,30.0444,31.2357,2025-06-11 11:21:48.995285,7.39488741611404,11.328409569056074,370.5068601062617
Cairo,30.0444,31.2357,2025-06-12 11:21:48.995285,6.514549804448589,7.067770678476137,388.2966857664575
Cairo,30.0444,31.2357,2025-06-13 11:21:48.995285,6.866677937632301,13.964271081629796,363.37524816631156
Cairo,30.0444,31.2357,2025-06-14 11:21:48.995285,7.861284525987425,11.107390673616374,396.82056828760216
Cairo,30.0444,31.2357,2025-06-15 11:21:48.995285,7.514035640301304,8.66624904871939,399.02776155735313
Cairo,30.0444,31.2357,2025-06-16 11:21:48.995285,6.551344305927443,11.191410374833493,356.1404374970116
Cairo,30.0444,31.2357,2025-06-17 11:21:48.995285,7.388004413011394,6.8280035876649645,352.2217659003476
Cairo,30.0444,31.2357,2025-06-18 11:21:48.995285,6.867234031487706,7.478867149371998,386.091320237451
Cairo,30.0444,31.2357,2025-06-19 11:21:48.995285,6.361404204699855,8.879641024780149,418.3485818437921
Cairo,30.0444,31.2357,2025-06-20 11:21:48.995285,7.862883600752793,6.49089495212009,396.4294044493986
Cairo,30.0444,31.2357,2025-06-21 11:21:48.995285,7.230130327178765,5.2287853760510785,373.727364770763
Cairo,30.0444,31.2357,2025-06-22 11:21:48.995285,7.286791352392152,5.844482646798488,360.118639841727
Cairo,30.0444,31.2357,2025-06-23 11:21:48.995285,6.697291552997858,7.250835199665521,352.1195934257718
Cairo,30.0444,31.2357,2025-06-24 11:21:48.995285,6.7387450014675245,8.507267153966001,390.0278518168538
Cairo,30.0444,31.2357,2025-06-25 11:21:48.995285,6.563345121840004,6.818010000878902,393.3933917015319
Cairo,30.0444,31.2357,2025-06-26 11:21:48.995285,7.766790432677439,4.140003196766763,361.57369254536604
Cairo,30.0444,31.2357,2025-06-27 11:21:48.995285,6.542668542265102,8.286990780358765,368.52893403769764
Cairo,30.0444,31.2357,2025-06-28 11:21:48.995285,7.846713987328305,9.820546087854797,373.6771048352615
Cairo,30.0444,31.2357,2025-06-29 11:21:48.995285,6.805294498066648,5.8821641076471565,408.2774660567211
Cairo,30.0444,31.2357,2025-06-30 11:21:48.995285,6.70884829862407,10.456719848831728,372.61444977564565
Cairo,30.0444,31.2357,2025-07-01 11:21:48.995285,7.177851065210753,8.798820022877146,350.9917002869355
Cairo,30.0444,31.2357,2025-07-02 11:21:48.995285,6.926316251326935,4.883563564944446,346.7859507594411
Cairo,30.0444,31.2357,2025-07-03 11:21:48.995285,7.23891821536243,5.627758127664877,351.0112845377734
Cairo,30.0444,31.2357,2025-07-04 11:21:48.995285,6.849137389042608,6.230226020175224,393.8422994561596
Cairo,30.0444,31.2357,2025-07-05 11:21:48.995285,7.074606900115027,6.419172982076037,378.16007231975095
Cairo,30.0444,31.2357,2025-07-06 11:21:48.995285,6.896642730484267,1.8474589784523845,360.33230907277857
Cairo,30.0444,31.2357,2025-07-07 11:21:48.995285,7.544490289386525,5.153361935823611,308.09087406536645
Cairo,30.0444,31.2357,2025-07-08 11:21:48.995285,7.40504919655619,16.46659288597107,348.90868675965174
Cairo,30.0444,31.2357,2025-07-09 11:21:48.995285,7.299087688575614,10.31471367628724,372.2153271978164
Cairo,30.0444,31.2357,2025-07-10 11:21:48.995285,7.6214189691604695,6.925933202214267,371.76417178470734
Cairo,30.0444,31.2357,2025-07-11 11:21:48.995285,7.305271809728529,4.815584671098728,370.9853357862944
Cairo,30.0444,31.2357,2025-07-12 11:21:48.995285,7.271519768771821,5.475150793562227,336.5760265124551
Cairo,30.0444,31.2357,2025-07-13 11:21:48.995285,7.152018509926143,7.144065049987502,366.4789272687413
Cairo,30.0444,31.2357,2025-07-14 11:21:48.995285,6.913500740720437,5.480758191881932,342.84844876227993
Cairo,30.0444,31.2357,2025-07-15 11:21:48.995285,6.914383057825548,5.009864557836635,361.8433899105168
Cairo,30.0444,31.2357,2025-07-16 11:21:48.995285,7.258848336338231,5.019162783094743,345.90031227242827
Cairo,30.0444,31.2357,2025-07-17 11:21:48.995285,7.607162716920422,7.031211473356423,382.1261459793867
Cairo,30.0444,31.2357,2025-07-18 11:21:48.995285,7.428145497587978,3.2556556450532437,366.93979609068754
Cairo,30.0444,31.2357,2025-07-19 11:21:48.995285,7.425847264708221,3.793801449837452,356.8113490060169
Cairo,30.0444,31.2357,2025-07-20 11:21:48.995285,6.757537548305371,4.062020001815585,386.78065068685277
Cairo,30.0444,31.2357,2025-07-21 11:21:48.995285,7.409132745026667,3.6600414379864925,351.23243981143423
Cairo,30.0444,31.2357,2025-07-22 11:21:48.995285,7.0403170163797,4.173104847197372,329.9022660547925
Cairo,30.0444,31.2357,2025-07-23 11:21:48.995285,7.270294650635002,7.567479149617821,378.8550178443002
Cairo,30.0444,31.2357,2025-07-24 11:21:48.995285,7.42080594793149,7.801100912731304,362.328088686145
Cairo,30.0444,31.2357,2025-07-25 11:21:48.995285,6.737517120058496,6.2277034651965915,350.46934997043985
Cairo,30.0444,31.2357,2025-07-26 11:21:48.995285,7.262961486195916,6.0710939589396515,343.5397783958272
Cairo,30.0444,31.2357,2025-07-27 11:21:48.995285,7.294504933466705,4.25997510253226,366.21506066480663
Cairo,30.0444,31.2357,2025-07-28 11:21:48.995285,7.599453905410668,1.397527124598673,371.86983475527535
Cairo,30.0444,31.2357,2025-07-29 11:21:48.995285,6.993249816011837,5.808506812818153,339.87373708753705
Cairo,30.0444,31.2357,2025-07-30 11:21:48.995285,7.175514268865259,6.0786938979088125,366.139013957599
Cairo,30.0444,31.2357,2025-07-31 11:21:48.995285,7.267985712814447,4.099626674295556,359.48189051865666
Cairo,30.0444,31.2357,2025-08-01 11:21:48.995285,6.9932856277455935,3.2599381338130957,337.5324298165076
Cairo,30.0444,31.2357,2025-08-02 11:21:48.995285,6.985980898200528,2.8317152253340243,353.86263249097993
Cairo,30.0444,31.2357,2025-08-03 11:21:48.995285,6.970542976017377,5.681651756741277,342.5307518342322
Cairo,30.0444,31.2357,2025-08-04 11:21:48.995285,7.148910786803183,5.4794015985241185,377.9626967734606
Cairo,30.0444,31.2357,2025-08-05 11:21:48.995285,7.8988348874338445,7.675306922058258,339.8835973744854
Cairo,30.0444,31.2357,2025-08-06 11:21:48.995285,7.163169829555001,3.6473059797578244,382.75939692198205
Cairo,30.0444,31.2357,2025-08-07 11:21:48.995285,7.395015997304316,4.655725034383578,354.944178781725
Cairo,30.0444,31.2357,2025-08-08 11:21:48.995285,7.212637154390499,5.240812099765598,317.153848081333
Cairo,30.0444,31.2357,2025-08-09 11:21:48.995285,7.076989425945336,4.0829291004203405,308.3641004688351
Cairo,30.0444,31.2357,2025-08-10 11:21:48.995285,7.190320919187037,6.838342906795065,347.4309679749787
Cairo,30.0444,31.2357,2025-08-11 11:21:48.995285,7.507738244124044,7.615701204911777,378.0666139107137
Cairo,30.0444,31.2357,2025-08-12 11:21:48.995285,7.1786130257044825,2.9088130760782707,375.8118693571478
Cairo,30.0444,31.2357,2025-08-13 11:21:48.995285,7.135626188268498,4.1857651809514325,354.34557698959725
Cairo,30.0444,31.2357,2025-08-14 11:21:48.995285,7.106090653422057,7.734477164351208,336.11230101569583
Cairo,30.0444,31.2357,2025-08-15 11:21:48.995285,6.80260794387949,5.716587187700107,342.35661762582134
Cairo,30.0444,31.2357,2025-08-16 11:21:48.995285,7.616036062875642,5.291035648470736,354.7131193659815
Cairo,30.0444,31.2357,2025-08-17 11:21:48.995285,7.021225571653454,5.726910412102138,372.1904264729431
Cairo,30.0444,31.2357,2025-08-18 11:21:48.995285,7.787763811873306,6.3454946395741,361.721153069904
Cairo,30.0444,31.2357,2025-08-19 11:21:48.995285,7.297882398955808,5.802801038021011,369.61042576891157
Cairo,30.0444,31.2357,2025-08-20 11:21:48.995285,7.76235415567166,5.44389551637008,363.0405480561323
Cairo,30.0444,31.2357,2025-08-21 11:21:48.995285,7.1200229239103505,5.0295643001052985,368.88184009567703
Cairo,30.0444,31.2357,2025-08-22 11:21:48.995285,6.906728969629734,7.70205003591639,304.83202296761704
Cairo,30.0444,31.2357,2025-08-23 11:21:48.995285,7.617291075557298,4.469700480137812,332.17152994152934
Cairo,30.0444,31.2357,2025-08-24 11:21:48.995285,6.975594313564886,5.002890741930365,327.90791130787926
Cairo,30.0444,31.2357,2025-08-25 11:21:48.995285,7.714214727472131,8.10403336566788,326.0033275379638
Cairo,30.0444,31.2357,2025-08-26 11:21:48.995285,7.431485499934615,5.652610519296162,350.122978778086
Cairo,30.0444,31.2357,2025-08-27 11:21:48.995285,7.785785004895105,4.870578463123995,321.0919112436077
Cairo,30.0444,31.2357,2025-08-28 11:21:48.995285,6.80941128061956,6.269316267533221,331.20290329821853
Cairo,30.0444,31.2357,2025-08-29 11:21:48.995285,7.582604352514891,5.467954216272335,348.1596410483053
Cairo,30.0444,31.2357,2025-08-30 11:21:48.995285,6.9029011327799195,3.542174573404523,318.13187443311864
Cairo,30.0444,31.2357,2025-08-31 11:21:48.995285,6.241430019888977,5.519113714959873,340.5657426069654
Cairo,30.0444,31.2357,2025-09-01 11:21:48.995285,7.558366679293043,3.421354348258749,363.16574998418764
Cairo,30.0444,31.2357,2025-09-02 11:21:48.995285,7.197439225401559,8.703882209765826,325.9950250008486
Cairo,30.0444,31.2357,2025-09-03 11:21:48.995285,7.584965621668077,5.540806687934097,366.5585031047343
Cairo,30.0444,31.2357,2025-09-04 11:21:48.995285,7.236805196540399,3.201216095431165,334.6528370347629
Cairo,30.0444,31.2357,2025-09-05 11:21:48.995285,7.208590086304994,4.308205925247767,356.36766122092536
Cairo,30.0444,31.2357,2025-09-06 11:21:48.995285,7.799081387468504,6.629914793775134,328.9835167434233
Cairo,30.0444,31.2357,2025-09-07 11:21:48.995285,7.2473174217473835,2.9472396556239193,360.36217179747354
Cairo,30.0444,31.2357,2025-09-08 11:21:48.995285,7.009799906288899,10.59060908304733,345.4251482264234
Cairo,30.0444,31.2357,2025-09-09 11:21:48.995285,7.1646499537230826,2.260794624381035,361.03694221136874
Cairo,30.0444,31.2357,2025-09-10 11:21:48.995285,7.263055421370199,7.04566084234126,341.03951723250225
Cairo,30.0444,31.2357,2025-09-11 11:21:48.995285,6.0621387518270184,4.2456074580375605,363.30949914270104
Cairo,30.0444,31.2357,2025-09-12 11:21:48.995285,7.396442065255087,3.626984815481066,369.38516861152567
Cairo,30.0444,31.2357,2025-09-13 11:21:48.995285,7.743561813784826,6.347482044700861,355.11468120175925
Cairo,30.0444,31.2357,2025-09-14 11:21:48.995285,7.180404484716593,4.392805519699723,343.41636229989354
Cairo,30.0444,31.2357,2025-09-15 11:21:48.995285,7.031696936501562,8.513919557475091,348.6342429983693
Cairo,30.0444,31.2357,2025-09-16 11:21:48.995285,7.3551070074677565,2.5597078321134163,328.3376203253784
Cairo,30.0444,31.2357,2025-09-17 11:21:48.995285,7.897418956375877,19.559101534502915,358.0098047903232
Cairo,30.0444,31.2357,2025-09-18 11:21:48.995285,7.387677944854554,4.878915025242794,366.75286609215374
Cairo,30.0444,31.2357,2025-09-19 11:21:48.995285,7.285749459059963,6.0574887122664025,385.9746902497822
Cairo,30.0444,31.2357,2025-09-20 11:21:48.995285,7.043768300531474,6.53003531466972,381.18466780659844
Cairo,30.0444,31.2357,2025-09-21 11:21:48.995285,6.772201438112051,2.0768562240044,335.8545257746878
Cairo,30.0444,31.2357,2025-09-22 11:21:48.995285,7.20936303317628,6.047676583119841,360.0387739533534
Cairo,30.0444,31.2357,2025-09-23 11:21:48.995285,7.216630704248057,7.798648263042857,353.54568773766033
Cairo,30.0444,31.2357,2025-09-24 11:21:48.995285,6.4271610934454975,6.595492485592185,380.9871067146778
Cairo,30.0444,31.2357,2025-09-25 11:21:48.995285,6.909286541556989,4.9686392108517365,342.8783488750348
Cairo,30.0444,31.2357,2025-09-26 11:21:48.995285,7.663544504704328,2.923304851935083,375.07076484614817
Cairo,30.0444,31.2357,2025-09-27 11:21:48.995285,7.096772169421351,6.812808729793984,338.2284324057804
Cairo,30.0444,31.2357,2025-09-28 11:21:48.995285,6.217669707294423,9.596361218961581,356.3218436037799
Cairo,30.0444,31.2357,2025-09-29 11:21:48.995285,7.840470138961818,7.21635527129311,341.2359459149904
Cairo,30.0444,31.2357,2025-09-30 11:21:48.995285,6.843396368934433,8.257742539221912,320.1222315802121
Cairo,30.0444,31.2357,2025-10-01 11:21:48.995285,7.011893081837124,23.57768411401701,341.8436010096218
Cairo,30.0444,31.2357,2025-10-02 11:21:48.995285,7.624901648707423,5.259113987001232,355.30246914952903
Cairo,30.0444,31.2357,2025-10-03 11:21:48.995285,6.903170620147095,18.83849021312333,389.50859357379375
Cairo,30.0444,31.2357,2025-10-04 11:21:48.995285,6.412015772725453,7.889972252574351,339.78222450066795
Cairo,30.0444,31.2357,2025-10-05 11:21:48.995285,7.287026211985759,3.0490306568088785,349.9701099572046
Cairo,30.0444,31.2357,2025-10-06 11:21:48.995285,7.518736861898672,7.568625659867902,333.84441331551676
Cairo,30.0444,31.2357,2025-10-07 11:21:48.995285,7.012355760737944,8.84075052853131,386.3347309182564
Cairo,30.0444,31.2357,2025-10-08 11:21:48.995285,7.1508624746833025,6.279061279986798,354.60855667424886
Cairo,30.0444,31.2357,2025-10-09 11:21:48.995285,6.728081503383437,8.069756459728177,357.6498355057366
Cairo,30.0444,31.2357,2025-10-10 11:21:48.995285,6.801814567389687,5.3939649775147815,358.07239236941996
Cairo,30.0444,31.2357,2025-10-11 11:21:48.995285,7.071329080041245,6.641204809574647,326.6359394962126
Cairo,30.0444,31.2357,2025-10-12 11:21:48.995285,7.4594448916252265,6.081557221259518,336.9457063451251
Cairo,30.0444,31.2357,2025-10-13 11:21:48.995285,7.2391098971985866,7.6114522911221885,347.8826248355924
Cairo,30.0444,31.2357,2025-10-14 11:21:48.995285,7.608019719639424,6.547800977354935,379.8888563325402
Cairo,30.0444,31.2357,2025-10-15 11:21:48.995285,7.861444390039175,3.4704797136542784,318.2434957611201
Cairo,30.0444,31.2357,2025-10-16 11:21:48.995285,7.554628868059193,5.453511377677881,1139.1713916816716
Cairo,30.0444,31.2357,2025-10-17 11:21:48.995285,6.564014623234393,10.842632834139348,376.4381252355973
Cairo,30.0444,31.2357,2025-10-18 11:21:48.995285,7.0864887856928815,8.161436930713117,333.96587336121354
Cairo,30.0444,31.2357,2025-10-19 11:21:48.995285,7.55079826050863,2.9001556650133953,364.62054417225147
Cairo,30.0444,31.2357,2025-10-20 11:21:48.995285,7.15218202172375,9.582128722312884,394.942121073733
Cairo,30.0444,31.2357,2025-10-21 11:21:48.995285,6.552263652324164,4.932180722385285,350.96780825013656
Cairo,30.0444,31.2357,2025-10-22 11:21:48.995285,6.979208431547668,9.096723761763506,362.0602075453103
Cairo,30.0444,31.2357,2025-10-23 11:21:48.995285,6.291019313160962,9.967390312276782,429.0503389620741
Cairo,30.0444,31.2357,2025-10-24 11:21:48.995285,7.089001750248941,7.660025328248374,381.08441031351697
Cairo,30.0444,31.2357,2025-10-25 11:21:48.995285,6.926031490201615,5.53733647108345,370.15134347362675
Cairo,30.0444,31.2357,2025-10-26 11:21:48.995285,7.055741631588792,6.176003186316288,366.5221355653084
Cairo,30.0444,31.2357,2025-10-27 11:21:48.995285,7.672590068564321,8.940764924078415,384.28367888869184
Cairo,30.0444,31.2357,2025-10-28 11:21:48.995285,6.667439457464136,5.487884621379928,391.2866985774228
Cairo,30.0444,31.2357,2025-10-29 11:21:48.995285,6.912713667512687,6.672335739296448,335.24599012906685
Cairo,30.0444,31.2357,2025-10-30 11:21:48.995285,6.743295028993622,8.939819950717006,334.461608703585
Cairo,30.0444,31.2357,2025-10-31 11:21:48.995285,7.628534431816512,6.690210593775195,359.96465707685803
Cairo,30.0444,31.2357,2025-11-01 11:21:48.995285,7.652494888002003,10.913245733656598,377.6399617508864
Cairo,30.0444,31.2357,2025-11-02 11:21:48.995285,7.3440301063510285,6.075218407950425,383.0251581426398
Cairo,30.0444,31.2357,2025-11-03 11:21:48.995285,7.323315841055278,1.6553059266029075,348.2470228177535
Cairo,30.0444,31.2357,2025-11-04 11:21:48.995285,6.719864709802513,6.7559439664014285,379.0281819459829
Cairo,30.0444,31.2357,2025-11-05 11:21:48.995285,7.27967559472467,9.013898517717228,382.4997389373345
Cairo,30.0444,31.2357,2025-11-06 11:21:48.995285,6.751235834592586,10.202053701121564,367.75699056712773
Cairo,30.0444,31.2357,2025-11-07 11:21:48.995285,7.216477581674511,7.740810634526278,374.88607126819375
Cairo,30.0444,31.2357,2025-11-08 11:21:48.995285,7.062660599560329,8.085748873675819,371.8720751185945
Cairo,30.0444,31.2357,2025-11-09 11:21:48.995285,6.962333246807972,8.661460746798982,396.5183413726284
Cairo,30.0444,31.2357,2025-11-10 11:21:48.995285,7.211320943623991,12.290460657164218,388.20375218191873
Cairo,30.0444,31.2357,2025-11-11 11:21:48.995285,7.470904760327457,9.64791034046845,1098.1747529018608
Cairo,30.0444,31.2357,2025-11-12 11:21:48.995285,7.910182767240018,7.988931175559819,408.8457099870656
Cairo,30.0444,31.2357,2025-11-13 11:21:48.995285,7.420393975057956,13.16239664718818,363.2428119109777
Cairo,30.0444,31.2357,2025-11-14 11:21:48.995285,8.111195922041821,9.165950755861294,357.1771693029577
Cairo,30.0444,31.2357,2025-11-15 11:21:48.995285,7.280370014809421,5.077822358065733,387.3815447362212
Cairo,30.0444,31.2357,2025-11-16 11:21:48.995285,7.91355493196753,6.539952618103425,388.13166880741153
Cairo,30.0444,31.2357,2025-11-17 11:21:48.995285,7.374233635064379,10.51543325878072,395.44533819820305
Cairo,30.0444,31.2357,2025-11-18 11:21:48.995285,7.295915832704641,5.930037063487816,371.21849494569585
Cairo,30.0444,31.2357,2025-11-19 11:21:48.995285,7.132708801849975,10.566278175538123,413.5633693694557
Cairo,30.0444,31.2357,2025-11-20 11:21:48.995285,7.319640383080843,8.096051943876146,430.85463559750457
Cairo,30.0444,31.2357,2025-11-21 11:21:48.995285,7.372631399569266,12.097333927895185,396.98604899646153
Cairo,30.0444,31.2357,2025-11-22 11:21:48.995285,6.633018882458953,10.162917674975132,404.59912763259223
Cairo,30.0444,31.2357,2025-11-23 11:21:48.995285,7.480021621530996,6.639888400829965,356.8365120672381
Cairo,30.0444,31.2357,2025-11-24 11:21:48.995285,6.606402474934599,11.828446091989008,391.30220103305123
Mumbai,19.076,72.8777,2024-11-24 11:21:48.995285,6.944256844853877,7.222163511528173,416.455519304302
Mumbai,19.076,72.8777,2024-11-25 11:21:48.995285,6.833078266302618,10.878347921060854,387.66600139316733
Mumbai,19.076,72.8777,2024-11-26 11:21:48.995285,7.124564276573997,8.580931569657977,387.6809470464181
Mumbai,19.076,72.8777,2024-11-27 11:21:48.995285,7.85459608397476,8.433674989411694,419.00287462581383
Mumbai,19.076,72.8777,2024-11-28 11:21:48.995285,6.555743179248691,7.650405181458964,416.0820059993822
Mumbai,19.076,72.8777,2024-11-29 11:21:48.995285,7.536241290770835,12.686424652771638,413.4984332660933
Mumbai,19.076,72.8777,2024-11-30 11:21:48.995285,7.8134764690028025,12.924338438768086,383.099578330992
Mumbai,19.076,72.8777,2024-12-01 11:21:48.995285,6.949521188538584,9.36051206641736,398.32900090907077
Mumbai,19.076,72.8777,2024-12-02 11:21:48.995285,7.350558559787587,12.510669416058331,420.6446112205007
Mumbai,19.076,72.8777,2024-12-03 11:21:48.995285,7.151215195404121,8.699887471534872,453.3899481689151
Mumbai,19.076,72.8777,2024-12-04 11:21:48.995285,6.512284681997114,10.054266132618684,444.78793930043753
Mumbai,19.076,72.8777,2024-12-05 11:21:48.995285,7.687594680514294,12.299061058849183,400.05273624776663
Mumbai,19.076,72.8777,2024-12-06 11:21:48.995285,7.214088441189597,9.023099484536882,397.0729765866617
Mumbai,19.076,72.8777,2024-12-07 11:21:48.995285,6.991605929435491,9.630984392129102,445.6947681511488
Mumbai,19.076,72.8777,2024-12-08 11:21:48.995285,6.591332250811815,11.24236883742108,423.94751389616454
Mumbai,19.076,72.8777,2024-12-09 11:21:48.995285,7.40836089515763,11.351352403520151,403.4113930828618
Mumbai,19.076,72.8777,2024-12-10 11:21:48.995285,7.260847267141942,9.203157697058618,416.13153387938667
Mumbai,19.076,72.8777,2024-12-11 11:21:48.995285,7.44232190093119,15.908357636786894,389.4369481827262
Mumbai,19.076,72.8777,2024-12-12 11:21:48.995285,7.422105880408152,9.836947072009858,435.42585107003447
Mumbai,19.076,72.8777,2024-12-13 11:21:48.995285,6.874720239787108,13.511891774799407,444.06037341793876
Mumbai,19.076,72.8777,2024-12-14 11:21:48.995285,5.832037608338516,12.87932489951315,447.67772441782427
Mumbai,19.076,72.8777,2024-12-15 11:21:48.995285,7.156024050443802,10.157641426996499,440.2001969795781
Mumbai,19.076,72.8777,2024-12-16 11:21:48.995285,7.129128279201229,12.775140992762053,412.0782928417258
Mumbai,19.076,72.8777,2024-12-17 11:21:48.995285,7.265526877429472,10.247148699656604,437.1660765005072
Mumbai,19.076,72.8777,2024-12-18 11:21:48.995285,7.807151183313063,12.149140284298873,449.2891472182415
Mumbai,19.076,72.8777,2024-12-19 11:21:48.995285,7.180508786700031,13.7340888929218,439.76148312756123
Mumbai,19.076,72.8777,2024-12-20 11:21:48.995285,7.477031756843082,11.047441949975516,438.70401341410167
Mumbai,19.076,72.8777,2024-12-21 11:21:48.995285,7.350836997549678,13.064108181675483,426.23636447500496
Mumbai,19.076,72.8777,2024-12-22 11:21:48.995285,6.646076509344001,11.165727294876456,405.06021791252704
Mumbai,19.076,72.8777,2024-12-23 11:21:48.995285,6.683927162322672,38.23485720990672,461.0431941429548
Mumbai,19.076,72.8777,2024-12-24 11:21:48.995285,7.661433556477819,12.681152762206391,423.95573122790825
Mumbai,19.076,72.8777,2024-12-25 11:21:48.995285,6.84821330987105,11.810077717697142,449.7176041113821
Mumbai,19.076,72.8777,2024-12-26 11:21:48.995285,7.347664464660764,8.954428498429827,475.7309018964678
Mumbai,19.076,72.8777,2024-12-27 11:21:48.995285,6.790421815903443,14.251806799789515,445.06876284967564
Mumbai,19.076,72.8777,2024-12-28 11:21:48.995285,7.498574355775628,16.743128730479302,451.1198548715687
Mumbai,19.076,72.8777,2024-12-29 11:21:48.995285,7.2989693169764935,13.112732594587357,409.6228366952091
Mumbai,19.076,72.8777,2024-12-30 11:21:48.995285,7.080863628127812,11.677924127333716,414.49191801548034
Mumbai,19.076,72.8777,2024-12-31 11:21:48.995285,7.466633754668644,13.389817801676935,455.03581618501846
Mumbai,19.076,72.8777,2025-01-01 11:21:48.995285,7.303879603176742,15.334437571314425,1258.2965509415299
Mumbai,19.076,72.8777,2025-01-02 11:21:48.995285,6.911093627642734,15.669320336115431,404.2750509930992
Mumbai,19.076,72.8777,2025-01-03 11:21:48.995285,7.204780652913396,15.000533751771819,398.5558570677398
Mumbai,19.076,72.8777,2025-01-04 11:21:48.995285,7.4676439514944954,14.133507791905439,428.0985607214635
Mumbai,19.076,72.8777,2025-01-05 11:21:48.995285,7.643078089095049,14.658774942480548,428.49577264135297
Mumbai,19.076,72.8777,2025-01-06 11:21:48.995285,7.148512134159051,13.608789293495981,453.67973531368534
Mumbai,19.076,72.8777,2025-01-07 11:21:48.995285,7.914581304181559,11.523191313699513,414.570146500868
Mumbai,19.076,72.8777,2025-01-08 11:21:48.995285,6.9021931726897465,12.740190105652022,462.52193237324377
Mumbai,19.076,72.8777,2025-01-09 11:21:48.995285,6.5772620424147155,12.912440113431597,411.3305439293698
Mumbai,19.076,72.8777,2025-01-10 11:21:48.995285,6.635575324601951,14.203333505749844,412.46290754603507
Mumbai,19.076,72.8777,2025-01-11 11:21:48.995285,7.196019084789792,10.149110445370034,439.5399881653869
Mumbai,19.076,72.8777,2025-01-12 11:21:48.995285,7.204809872475432,14.756935810972003,438.41139294596866
Mumbai,19.076,72.8777,2025-01-13 11:21:48.995285,7.250241017826408,9.765604927904885,449.50858590003065
Mumbai,19.076,72.8777,2025-01-14 11:21:48.995285,6.932777324864548,14.669743378205542,414.95764145904934
Mumbai,19.076,72.8777,2025-01-15 11:21:48.995285,8.090285922548276,16.2411710887534,446.0761149434473
Mumbai,19.076,72.8777,2025-01-16 11:21:48.995285,7.80437204739592,15.744407385050074,405.9841351880526
Mumbai,19.076,72.8777,2025-01-17 11:21:48.995285,6.742285134504396,12.21539207817325,396.1644673007389
Mumbai,19.076,72.8777,2025-01-18 11:21:48.995285,7.159228290993824,15.304902277044475,477.1373779762602
Mumbai,19.076,72.8777,2025-01-19 11:21:48.995285,7.219713755763461,15.516094382550687,462.00491102632975
Mumbai,19.076,72.8777,2025-01-20 11:21:48.995285,7.474252013690409,17.56740508692096,441.4838939252303
Mumbai,19.076,72.8777,2025-01-21 11:21:48.995285,6.590319479895052,14.93451930725855,401.57921272093733
Mumbai,19.076,72.8777,2025-01-22 11:21:48.995285,6.514349697671443,16.30132376593804,433.32958377595855
Mumbai,19.076,72.8777,2025-01-23 11:21:48.995285,6.712435809793495,13.419567593772017,451.91323884916466
Mumbai,19.076,72.8777,2025-01-24 11:21:48.995285,7.801643204271925,12.633154275699937,434.1683429981328
Mumbai,19.076,72.8777,2025-01-25 11:21:48.995285,6.938118041096777,16.107975534611505,475.019589526844
Mumbai,19.076,72.8777,2025-01-26 11:21:48.995285,7.523411749331543,16.17662965110138,456.78798414685417
Mumbai,19.076,72.8777,2025-01-27 11:21:48.995285,7.4355322686545415,13.188951158527738,426.1358736888764
Mumbai,19.076,72.8777,2025-01-28 11:21:48.995285,7.1281264661058685,12.074488692302234,413.06501061288304
Mumbai,19.076,72.8777,2025-01-29 11:21:48.995285,7.530974641582263,44.34466864604963,462.8433976254801
Mumbai,19.076,72.8777,2025-01-30 11:21:48.995285,6.708991649015588,14.658195306456287,462.52697425790876
Mumbai,19.076,72.8777,2025-01-31 11:21:48.995285,7.011426144083321,15.072607112229099,1383.5095258670729
Mumbai,19.076,72.8777,2025-02-01 11:21:48.995285,6.313315554403199,16.409366576634188,480.0840295033292
Mumbai,19.076,72.8777,2025-02-02 11:21:48.995285,7.239072829394171,16.726908129702167,455.8452574528881
Mumbai,19.076,72.8777,2025-02-03 11:21:48.995285,6.883071337101648,14.714985242494732,448.8692241617118
Mumbai,19.076,72.8777,2025-02-04 11:21:48.995285,8.075971128786994,12.73738479841202,462.56909923349974
Mumbai,19.076,72.8777,2025-02-05 11:21:48.995285,7.2234736504361265,13.303923359679235,472.2484904567426
Mumbai,19.076,72.8777,2025-02-06 11:21:48.995285,7.527744333914651,13.587824833744282,461.56021002885655
Mumbai,19.076,72.8777,2025-02-07 11:21:48.995285,7.46112613668116,14.56532725914209,448.6852799074124
Mumbai,19.076,72.8777,2025-02-08 11:21:48.995285,7.168940092117877,13.799565015664555,467.65251597242974
Mumbai,19.076,72.8777,2025-02-09 11:21:48.995285,7.596834976800701,14.360797556364936,450.42629892597853
Mumbai,19.076,72.8777,2025-02-10 11:21:48.995285,7.213228617693857,15.018110284395252,438.9465719656553
Mumbai,19.076,72.8777,2025-02-11 11:21:48.995285,7.390235244693458,13.60308929038472,451.32181241164943
Mumbai,19.076,72.8777,2025-02-12 11:21:48.995285,8.143198660971736,15.550521137481683,442.6834485967398
Mumbai,19.076,72.8777,2025-02-13 11:21:48.995285,7.276905646841623,18.577660601440304,447.50672797178663
Mumbai,19.076,72.8777,2025-02-14 11:21:48.995285,6.988884650760098,14.603296391458839,432.44557779119936
Mumbai,19.076,72.8777,2025-02-15 11:21:48.995285,6.91687342850292,13.586333511773976,469.47694035442066
Mumbai,19.076,72.8777,2025-02-16 11:21:48.995285,7.166772086727671,15.574471870428107,453.8875629489992
Mumbai,19.076,72.8777,2025-02-17 11:21:48.995285,7.2468731406958,13.38091659167755,463.9214417143745
Mumbai,19.076,72.8777,2025-02-18 11:21:48.995285,7.223660179110101,14.68497700442673,459.4416536610586
Mumbai,19.076,72.8777,2025-02-19 11:21:48.995285,6.567202023358696,13.629733891338697,431.82308201517696
Mumbai,19.076,72.8777,2025-02-20 11:21:48.995285,6.294577950982339,12.852481666082745,476.3853395937382
Mumbai,19.076,72.8777,2025-02-21 11:21:48.995285,6.812511396273241,13.239088984927399,445.45883720688073
Mumbai,19.076,72.8777,2025-02-22 11:21:48.995285,7.223483791792728,13.677220934669814,442.76573588965323
Mumbai,19.076,72.8777,2025-02-23 11:21:48.995285,7.225275799281084,12.91651724864906,454.2892293479538
Mumbai,19.076,72.8777,2025-02-24 11:21:48.995285,7.381813388754426,17.557210907958765,454.6763843707659
Mumbai,19.076,72.8777,2025-02-25 11:21:48.995285,7.345201237626617,15.860478952471418,501.99078881878415
Mumbai,19.076,72.8777,2025-02-26 11:21:48.995285,7.0001904127586085,16.878023199360445,461.87379263208675
Mumbai,19.076,72.8777,2025-02-27 11:21:48.995285,6.791728537310126,12.272926604205042,440.1846420771542
Mumbai,19.076,72.8777,2025-02-28 11:21:48.995285,7.4084250349755765,14.395412628015839,487.79409026283884
Mumbai,19.076,72.8777,2025-03-01 11:21:48.995285,7.290446361886523,15.813889528836983,417.151838847496
Mumbai,19.076,72.8777,2025-03-02 11:21:48.995285,6.762716182305201,18.271703023595585,440.02267875581487
Mumbai,19.076,72.8777,2025-03-03 11:21:48.995285,7.449910044906659,13.450146551847732,438.4422735155754
Mumbai,19.076,72.8777,2025-03-04 11:21:48.995285,7.58281459584308,12.370780124066945,449.34825754027753
Mumbai,19.076,72.8777,2025-03-05 11:21:48.995285,7.515786746039831,15.310991608942937,456.221355072847
Mumbai,19.076,72.8777,2025-03-06 11:21:48.995285,7.5857884909014,13.567133276863913,457.859728942972
Mumbai,19.076,72.8777,2025-03-07 11:21:48.995285,6.899756686389925,54.92908098364502,457.32446403781444
Mumbai,19.076,72.8777,2025-03-08 11:21:48.995285,7.540719564173511,15.964080517890086,461.398612697942
Mumbai,19.076,72.8777,2025-03-09 11:21:48.995285,7.136863708431286,14.28922903238664,447.4017020392984
Mumbai,19.076,72.8777,2025-03-10 11:21:48.995285,8.017928503783526,14.274132935274839,474.18860337463974
Mumbai,19.076,72.8777,2025-03-11 11:21:48.995285,7.557651036876489,14.564117185286484,415.93468209627224
Mumbai,19.076,72.8777,2025-03-12 11:21:48.995285,7.371759919900439,11.144228414269914,396.88977382490975
Mumbai,19.076,72.8777,2025-03-13 11:21:48.995285,7.886503420948849,14.85234915023385,462.49890010693724
Mumbai,19.076,72.8777,2025-03-14 11:21:48.995285,6.997481745101325,13.767840130786626,440.7939173943131
Mumbai,19.076,72.8777,2025-03-15 11:21:48.995285,7.420274358176118,15.979318371365288,481.4847101928255
Mumbai,19.076,72.8777,2025-03-16 11:21:48.995285,8.094233005117289,12.88915117474835,467.697023494123
Mumbai,19.076,72.8777,2025-03-17 11:21:48.995285,7.525275530803418,16.018680056922257,458.31247864716903
Mumbai,19.076,72.8777,2025-03-18 11:21:48.995285,7.26057728437604,15.707411984128417,436.47952986183344
Mumbai,19.076,72.8777,2025-03-19 11:21:48.995285,7.092074119756814,14.90736941387574,459.3959329533834
Mumbai,19.076,72.8777,2025-03-20 11:21:48.995285,6.812690748159371,17.06042376677887,437.60205871758467
Mumbai,19.076,72.8777,2025-03-21 11:21:48.995285,7.084177962047907,10.747302762256636,1339.081727398012
Mumbai,19.076,72.8777,2025-03-22 11:21:48.995285,6.872468160197766,15.366959231948277,438.26612270226684
Mumbai,19.076,72.8777,2025-03-23 11:21:48.995285,7.107916437670828,14.350793082704962,449.5858080469777
Mumbai,19.076,72.8777,2025-03-24 11:21:48.995285,7.1559236476679295,14.25191888193711,438.98268716257036
Mumbai,19.076,72.8777,2025-03-25 11:21:48.995285,7.595499619252154,12.394913763470932,463.59901171021494
Mumbai,19.076,72.8777,2025-03-26 11:21:48.995285,7.036553803358506,11.476397551468557,452.2109211245716
Mumbai,19.076,72.8777,2025-03-27 11:21:48.995285,6.961347700572619,16.056251137156902,432.53240503609504
Mumbai,19.076,72.8777,2025-03-28 11:21:48.995285,7.55489394946283,15.802474004111424,1299.9425060341673
Mumbai,19.076,72.8777,2025-03-29 11:21:48.995285,7.478678451905762,17.776864659890922,416.39575026499443
Mumbai,19.076,72.8777,2025-03-30 11:21:48.995285,7.10262048846959,18.057579137126194,402.27206228765465
Mumbai,19.076,72.8777,2025-03-31 11:21:48.995285,7.440361044191263,10.986416927585031,459.48249482020395
Mumbai,19.076,72.8777,2025-04-01 11:21:48.995285,7.095187872968644,13.723194543212236,433.20087417736977
Mumbai,19.076,72.8777,2025-04-02 11:21:48.995285,7.114726015264264,14.482373662851339,415.4623194980107
Mumbai,19.076,72.8777,2025-04-03 11:21:48.995285,7.8215475621428645,15.852321798749296,448.1712631400805
Mumbai,19.076,72.8777,2025-04-04 11:21:48.995285,7.144868392046159,16.728097497841183,424.31503810424135
Mumbai,19.076,72.8777,2025-04-05 11:21:48.995285,7.037663112593292,11.76126118217083,436.80838799469035
Mumbai,19.076,72.8777,2025-04-06 11:21:48.995285,7.20715210600386,12.681342786395053,411.78920526009426
Mumbai,19.076,72.8777,2025-04-07 11:21:48.995285,6.413858542721579,16.44778832048208,450.04272863938627
Mumbai,19.076,72.8777,2025-04-08 11:21:48.995285,7.132819490628352,10.301605754152506,438.238979159643
Mumbai,19.076,72.8777,2025-04-09 11:21:48.995285,7.3018933764361105,11.43535751894662,445.878544375083
Mumbai,19.076,72.8777,2025-04-10 11:21:48.995285,7.992554481749813,14.403476661737583,426.72570600867044
Mumbai,19.076,72.8777,2025-04-11 11:21:48.995285,7.236951885785452,17.575064273095162,439.60659776872893
Mumbai,19.076,72.8777,2025-04-12 11:21:48.995285,7.375166641884801,10.049776088457527,404.9313106738873
Mumbai,19.076,72.8777,2025-04-13 11:21:48.995285,7.33857262254632,13.459460680042719,478.8934287315867
Mumbai,19.076,72.8777,2025-04-14 11:21:48.995285,8.107441084206805,14.384582141079026,441.05288206721156
Mumbai,19.076,72.8777,2025-04-15 11:21:48.995285,7.601080309759176,16.14992794774683,466.25260552673166
Mumbai,19.076,72.8777,2025-04-16 11:21:48.995285,6.619600728584037,14.037270026103867,426.11605621421444
Mumbai,19.076,72.8777,2025-04-17 11:21:48.995285,7.6916633775239065,9.393113638335866,409.7668976530327
Mumbai,19.076,72.8777,2025-04-18 11:21:48.995285,6.8220293034883595,10.436288429391999,420.2503356477065
Mumbai,19.076,72.8777,2025-04-19 11:21:48.995285,6.938547220131221,15.682979713541677,428.5129091021199
Mumbai,19.076,72.8777,2025-04-20 11:21:48.995285,6.6801047160494065,13.749386753598209,426.357027726359
Mumbai,19.076,72.8777,2025-04-21 11:21:48.995285,7.928933721204823,10.54629173222771,465.2107088765745
Mumbai,19.076,72.8777,2025-04-22 11:21:48.995285,7.674537147582244,13.713195649606725,410.14745507819316
Mumbai,19.076,72.8777,2025-04-23 11:21:48.995285,7.692264627951312,13.267968347868079,414.44105930576336
Mumbai,19.076,72.8777,2025-04-24 11:21:48.995285,7.61435508497178,22.774139953362436,440.063199762373
Mumbai,19.076,72.8777,2025-04-25 11:21:48.995285,7.4762968375116765,8.307306978260325,393.32880504375714
Mumbai,19.076,72.8777,2025-04-26 11:21:48.995285,7.072123305443727,13.05291793105047,423.50352610845835
Mumbai,19.076,72.8777,2025-04-27 11:21:48.995285,7.282419395869963,16.42665150640915,426.39238405018375
Mumbai,19.076,72.8777,2025-04-28 11:21:48.995285,6.993462986622309,12.80704627863011,431.4623294772512
Mumbai,19.076,72.8777,2025-04-29 11:21:48.995285,6.859465889914942,7.30373897216327,429.00340640658845
Mumbai,19.076,72.8777,2025-04-30 11:21:48.995285,6.943807193580081,8.900160368960334,461.0047641866928
Mumbai,19.076,72.8777,2025-05-01 11:21:48.995285,8.14166891462966,13.298302346749736,402.7725473866265
Mumbai,19.076,72.8777,2025-05-02 11:21:48.995285,7.047079336668052,13.437506764852182,406.7924578282914
Mumbai,19.076,72.8777,2025-05-03 11:21:48.995285,7.600310510171237,11.500105098561773,431.0744048754697
Mumbai,19.076,72.8777,2025-05-04 11:21:48.995285,8.030867905820909,10.840789354028491,422.61336184146484
Mumbai,19.076,72.8777,2025-05-05 11:21:48.995285,7.512282298361764,13.315818597864299,424.3051770666472
Mumbai,19.076,72.8777,2025-05-06 11:21:48.995285,6.884792384329624,13.85678870252353,388.3673854541442
Mumbai,19.076,72.8777,2025-05-07 11:21:48.995285,6.905355884358271,12.953458623500307,459.2769241093484
Mumbai,19.076,72.8777,2025-05-08 11:21:48.995285,7.247541150851115,9.575741617654828,423.8661627292748
Mumbai,19.076,72.8777,2025-05-09 11:21:48.995285,8.10271141039501,13.19964117894385,382.369669968094
Mumbai,19.076,72.8777,2025-05-10 11:21:48.995285,7.769417065827342,10.612300409991136,425.4093815381827
Mumbai,19.076,72.8777,2025-05-11 11:21:48.995285,7.414660003594587,10.031967911300638,390.28394442478765
Mumbai,19.076,72.8777,2025-05-12 11:21:48.995285,7.118330096896501,9.87018632444086,430.09789920859293
Mumbai,19.076,72.8777,2025-05-13 11:21:48.995285,7.351777856922588,11.109754462552358,384.36416094522
Mumbai,19.076,72.8777,2025-05-14 11:21:48.995285,7.275697875692164,12.12399258025766,429.95469986605406
Mumbai,19.076,72.8777,2025-05-15 11:21:48.995285,7.273163255925508,6.857560050345839,384.5727306857574
Mumbai,19.076,72.8777,2025-05-16 11:21:48.995285,6.849837095032842,9.3525311103908,388.6538404753157
Mumbai,19.076,72.8777,2025-05-17 11:21:48.995285,6.842322400885718,9.807232859817105,410.0434691326544
Mumbai,19.076,72.8777,2025-05-18 11:21:48.995285,7.33152282973673,12.716484488170785,394.20425869914766
Mumbai,19.076,72.8777,2025-05-19 11:21:48.995285,6.7361397300658155,8.824882063311213,394.49440222878076
Mumbai,19.076,72.8777,2025-05-20 11:21:48.995285,6.949955641273002,9.810719375217793,374.13030499904517
Mumbai,19.076,72.8777,2025-05-21 11:21:48.995285,7.211857755247368,12.00620458292113,397.27418052688756
Mumbai,19.076,72.8777,2025-05-22 11:21:48.995285,7.332317647519641,10.380267940760534,420.6876069614531
Mumbai,19.076,72.8777,2025-05-23 11:21:48.995285,7.646299695844135,13.281353650366741,439.71853248919894
Mumbai,19.076,72.8777,2025-05-24 11:21:48.995285,6.698780082616708,9.828772746253723,417.8421081834085
Mumbai,19.076,72.8777,2025-05-25 11:21:48.995285,6.699999834847233,13.808984546205743,414.12626258560135
Mumbai,19.076,72.8777,2025-05-26 11:21:48.995285,7.722525925211648,14.082328850952454,365.7995606279403
Mumbai,19.076,72.8777,2025-05-27 11:21:48.995285,7.870596146701104,10.786996351295333,398.13403968954515
Mumbai,19.076,72.8777,2025-05-28 11:21:48.995285,6.782365831034148,10.621439060146917,384.81655564614715
Mumbai,19.076,72.8777,2025-05-29 11:21:48.995285,6.861910594769411,10.81698533960858,366.77540230525034
Mumbai,19.076,72.8777,2025-05-30 11:21:48.995285,7.4182244660347765,11.246256122047395,370.6885261252777
Mumbai,19.076,72.8777,2025-05-31 11:21:48.995285,7.219489378144768,9.774742440694094,408.63276969549054
Mumbai,19.076,72.8777,2025-06-01 11:21:48.995285,7.222605007397017,11.779182506844682,383.27022841456005
Mumbai,19.076,72.8777,2025-06-02 11:21:48.995285,6.887745991873992,10.357036469559345,364.0619278033829
Mumbai,19.076,72.8777,2025-06-03 11:21:48.995285,7.487878219938497,12.043215926180695,379.984041938533
Mumbai,19.076,72.8777,2025-06-04 11:21:48.995285,7.105134868279334,6.280425153630802,397.6489741990821
Mumbai,19.076,72.8777,2025-06-05 11:21:48.995285,7.091979958572516,9.53369226724571,377.52664593475333
Mumbai,19.076,72.8777,2025-06-06 11:21:48.995285,6.74750454611494,11.047529145865997,365.96448933720484
Mumbai,19.076,72.8777,2025-06-07 11:21:48.995285,7.516536679558402,6.64934436168226,370.91985139719026
Mumbai,19.076,72.8777,2025-06-08 11:21:48.995285,7.055453878485976,9.709607919099742,406.1739220442408
Mumbai,19.076,72.8777,2025-06-09 11:21:48.995285,7.1819393540465795,9.982142558343151,346.09178840495167
Mumbai,19.076,72.8777,2025-06-10 11:21:48.995285,7.675918706708526,12.137457142466952,381.45617517023766
Mumbai,19.076,72.8777,2025-06-11 11:21:48.995285,6.781263618826133,7.919733848015676,383.68546358064435
Mumbai,19.076,72.8777,2025-06-12 11:21:48.995285,7.165329149850593,8.938717092787,370.0466269304711
Mumbai,19.076,72.8777,2025-06-13 11:21:48.995285,6.576739205454674,7.322828710666446,365.181877376766
Mumbai,19.076,72.8777,2025-06-14 11:21:48.995285,6.990543512797184,8.071320392792378,403.1981570927979
Mumbai,19.076,72.8777,2025-06-15 11:21:48.995285,7.715287297526736,11.510849041297652,402.3196166615051
Mumbai,19.076,72.8777,2025-06-16 11:21:48.995285,6.583439826878269,8.133015329440417,384.020697505998
Mumbai,19.076,72.8777,2025-06-17 11:21:48.995285,7.294272458707912,6.692994287050484,370.2471889722352
Mumbai,19.076,72.8777,2025-06-18 11:21:48.995285,7.841416693377885,7.666590976310646,382.57292833810016
Mumbai,19.076,72.8777,2025-06-19 11:21:48.995285,7.419501246265378,6.915374529673304,387.6198753063783
Mumbai,19.076,72.8777,2025-06-20 11:21:48.995285,6.966478663782512,6.992251550758751,376.5125919415056
Mumbai,19.076,72.8777,2025-06-21 11:21:48.995285,6.755306988190389,6.7196315143832885,386.60112752206703
Mumbai,19.076,72.8777,2025-06-22 11:21:48.995285,6.428155389117009,6.720557549173197,370.1321760085173
Mumbai,19.076,72.8777,2025-06-23 11:21:48.995285,7.824930777178235,5.270641160890629,313.4159113583498
Mumbai,19.076,72.8777,2025-06-24 11:21:48.995285,7.031647003801992,7.707089377419842,371.81796738118703
Mumbai,19.076,72.8777,2025-06-25 11:21:48.995285,6.479207567504677,5.53657449684045,388.6366246940976
Mumbai,19.076,72.8777,2025-06-26 11:21:48.995285,6.791534010642908,9.702483238631121,374.8100581275754
Mumbai,19.076,72.8777,2025-06-27 11:21:48.995285,6.768761478252395,6.722368671963995,380.3368717923593
Mumbai,19.076,72.8777,2025-06-28 11:21:48.995285,7.0019543829460344,8.09095853390114,367.3113592462625
Mumbai,19.076,72.8777,2025-06-29 11:21:48.995285,8.155342246607471,8.023365537863757,368.1608213484749
Mumbai,19.076,72.8777,2025-06-30 11:21:48.995285,7.569175917264627,3.4583475519548235,374.72818128963866
Mumbai,19.076,72.8777,2025-07-01 11:21:48.995285,7.393722832326002,6.528078876219384,409.48187151866136
Mumbai,19.076,72.8777,2025-07-02 11:21:48.995285,7.67898861960419,10.428746771823223,386.7644369065071
Mumbai,19.076,72.8777,2025-07-03 11:21:48.995285,7.933544635366442,5.37182443189222,383.4352673829342
Mumbai,19.076,72.8777,2025-07-04 11:21:48.995285,7.411252171098804,11.399127982596843,372.6579755072313
Mumbai,19.076,72.8777,2025-07-05 11:21:48.995285,7.776478982251546,7.878328386843402,341.2628641558718
Mumbai,19.076,72.8777,2025-07-06 11:21:48.995285,6.943695087849498,7.758105403233062,391.7550732585416
Mumbai,19.076,72.8777,2025-07-07 11:21:48.995285,6.854907464933977,7.138408833893071,384.74191802490907
Mumbai,19.076,72.8777,2025-07-08 11:21:48.995285,6.787360751351386,8.688256888963506,373.2798344200169
Mumbai,19.076,72.8777,2025-07-09 11:21:48.995285,7.317579373683773,8.736479134290327,364.45900471234967
Mumbai,19.076,72.8777,2025-07-10 11:21:48.995285,6.148049046320649,6.434904838399418,375.6391392570916
Mumbai,19.076,72.8777,2025-07-11 11:21:48.995285,7.729881238124275,5.550961347738014,359.4941086974976
Mumbai,19.076,72.8777,2025-07-12 11:21:48.995285,7.002532877902361,3.5025810263074644,378.0810322047208
Mumbai,19.076,72.8777,2025-07-13 11:21:48.995285,7.530515475199078,7.921396795768278,346.18087424007075
Mumbai,19.076,72.8777,2025-07-14 11:21:48.995285,6.643276670072916,6.368045210662939,324.165614594579
Mumbai,19.076,72.8777,2025-07-15 11:21:48.995285,7.644498965018729,4.49296602023518,337.78207302827747
Mumbai,19.076,72.8777,2025-07-16 11:21:48.995285,7.753140828058328,4.964666906633117,364.07623924565496
Mumbai,19.076,72.8777,2025-07-17 11:21:48.995285,7.241164341828438,5.935000014534059,354.6827291324053
Mumbai,19.076,72.8777,2025-07-18 11:21:48.995285,7.411110805059278,4.056187917260973,357.23602644779197
Mumbai,19.076,72.8777,2025-07-19 11:21:48.995285,6.78950626022349,6.06476410806972,333.7543694538798
Mumbai,19.076,72.8777,2025-07-20 11:21:48.995285,7.218219542047199,2.677106775005093,365.2118177476567
Mumbai,19.076,72.8777,2025-07-21 11:21:48.995285,7.588914790036795,4.80340083461365,337.9502340322502
Mumbai,19.076,72.8777,2025-07-22 11:21:48.995285,7.078797438664795,3.4966173100576285,368.13524644691284
Mumbai,19.076,72.8777,2025-07-23 11:21:48.995285,7.810551391611581,6.17446558898649,329.4423246807105
Mumbai,19.076,72.8777,2025-07-24 11:21:48.995285,6.486720111328461,3.7727151014415496,340.5091726674319
Mumbai,19.076,72.8777,2025-07-25 11:21:48.995285,7.068539364752078,4.566279543778329,337.37958004653325
Mumbai,19.076,72.8777,2025-07-26 11:21:48.995285,6.431528069340948,10.161044029766652,367.8906281638339
Mumbai,19.076,72.8777,2025-07-27 11:21:48.995285,7.326465045102817,7.329936649940047,346.76168883263904
Mumbai,19.076,72.8777,2025-07-28 11:21:48.995285,7.114790692545578,6.760984066192507,364.0910123413984
Mumbai,19.076,72.8777,2025-07-29 11:21:48.995285,7.129651270048251,8.11596299635762,378.0165045055494
Mumbai,19.076,72.8777,2025-07-30 11:21:48.995285,7.496000889935602,6.508162025690638,390.4324980832209
Mumbai,19.076,72.8777,2025-07-31 11:21:48.995285,7.086498035876458,2.6383608022863125,359.09294863808384
Mumbai,19.076,72.8777,2025-08-01 11:21:48.995285,8.322679983264141,2.7790877782532246,332.0819080107379
Mumbai,19.076,72.8777,2025-08-02 11:21:48.995285,7.523411006100614,0.0,378.8100367542705
Mumbai,19.076,72.8777,2025-08-03 11:21:48.995285,7.212018272619235,5.750264768600947,383.6909122183235
Mumbai,19.076,72.8777,2025-08-04 11:21:48.995285,6.930116050487037,3.195288372490419,351.9590744498653
Mumbai,19.076,72.8777,2025-08-05 11:21:48.995285,6.83571208436892,4.14535138724609,379.23469536009856
Mumbai,19.076,72.8777,2025-08-06 11:21:48.995285,7.374811315064543,4.618445011978063,359.247890755245
Mumbai,19.076,72.8777,2025-08-07 11:21:48.995285,6.989384371717491,4.014612028863965,319.13229405337563
Mumbai,19.076,72.8777,2025-08-08 11:21:48.995285,7.596353739977572,5.137418315215488,339.44407454185256
Mumbai,19.076,72.8777,2025-08-09 11:21:48.995285,7.167088399958242,4.616690822481882,341.7231654557762
Mumbai,19.076,72.8777,2025-08-10 11:21:48.995285,7.168433553527383,4.395106307854775,344.3294600474479
Mumbai,19.076,72.8777,2025-08-11 11:21:48.995285,7.2458602029476875,2.0433921761864373,332.7249426947027
Mumbai,19.076,72.8777,2025-08-12 11:21:48.995285,7.139192077334762,5.603371998173342,331.905701437961
Mumbai,19.076,72.8777,2025-08-13 11:21:48.995285,7.310857615132013,9.453664547343788,377.9379949384003
Mumbai,19.076,72.8777,2025-08-14 11:21:48.995285,8.027805186847033,5.637957273480312,316.120036909302
Mumbai,19.076,72.8777,2025-08-15 11:21:48.995285,7.416327735202945,9.608347391319116,1008.6661238562033
Mumbai,19.076,72.8777,2025-08-16 11:21:48.995285,7.36933689403058,3.919982068049423,362.9871009841507
Mumbai,19.076,72.8777,2025-08-17 11:21:48.995285,7.514802927332412,4.538879240262455,339.29463979490475
Mumbai,19.076,72.8777,2025-08-18 11:21:48.995285,7.156596241911296,4.9939952867855295,358.3439287271599
Mumbai,19.076,72.8777,2025-08-19 11:21:48.995285,6.814538970480795,4.684885011498955,342.2170345706862
Mumbai,19.076,72.8777,2025-08-20 11:21:48.995285,5.992366776611183,7.346566899758631,358.9157634528161
Mumbai,19.076,72.8777,2025-08-21 11:21:48.995285,6.379668779601399,0.6287513296948308,329.34506063847624
Mumbai,19.076,72.8777,2025-08-22 11:21:48.995285,7.499177301297827,4.096207156992171,312.8853286909763
Mumbai,19.076,72.8777,2025-08-23 11:21:48.995285,7.347519705823735,8.329016387940756,342.0008419556057
Mumbai,19.076,72.8777,2025-08-24 11:21:48.995285,7.140805420518247,4.007137007949433,314.24063695876947
Mumbai,19.076,72.8777,2025-08-25 11:21:48.995285,8.144915136915738,6.857216108187979,348.663118945181
Mumbai,19.076,72.8777,2025-08-26 11:21:48.995285,7.18629635824086,6.209390809659122,327.27752664280814
Mumbai,19.076,72.8777,2025-08-27 11:21:48.995285,6.255295955592619,4.858566653332415,327.54350243468923
Mumbai,19.076,72.8777,2025-08-28 11:21:48.995285,7.500197760634471,5.641018779855991,379.5188540583773
Mumbai,19.076,72.8777,2025-08-29 11:21:48.995285,7.664379357893271,4.842389128880809,355.60811483854684
Mumbai,19.076,72.8777,2025-08-30 11:21:48.995285,7.488033893534143,0.7677495366096645,319.4796507126622
Mumbai,19.076,72.8777,2025-08-31 11:21:48.995285,7.67029034829885,5.94885558309496,349.32295824736633
Mumbai,19.076,72.8777,2025-09-01 11:21:48.995285,6.495647992609808,3.806694585455962,347.5298552303519
Mumbai,19.076,72.8777,2025-09-02 11:21:48.995285,7.23787491986076,2.296729321644673,309.1340155526749
Mumbai,19.076,72.8777,2025-09-03 11:21:48.995285,6.867989618802579,5.837252019958585,357.5855631142508
Mumbai,19.076,72.8777,2025-09-04 11:21:48.995285,7.409239235502671,5.71959196750553,369.83275152515256
Mumbai,19.076,72.8777,2025-09-05 11:21:48.995285,7.808125391217703,7.056271138830986,342.47772746668636
Mumbai,19.076,72.8777,2025-09-06 11:21:48.995285,7.05274869131084,13.765087256460147,345.2663254890752
Mumbai,19.076,72.8777,2025-09-07 11:21:48.995285,7.460641408297377,6.847009216423724,340.15093781312237
Mumbai,19.076,72.8777,2025-09-08 11:21:48.995285,6.849414706790627,5.19209726599812,359.2058863502811
Mumbai,19.076,72.8777,2025-09-09 11:21:48.995285,7.192993793470208,5.861824734895539,346.72375021152465
Mumbai,19.076,72.8777,2025-09-10 11:21:48.995285,6.9943166297512995,6.049854710133045,347.7510058739533
Mumbai,19.076,72.8777,2025-09-11 11:21:48.995285,7.920400356798594,2.557546530836608,335.9998877195136
Mumbai,19.076,72.8777,2025-09-12 11:21:48.995285,6.768072755622454,5.998884525338589,393.2738619764549
Mumbai,19.076,72.8777,2025-09-13 11:21:48.995285,7.235294637662532,5.479828350769971,347.5279541285482
Mumbai,19.076,72.8777,2025-09-14 11:21:48.995285,7.747724959299934,4.758412598626609,367.01890744592185
Mumbai,19.076,72.8777,2025-09-15 11:21:48.995285,6.422015819839958,5.55948611540869,358.61744405792075
Mumbai,19.076,72.8777,2025-09-16 11:21:48.995285,7.372500279692036,10.461453894966855,302.4301988193678
Mumbai,19.076,72.8777,2025-09-17 11:21:48.995285,7.244444985599366,1.5562647045928002,346.53743954711706
Mumbai,19.076,72.8777,2025-09-18 11:21:48.995285,6.927527876309367,5.1662609003268,993.7022919983613
Mumbai,19.076,72.8777,2025-09-19 11:21:48.995285,7.686442275318382,7.088627018528045,374.18401075753536
Mumbai,19.076,72.8777,2025-09-20 11:21:48.995285,7.886384937002405,3.009686566168533,329.69084840343635
Mumbai,19.076,72.8777,2025-09-21 11:21:48.995285,7.463194453912956,6.28218920865759,365.29733599092805
Mumbai,19.076,72.8777,2025-09-22 11:21:48.995285,7.0812922198788355,6.184310152095451,375.7264709999554
Mumbai,19.076,72.8777,2025-09-23 11:21:48.995285,6.621229105263821,2.4424904432448296,361.813561094239
Mumbai,19.076,72.8777,2025-09-24 11:21:48.995285,7.271993274595807,4.4940934276953834,356.70272093767585
Mumbai,19.076,72.8777,2025-09-25 11:21:48.995285,7.138539372867156,9.273015446330652,349.14359515183037
Mumbai,19.076,72.8777,2025-09-26 11:21:48.995285,7.162820617748611,2.5695720531895656,355.03911303788976
Mumbai,19.076,72.8777,2025-09-27 11:21:48.995285,7.001245427427117,4.919041821363734,331.16710797387077
Mumbai,19.076,72.8777,2025-09-28 11:21:48.995285,6.966068924594678,5.513816898515069,361.99899856849146
Mumbai,19.076,72.8777,2025-09-29 11:21:48.995285,7.211624868168942,5.90111353710109,379.9559291903247
Mumbai,19.076,72.8777,2025-09-30 11:21:48.995285,6.707483674597719,5.116267747732445,341.9752534105739
Mumbai,19.076,72.8777,2025-10-01 11:21:48.995285,7.614564738279632,6.157784233566742,360.2996388252128
Mumbai,19.076,72.8777,2025-10-02 11:21:48.995285,6.894677081146731,5.974109038540263,358.38346216902903
Mumbai,19.076,72.8777,2025-10-03 11:21:48.995285,7.244815117533947,7.51900582136051,367.23809485761046
Mumbai,19.076,72.8777,2025-10-04 11:21:48.995285,7.070285722679801,7.84199739556721,350.8006378070456
Mumbai,19.076,72.8777,2025-10-05 11:21:48.995285,7.460079953873997,7.087511956934622,331.91378301211205
Mumbai,19.076,72.8777,2025-10-06 11:21:48.995285,7.438174557523698,6.738530953817667,340.24666142346126
Mumbai,19.076,72.8777,2025-10-07 11:21:48.995285,7.4028151558542,3.1959063521319457,316.8614131255057
Mumbai,19.076,72.8777,2025-10-08 11:21:48.995285,6.732443114567361,6.613335970922835,379.33896636589293
Mumbai,19.076,72.8777,2025-10-09 11:21:48.995285,7.123017267760699,8.669700800877214,372.37031591409067
Mumbai,19.076,72.8777,2025-10-10 11:21:48.995285,7.8409038712869155,3.281113888965178,364.7363634774047
Mumbai,19.076,72.8777,2025-10-11 11:21:48.995285,7.06324557792062,11.791142212425783,351.70607622593207
Mumbai,19.076,72.8777,2025-10-12 11:21:48.995285,7.6197124903105244,9.611628736035948,363.03647051377624
Mumbai,19.076,72.8777,2025-10-13 11:21:48.995285,7.195943410056069,3.6960801976936803,366.3482107295894
Mumbai,19.076,72.8777,2025-10-14 11:21:48.995285,7.0760945436935945,6.551374471245463,357.143164050537
Mumbai,19.076,72.8777,2025-10-15 11:21:48.995285,7.274624236445835,5.719556942414008,358.5644956329754
Mumbai,19.076,72.8777,2025-10-16 11:21:48.995285,6.867118131275716,9.753200693699034,395.0874511007884
Mumbai,19.076,72.8777,2025-10-17 11:21:48.995285,7.559949511044718,7.563427929115871,344.55982123195815
Mumbai,19.076,72.8777,2025-10-18 11:21:48.995285,6.858431086630428,8.608858634834048,390.12101668038537
Mumbai,19.076,72.8777,2025-10-19 11:21:48.995285,7.421464788562155,7.207373342214894,338.6574300577343
Mumbai,19.076,72.8777,2025-10-20 11:21:48.995285,7.631443546526089,11.156942253457355,403.82045650354917
Mumbai,19.076,72.8777,2025-10-21 11:21:48.995285,7.370292172518021,5.7498935704034695,324.58624219836094
Mumbai,19.076,72.8777,2025-10-22 11:21:48.995285,6.972393309729706,7.997094845155464,382.4075169327409
Mumbai,19.076,72.8777,2025-10-23 11:21:48.995285,7.274282649954882,9.897068398335923,360.65528717084806
Mumbai,19.076,72.8777,2025-10-24 11:21:48.995285,6.906313420340888,10.42428316808492,371.22600930917406
Mumbai,19.076,72.8777,2025-10-25 11:21:48.995285,7.115467635972138,6.99515740504735,372.60693403369277
Mumbai,19.076,72.8777,2025-10-26 11:21:48.995285,6.990686686375493,10.668468088967728,388.175666186292
Mumbai,19.076,72.8777,2025-10-27 11:21:48.995285,6.895501178967091,6.914019844255523,337.591018556752
Mumbai,19.076,72.8777,2025-10-28 11:21:48.995285,7.452230049647433,11.246046296423453,376.97266831526304
Mumbai,19.076,72.8777,2025-10-29 11:21:48.995285,7.593576520132756,6.309603829552339,382.0654711351498
Mumbai,19.076,72.8777,2025-10-30 11:21:48.995285,7.621309352919978,8.496428791962398,365.9142661930812
Mumbai,19.076,72.8777,2025-10-31 11:21:48.995285,7.296847187392959,7.378334617454122,377.7044757402903
Mumbai,19.076,72.8777,2025-11-01 11:21:48.995285,7.7876578985510765,7.927174635118702,367.4342798818104
Mumbai,19.076,72.8777,2025-11-02 11:21:48.995285,6.929240625191592,10.775655051468984,392.6092299454542
Mumbai,19.076,72.8777,2025-11-03 11:21:48.995285,7.7140596759705256,8.740579417619246,389.5952441660543
Mumbai,19.076,72.8777,2025-11-04 11:21:48.995285,7.563824487407717,12.396258965038207,387.46351456776637
Mumbai,19.076,72.8777,2025-11-05 11:21:48.995285,7.215932638721638,10.346201789628717,397.1842727301178
Mumbai,19.076,72.8777,2025-11-06 11:21:48.995285,7.28922626139058,8.737872059684975,409.69769336673517
Mumbai,19.076,72.8777,2025-11-07 11:21:48.995285,7.614522324404278,8.36929118469711,365.7457151054672
Mumbai,19.076,72.8777,2025-11-08 11:21:48.995285,7.464747730700017,9.303741040097847,430.84474147615583
Mumbai,19.076,72.8777,2025-11-09 11:21:48.995285,7.304592850748876,6.256874143998054,395.09481159637687
Mumbai,19.076,72.8777,2025-11-10 11:21:48.995285,7.019904780602035,6.6913338658983115,378.0434503723868
Mumbai,19.076,72.8777,2025-11-11 11:21:48.995285,6.830282359483477,10.404415814985214,434.8960122871245
Mumbai,19.076,72.8777,2025-11-12 11:21:48.995285,7.243325889662912,10.813597358050826,381.4436941724144
Mumbai,19.076,72.8777,2025-11-13 11:21:48.995285,6.7422623210490595,6.412902094418396,366.3668951977396
Mumbai,19.076,72.8777,2025-11-14 11:21:48.995285,7.492889321328691,10.862564628968434,381.2388652681897
Mumbai,19.076,72.8777,2025-11-15 11:21:48.995285,6.490274972610514,8.877026831948626,381.127522798883
Mumbai,19.076,72.8777,2025-11-16 11:21:48.995285,7.322795292161985,7.651147044430579,414.83480376394203
Mumbai,19.076,72.8777,2025-11-17 11:21:48.995285,7.08927058932267,8.769779193402961,391.73382801921304
Mumbai,19.076,72.8777,2025-11-18 11:21:48.995285,7.024234445164284,11.26104948092277,396.8466744456081
Mumbai,19.076,72.8777,2025-11-19 11:21:48.995285,7.089385339750105,10.787744899494646,396.97348008412337
Mumbai,19.076,72.8777,2025-11-20 11:21:48.995285,6.047092187466999,10.250615906550845,419.88246238791453
Mumbai,19.076,72.8777,2025-11-21 11:21:48.995285,7.02324119470612,10.498871999808566,390.9675780247742
Mumbai,19.076,72.8777,2025-11-22 11:21:48.995285,6.852923610317616,7.546066635228699,394.1784108185098
Mumbai,19.076,72.8777,2025-11-23 11:21:48.995285,6.857994180496165,11.007595700913095,385.36573359334034
Mumbai,19.076,72.8777,2025-11-24 11:21:48.995285,8.448390648282343,9.08551321698794,391.5859226669933
